{"000A":{"r":"3B-NAU","t":"A343"},"000F":{"r":"3B-NAY","t":"A343"},"0014":{"r":"3B-NBD","t":"A343"},"0019":{"r":"3B-NBE","t":"A343"},"0020":{"r":"3B-NBI","t":"A343"},"0021":{"r":"3B-NBJ","t":"A343"},"0026":{"r":"3B-SSD","t":"CL30"},"0027":{"r":"3B-NGT","t":"CL30"},"0029":{"r":"3B-PGF","t":"GLF4"},"002A":{"r":"3B-NBL","t":"A332"},"2217":{"r":"5U-BAG","t":"B732"},"4001":{"r":"5N-FGP","t":"GLF4"},"4004":{"r":"5N-DGN","t":"H25A"},"4013":{"r":"5N-AGZ","t":"H25B"},"4016":{"r":"5N-SAG","t":"D328"},"401C":{"r":"5N-FGS","t":"GLF5"},"4051":{"r":"5N-FGT","t":"B737"},"4063":{"r":"5N-JMB","t":"H25B"},"4078":{"r":"5N-JMA","t":"H25B"},"4085":{"r":"5N-BIZ","t":"B734"},"408C":{"r":"5N-BJA","t":"B737"},"4095":{"r":"5N-MJC","t":"B737"},"4096":{"r":"5N-MJD","t":"B737"},"40A5":{"r":"5N-MJG","t":"B737"},"40A9":{"r":"5N-BLC","t":"B735"},"40AB":{"r":"5N-BLG","t":"B735"},"40AF":{"r":"5N-BKR","t":"B735"},"40B9":{"r":"5N-BLW","t":"LJ45"},"40C2":{"r":"5N-MJN","t":"B738"},"40C3":{"r":"5N-MJO","t":"B738"},"40C4":{"r":"5N-MJJ","t":"B737"},"40C5":{"r":"5N-MJI","t":"B737"},"40C9":{"r":"5N-MJK","t":"B737"},"40D5":{"r":"5N-MJP","t":"B738"},"40D6":{"r":"5N-MJQ","t":"B733"},"40D9":{"r":"5N-BMR","t":"H25B"},"40DA":{"r":"5N-BMP","t":"B350"},"40E4":{"r":"5N-EIA","t":"A332"},"40F1":{"r":"5N-FGV","t":"FA7X"},"40F2":{"r":"5N-FGW","t":"GLF5"},"40FB":{"r":"5N-FNA","t":"A320"},"40FC":{"r":"5N-FNB","t":"A320"},"40FF":{"r":"5N-PZE","t":"GLF4"},"411C":{"r":"5N-IZY","t":"H25B"},"4122":{"r":"5N-BOB","t":"B734"},"414E":{"r":"5N-JIC","t":"A332"},"414F":{"r":"5N-JID","t":"A332"},"4152":{"r":"5N-BQT","t":"J328"},"419A":{"r":"5N-APZ","t":"CL60"},"8037":{"r":"5X-UEF","t":"GLF4"},"804E":{"r":"5X-UGF","t":"GLF5"},"A001":{"r":"A7-HHK","t":"A342"},"A00F":{"r":"A7-AAG","t":"A320"},"A012":{"r":"A7-ABX","t":"A306"},"A013":{"r":"A7-ABY","t":"A306"},"A014":{"r":"A7-HHJ","t":"A319"},"A016":{"r":"A7-ADA","t":"A320"},"A017":{"r":"A7-ADB","t":"A320"},"A018":{"r":"A7-ACA","t":"A332"},"A019":{"r":"A7-ACB","t":"A332"},"A01B":{"r":"A7-ADC","t":"A320"},"A01C":{"r":"A7-HJJ","t":"A332"},"A01D":{"r":"A7-AFB","t":"A306"},"A01E":{"r":"A7-ACC","t":"A332"},"A01F":{"r":"A7-ACD","t":"A332"},"A021":{"r":"A7-HHH","t":"A345"},"A022":{"r":"A7-ADD","t":"A320"},"A023":{"r":"A7-ADE","t":"A320"},"A024":{"r":"A7-ACH","t":"A332"},"A026":{"r":"A7-CJA","t":"A319"},"A027":{"r":"A7-ADF","t":"A320"},"A028":{"r":"A7-ADG","t":"A320"},"A029":{"r":"A7-ADH","t":"A320"},"A02B":{"r":"A7-ADS","t":"A321"},"A02C":{"r":"A7-ACE","t":"A332"},"A02D":{"r":"A7-ADI","t":"A320"},"A02E":{"r":"A7-ADJ","t":"A320"},"A02F":{"r":"A7-ADT","t":"A321"},"A030":{"r":"A7-ACF","t":"A332"},"A031":{"r":"A7-AEA","t":"A333"},"A032":{"r":"A7-AEB","t":"A333"},"A035":{"r":"A7-AFL","t":"A332"},"A036":{"r":"A7-AFM","t":"A332"},"A037":{"r":"A7-AAM","t":"GLEX"},"A038":{"r":"A7-HHM","t":"A332"},"A039":{"r":"A7-CJB","t":"A319"},"A03C":{"r":"A7-AEC","t":"A333"},"A03D":{"r":"A7-AED","t":"A333"},"A03E":{"r":"A7-AEE","t":"A333"},"A03F":{"r":"A7-AFP","t":"A332"},"A040":{"r":"A7-AEF","t":"A333"},"A041":{"r":"A7-AEG","t":"A333"},"A042":{"r":"A7-AEH","t":"A333"},"A043":{"r":"A7-AGA","t":"A346"},"A044":{"r":"A7-AGB","t":"A346"},"A045":{"r":"A7-AGC","t":"A346"},"A046":{"r":"A7-ACG","t":"A332"},"A047":{"r":"A7-ACI","t":"A332"},"A048":{"r":"A7-ACJ","t":"A332"},"A049":{"r":"A7-ACK","t":"A332"},"A04A":{"r":"A7-AEI","t":"A333"},"A04B":{"r":"A7-ACL","t":"A332"},"A04C":{"r":"A7-AEJ","t":"A333"},"A04D":{"r":"A7-AGD","t":"A346"},"A04E":{"r":"A7-ACM","t":"A332"},"A050":{"r":"A7-ADV","t":"A321"},"A051":{"r":"A7-ADU","t":"A320"},"A052":{"r":"A7-BAA","t":"B77W"},"A053":{"r":"A7-BAB","t":"B77W"},"A059":{"r":"A7-MBN","t":"S92"},"A05A":{"r":"A7-AAH","t":"A343"},"A05B":{"r":"A7-AFE","t":"A310"},"A05D":{"r":"A7-AEM","t":"A333"},"A05E":{"r":"A7-ADW","t":"A321"},"A05F":{"r":"A7-ADX","t":"A321"},"A060":{"r":"A7-AEN","t":"A333"},"A061":{"r":"A7-AEO","t":"A333"},"A062":{"r":"A7-BAC","t":"B77W"},"A063":{"r":"A7-BAI","t":"B77W"},"A064":{"r":"A7-BAO","t":"B77W"},"A065":{"r":"A7-ADY","t":"A321"},"A066":{"r":"A7-BBA","t":"B77L"},"A067":{"r":"A7-ADZ","t":"A321"},"A068":{"r":"A7-BBB","t":"B77L"},"A069":{"r":"A7-BAE","t":"B77W"},"A070":{"r":"A7-BAF","t":"B77W"},"A071":{"r":"A7-BAG","t":"B77W"},"A072":{"r":"A7-BAH","t":"B77W"},"A073":{"r":"A7-BBC","t":"B77L"},"A074":{"r":"A7-BBD","t":"B77L"},"A075":{"r":"A7-BBE","t":"B77W"},"A076":{"r":"A7-BBF","t":"B77L"},"A077":{"r":"A7-BAJ","t":"B77W"},"A078":{"r":"A7-BAK","t":"B77W"},"A079":{"r":"A7-BAL","t":"B77W"},"A07A":{"r":"A7-BAM","t":"B77W"},"A07B":{"r":"A7-BAN","t":"B77W"},"A07C":{"r":"A7-BAP","t":"B77W"},"A07D":{"r":"A7-BBG","t":"B77L"},"A07E":{"r":"A7-BBH","t":"B77L"},"A07F":{"r":"A7-BFA","t":"B772"},"A080":{"r":"A7-BFB","t":"B77L"},"A081":{"r":"A7-BFC","t":"B77L"},"A083":{"r":"A7-BAQ","t":"B77W"},"A085":{"r":"A7-CEA","t":"CL60"},"A086":{"r":"A7-CEB","t":"CL60"},"A087":{"r":"A7-AHA","t":"A320"},"A088":{"r":"A7-AHB","t":"A320"},"A089":{"r":"A7-AHC","t":"A320"},"A08A":{"r":"A7-AIA","t":"A321"},"A08B":{"r":"A7-AIB","t":"A321"},"A08C":{"r":"A7-AIC","t":"A321"},"A08D":{"r":"A7-AHD","t":"A320"},"A08E":{"r":"A7-AHE","t":"A320"},"A08F":{"r":"A7-AHF","t":"A320"},"A090":{"r":"A7-AID","t":"A321"},"A091":{"r":"A7-AHG","t":"A320"},"A092":{"r":"A7-AHH","t":"A320"},"A093":{"r":"A7-AHI","t":"A320"},"A094":{"r":"A7-AHJ","t":"A320"},"A095":{"r":"A7-AHL","t":"A320"},"A096":{"r":"A7-AHO","t":"A320"},"A097":{"r":"A7-AHP","t":"A320"},"A098":{"r":"A7-AHQ","t":"A320"},"A099":{"r":"A7-AHR","t":"A320"},"A09A":{"r":"A7-AHS","t":"A320"},"A09B":{"r":"A7-AHT","t":"A320"},"A09C":{"r":"A7-AHU","t":"A320"},"A09E":{"r":"A7-AHW","t":"A320"},"A09F":{"r":"A7-RZC","t":"CL60"},"A0A2":{"r":"A7-HHE","t":"B748"},"A0A3":{"r":"A7-MED","t":"A319"},"A0A4":{"r":"A7-MBK","t":"A320"},"A0A5":{"r":"A7-BCA","t":"B788"},"A0A6":{"r":"A7-BCB","t":"B788"},"A0A7":{"r":"A7-BCC","t":"B788"},"A0A8":{"r":"A7-BCD","t":"B788"},"A0A9":{"r":"A7-BCE","t":"B788"},"A0AA":{"r":"A7-BCF","t":"B788"},"A0AB":{"r":"A7-BCG","t":"B788"},"A0AC":{"r":"A7-BCH","t":"B788"},"A0AE":{"r":"A7-BCJ","t":"B788"},"A0AF":{"r":"A7-BCK","t":"B788"},"A0B0":{"r":"A7-BCL","t":"B788"},"A0B1":{"r":"A7-BCM","t":"B788"},"A0B6":{"r":"A7-BCR","t":"B788"},"A0B8":{"r":"A7-BCT","t":"B788"},"A0C3":{"r":"A7-HJA","t":"B748"},"A0C4":{"r":"A7-HMD","t":"EC55"},"A0C6":{"r":"A7-CEC","t":"CL30"},"A0CB":{"r":"A7-RZD","t":"H25B"},"A0CC":{"r":"A7-RZA","t":"CL60"},"A0D6":{"r":"A7-MHH","t":"A319"},"A0D7":{"r":"A7-CED","t":"GL5T"},"A0D8":{"r":"A7-CEE","t":"GL5T"},"A0DB":{"r":"A7-BBI","t":"B77L"},"A0DC":{"r":"A7-BAS","t":"B77W"},"A0DD":{"r":"A7-BFD","t":"B77L"},"A0DE":{"r":"A7-BFE","t":"B77L"},"A0DF":{"r":"A7-BFF","t":"B77L"},"A0F5":{"r":"A7-ALA","t":"A359"},"A131":{"r":"A7-CEF","t":"GLEX"},"A132":{"r":"A7-CEG","t":"CL60"},"A136":{"r":"A7-BAT","t":"B77W"},"A137":{"r":"A7-BAU","t":"B77W"},"A138":{"r":"A7-BAV","t":"B77W"},"A139":{"r":"A7-BAW","t":"B77W"},"A13A":{"r":"A7-BAX","t":"B77W"},"A13B":{"r":"A7-BAY","t":"B77W"},"A13D":{"r":"A7-BEA","t":"B77W"},"A13F":{"r":"A7-MBT","t":"CL60"},"A140":{"r":"A7-BFG","t":"B77L"},"A141":{"r":"A7-BFH","t":"B77L"},"A142":{"r":"A7-APA","t":"A388"},"A143":{"r":"A7-APB","t":"A388"},"A144":{"r":"A7-APC","t":"A388"},"A145":{"r":"A7-APD","t":"A388"},"A146":{"r":"A7-APE","t":"A388"},"A18D":{"r":"A7-HSJ","t":"A320"},"A191":{"r":"A7-AFY","t":"A332"},"A198":{"r":"A7-TAT","t":"GL5T"},"A19D":{"r":"A7-BEB","t":"B77W"},"A19E":{"r":"A7-BEC","t":"B77W"},"A19F":{"r":"A7-BED","t":"B77W"},"A1A1":{"r":"A7-AFF","t":"A332"},"A1B5":{"r":"A7-MHA","t":"CL60"},"A248":{"r":"A7-MAA","t":"C17"},"A249":{"r":"A7-MAB","t":"C17"},"E005":{"r":"9XR-WF","t":"B738"}}