{"02A28":{"r":"21512","t":"BER2"},"17AED":{"r":"RA-97005","t":"SU95"},"40AF1":{"r":"RA-02801","t":"H25B"},"40AF2":{"r":"RA-02802","t":"H25B"},"40AF3":{"r":"RA-02803","t":"H25B"},"40AF4":{"r":"RA-02804","t":"H25B"},"40AF6":{"r":"RA-02806","t":"H25B"},"40AF8":{"r":"RA-02808","t":"H25B"},"42328":{"r":"RA-09000","t":"F900"},"42329":{"r":"RA-09001","t":"F900"},"4232B":{"r":"RA-09003","t":"F900"},"42330":{"r":"RA-09008","t":"F900"},"42B11":{"r":"RA-11025","t":"AN12"},"42C2D":{"r":"RA-11309","t":"AN12"},"42FA3":{"r":"RA-12195","t":"AN12"},"432BC":{"r":"RA-12988","t":"AN12"},"4661E":{"r":"RA-26142","t":"AN26"},"4A55A":{"r":"RA-42330","t":"YK42"},"4A567":{"r":"RA-42343","t":"YK42"},"4A571":{"r":"RA-42353","t":"YK42"},"4A580":{"r":"RA-42368","t":"YK42"},"4A591":{"r":"RA-42385","t":"YK42"},"4A593":{"r":"RA-42387","t":"YK42"},"4A594":{"r":"RA-42388","t":"YK42"},"4A5AB":{"r":"RA-42411","t":"YK42"},"4A5AC":{"r":"RA-42412","t":"YK42"},"4A5B2":{"r":"RA-42418","t":"YK42"},"4A5B8":{"r":"RA-42424","t":"YK42"},"4A5B9":{"r":"RA-42425","t":"YK42"},"4A5C0":{"r":"RA-42432","t":"YK42"},"4A5C9":{"r":"RA-42441","t":"YK42"},"4A5CA":{"r":"RA-42442","t":"YK42"},"4A5CE":{"r":"RA-42446","t":"YK42"},"4F105":{"r":"RA-61701","t":"A148"},"4F106":{"r":"RA-61702","t":"A148"},"4F107":{"r":"RA-61703","t":"A148"},"4F108":{"r":"RA-61704","t":"A148"},"4F109":{"r":"RA-61705","t":"A148"},"4F10A":{"r":"RA-61706","t":"A148"},"4F10D":{"r":"RA-61709","t":"A148"},"4F10E":{"r":"RA-61710","t":"A148"},"4FA0A":{"r":"RA-64010","t":"T204"},"4FA11":{"r":"RA-64017","t":"T204"},"4FA12":{"r":"RA-64018","t":"T204"},"4FA13":{"r":"RA-64019","t":"T204"},"4FA14":{"r":"RA-64020","t":"T204"},"4FA15":{"r":"RA-64021","t":"T204"},"4FA18":{"r":"RA-64024","t":"T204"},"4FA20":{"r":"RA-64032","t":"T204"},"4FA26":{"r":"RA-64038","t":"T204"},"4FA27":{"r":"RA-64039","t":"T204"},"4FA28":{"r":"RA-64040","t":"T204"},"4FA2B":{"r":"RA-64043","t":"T204"},"4FA2C":{"r":"RA-64044","t":"T204"},"4FA2D":{"r":"RA-64045","t":"T204"},"4FA2E":{"r":"RA-64046","t":"T204"},"4FA2F":{"r":"RA-64047","t":"T204"},"4FA31":{"r":"RA-64049","t":"T204"},"4FA32":{"r":"RA-64050","t":"T204"},"4FA39":{"r":"RA-64057","t":"T204"},"4FA3A":{"r":"RA-64058","t":"T204"},"4FBF8":{"r":"RA-64504","t":"T204"},"4FBFD":{"r":"RA-64509","t":"T204"},"4FC03":{"r":"RA-64515","t":"T204"},"4FC04":{"r":"RA-64516","t":"T204"},"4FC05":{"r":"RA-64517","t":"T204"},"4FC06":{"r":"RA-64518","t":"T204"},"4FC08":{"r":"RA-64520","t":"T204"},"4FC09":{"r":"RA-64521","t":"T204"},"4FC0A":{"r":"RA-64522","t":"T204"},"4FC25":{"r":"RA-64549","t":"T204"},"50690":{"r":"RA-67216","t":"CL60"},"50691":{"r":"RA-67217","t":"CL30"},"50692":{"r":"RA-67218","t":"CRJ2"},"50693":{"r":"RA-67219","t":"CRJ2"},"50694":{"r":"RA-67220","t":"CRJ2"},"50695":{"r":"RA-67221","t":"CL30"},"50696":{"r":"RA-67222","t":"CL60"},"50697":{"r":"RA-67223","t":"CL30"},"51D28":{"r":"RA-73000","t":"B737"},"51D2C":{"r":"RA-73004","t":"B737"},"51D30":{"r":"RA-73008","t":"B752"},"51D31":{"r":"RA-73009","t":"B752"},"51D32":{"r":"RA-73010","t":"B752"},"51D33":{"r":"RA-73011","t":"B752"},"51D34":{"r":"RA-73012","t":"B752"},"51D36":{"r":"RA-73014","t":"B752"},"51D37":{"r":"RA-73015","t":"B752"},"51D38":{"r":"RA-73016","t":"B752"},"51D39":{"r":"RA-73017","t":"B752"},"51D3A":{"r":"RA-73018","t":"B752"},"51D41":{"r":"RA-73025","t":"A319"},"51D42":{"r":"RA-73026","t":"A319"},"52A4A":{"r":"RA-76362","t":"IL76"},"52A4B":{"r":"RA-76363","t":"IL76"},"52A52":{"r":"RA-76370","t":"IL76"},"52A62":{"r":"RA-76386","t":"IL76"},"52A8D":{"r":"RA-76429","t":"IL76"},"52AD7":{"r":"RA-76503","t":"IL76"},"52ADF":{"r":"RA-76511","t":"IL76"},"52BEF":{"r":"RA-76783","t":"IL76"},"52C28":{"r":"RA-76840","t":"IL76"},"52C29":{"r":"RA-76841","t":"IL76"},"52C96":{"r":"RA-76950","t":"IL76"},"52C97":{"r":"RA-76951","t":"IL76"},"52C98":{"r":"RA-76952","t":"IL76"},"533AD":{"r":"RA-78765","t":"IL76"},"5405E":{"r":"RA-82014","t":"A124"},"54077":{"r":"RA-82039","t":"A124"},"54078":{"r":"RA-82040","t":"A124"},"5407A":{"r":"RA-82042","t":"A124"},"5407B":{"r":"RA-82043","t":"A124"},"5407C":{"r":"RA-82044","t":"A124"},"5407D":{"r":"RA-82045","t":"A124"},"5407E":{"r":"RA-82046","t":"A124"},"5407F":{"r":"RA-82047","t":"A124"},"54094":{"r":"RA-82068","t":"A124"},"5409A":{"r":"RA-82074","t":"A124"},"5409B":{"r":"RA-82075","t":"A124"},"5409D":{"r":"RA-82077","t":"A124"},"5409E":{"r":"RA-82078","t":"A124"},"5409F":{"r":"RA-82079","t":"A124"},"540A0":{"r":"RA-82080","t":"A124"},"540A1":{"r":"RA-82081","t":"A124"},"54C15":{"r":"RA-85013","t":"T154"},"54C18":{"r":"RA-85016","t":"T154"},"54C1A":{"r":"RA-85018","t":"T154"},"54C31":{"r":"RA-85041","t":"T154"},"54CA3":{"r":"RA-85155","t":"T154"},"54E7D":{"r":"RA-85629","t":"T154"},"54E96":{"r":"RA-85654","t":"T154"},"54E9B":{"r":"RA-85659","t":"T154"},"54EAB":{"r":"RA-85675","t":"T154"},"54EB6":{"r":"RA-85686","t":"T154"},"54EE0":{"r":"RA-85728","t":"T154"},"54F16":{"r":"RA-85782","t":"T154"},"54F53":{"r":"RA-85843","t":"T154"},"551C2":{"r":"RA-86466","t":"IL62"},"551C4":{"r":"RA-86468","t":"IL62"},"5521F":{"r":"RA-86559","t":"IL62"},"55221":{"r":"RA-86561","t":"IL62"},"5522A":{"r":"RA-86570","t":"IL62"},"5522C":{"r":"RA-86572","t":"IL62"},"55BA9":{"r":"RA-89001","t":"SU95"},"55BAA":{"r":"RA-89002","t":"SU95"},"55BAB":{"r":"RA-89003","t":"SU95"},"55BAC":{"r":"RA-89004","t":"SU95"},"55BAD":{"r":"RA-89005","t":"SU95"},"55BAE":{"r":"RA-89006","t":"SU95"},"55BAF":{"r":"RA-89007","t":"SU95"},"55BB0":{"r":"RA-89008","t":"SU95"},"55BB1":{"r":"RA-89009","t":"SU95"},"55BB2":{"r":"RA-89010","t":"SU95"},"57705":{"r":"RA-96005","t":"IL96"},"57707":{"r":"RA-96007","t":"IL96"},"57708":{"r":"RA-96008","t":"IL96"},"5770A":{"r":"RA-96010","t":"IL96"},"5770B":{"r":"RA-96011","t":"IL96"},"5770F":{"r":"RA-96015","t":"IL96"},"57710":{"r":"RA-96016","t":"IL96"},"57712":{"r":"RA-96018","t":"IL96"},"57714":{"r":"CU-T1254","t":"IL96"},"57765":{"r":"RA-96101","t":"IL96"},"57766":{"r":"RA-96102","t":"IL96"},"57767":{"r":"RA-96103","t":"IL96"}}