{"1FF13":{"r":"I-PDVD","t":"P06T"},"3FE77":{"r":"MM62228","t":"B762"},"3FE7A":{"r":"MM62226","t":"B762"},"3FE7D":{"r":"MM62227","t":"B762"},"3FE92":{"r":"MM62229","t":"B762"},"3FE9C":{"r":"MM62159","t":"P180"},"3FEC8":{"r":"MM62169","t":"P180"},"3FF10":{"r":"MM62250","t":"C27J"},"3FF15":{"r":"MM55072","t":"M339"},"3FFAD":{"r":"MM62245","t":"F900"},"3FFAE":{"r":"MM62244","t":"F900"},"3FFAF":{"r":"MM62243","t":"A319"},"3FFB4":{"r":"MM62223","t":"C27J"},"3FFB7":{"r":"MM62220","t":"C27J"},"3FFB8":{"r":"MM62219","t":"C27J"},"3FFBA":{"r":"MM62211","t":"P180"},"3FFBB":{"r":"MM62212","t":"P180"},"3FFBC":{"r":"MM62218","t":"C27J"},"3FFBF":{"r":"MM62214","t":"C27J"},"3FFC0":{"r":"MM62210","t":"F900"},"3FFC1":{"r":"MM62209","t":"A319"},"3FFD1":{"r":"MM62207","t":"P180"},"3FFD2":{"r":"MM62206","t":"P180"},"3FFD3":{"r":"MM62205","t":"P180"},"3FFD4":{"r":"MM62204","t":"P180"},"3FFD5":{"r":"MM62203","t":"P180"},"3FFD6":{"r":"MM62202","t":"P180"},"3FFD8":{"r":"MM62201","t":"P180"},"3FFD9":{"r":"MM62200","t":"P180"},"3FFDA":{"r":"MM62199","t":"P180"},"3FFDB":{"r":"CSX62127","t":"G222"},"3FFE0":{"r":"MM62196","t":"C30J"},"3FFE1":{"r":"MM62195","t":"C30J"},"3FFE3":{"r":"MM62193","t":"C30J"},"3FFE5":{"r":"MM62191","t":"C30J"},"3FFE6":{"r":"MM62190","t":"C30J"},"3FFE7":{"r":"MM62189","t":"C30J"},"3FFE8":{"r":"MM62188","t":"C30J"},"3FFE9":{"r":"MM62187","t":"C30J"},"3FFEA":{"r":"MM62186","t":"C30J"},"3FFEB":{"r":"MM62185","t":"C30J"},"3FFEC":{"r":"MM62184","t":"C30J"},"3FFED":{"r":"MM62183","t":"C30J"},"3FFEE":{"r":"MM62182","t":"C30J"},"3FFEF":{"r":"MM62181","t":"C30J"},"3FFF5":{"r":"MM62175","t":"C30J"},"3FFF9":{"r":"MM62174","t":"A319"},"3FFFA":{"r":"MM62172","t":"F900"},"3FFFB":{"r":"MM62029","t":"FA50"},"3FFFE":{"r":"MM62026","t":"FA50"},"3FFFF":{"r":"MM62171","t":"F900"},"53507":{"r":"T.18-1","t":"F900"},"53508":{"r":"T.18-2","t":"F900"},"53509":{"r":"T.18-3","t":"F900"},"5350A":{"r":"T.184","t":"F900"},"5350B":{"r":"T.18-5","t":"F900"},"54555":{"r":"T.22-1","t":"A310"},"54556":{"r":"T.22-2","t":"A310"},"55315":{"r":"TR.20-02","t":"C560"},"8003A":{"r":"F-WWAS","t":"A388"},"8005A":{"r":"F-WWBA","t":"A320"},"8007A":{"r":"F-WWCA","t":"A346"},"8019A":{"r":"F-WWIA","t":"A320"},"801BA":{"r":"F-WWIB","t":"A320"},"801DA":{"r":"F-WWIC","t":"A320"},"801FA":{"r":"F-WWID","t":"A320"},"8021A":{"r":"F-WWKG"},"8025B":{"r":"2","t":"F900"},"803BA":{"r":"F-WWKU"},"806FA":{"r":"F-WWJV","t":"F2TH"},"8073A":{"r":"F-WWJY","t":"F2TH"},"807BA":{"r":"F-WWAB","t":"A388"},"8083A":{"r":"F-WWAG","t":"A388"},"8087A":{"r":"F-WWAJ","t":"A388"},"808BA":{"r":"F-WWAL","t":"A388"},"8091A":{"r":"F-WWAO","t":"A388"},"8097A":{"r":"F-WWAR","t":"A388"},"80ADA":{"r":"F-WWCF","t":"A359"},"80D1B":{"r":"4","t":"F900"},"80D3B":{"r":"F-RADC","t":"A310"},"80D5A":{"r":"F-WWBB","t":"A320"},"80D7A":{"r":"F-WWBC","t":"A320"},"80DDA":{"r":"F-WWBG","t":"A320"},"80E1A":{"r":"F-WWBI","t":"A320"},"80E3A":{"r":"F-WWBJ","t":"A320"},"80E5A":{"r":"F-WWBK","t":"A320"},"80E7A":{"r":"F-WWBM","t":"A320"},"80E9A":{"r":"F-WWBN","t":"A320"},"80EDA":{"r":"F-WWBP","t":"A320"},"80F1A":{"r":"F-WWBR","t":"A320"},"80F3A":{"r":"F-WWBS","t":"A320"},"80F5A":{"r":"F-WWBT","t":"A320"},"80FDA":{"r":"F-WWBY","t":"A320"},"8103A":{"r":"F-WWDC","t":"A320"},"8105A":{"r":"F-WWDD","t":"A388"},"8109A":{"r":"F-WWDF","t":"A320"},"810BA":{"r":"F-WWDG","t":"A320"},"8111A":{"r":"F-WWDJ","t":"A320"},"8115A":{"r":"F-WWDL","t":"A320"},"8117A":{"r":"F-WWDM","t":"A320"},"811DA":{"r":"F-WWDP","t":"A320"},"811FA":{"r":"F-WWDQ","t":"A320"},"8121A":{"r":"F-WWDR","t":"A320"},"8125A":{"r":"F-WWDT","t":"A320"},"8127A":{"r":"F-WWDU","t":"A320"},"812BA":{"r":"F-WWDX","t":"A320"},"812DA":{"r":"F-WWDY","t":"A320"},"812FA":{"r":"F-WWDZ","t":"A320"},"8131A":{"r":"F-WWIE","t":"A320"},"8133A":{"r":"F-WWIF","t":"A320"},"8135A":{"r":"F-WWIG","t":"A320"},"8139A":{"r":"F-WWII","t":"A320"},"813BA":{"r":"F-WWIJ","t":"A320"},"813DA":{"r":"F-WWIK","t":"A320"},"813FA":{"r":"F-WWIL","t":"A320"},"8141A":{"r":"F-WWIM","t":"A320"},"8145A":{"r":"F-WWIO","t":"A320"},"8147A":{"r":"F-WWIP","t":"A320"},"8149A":{"r":"F-WWIQ","t":"A320"},"814FA":{"r":"F-WWIT","t":"A320"},"8153A":{"r":"F-WWIV","t":"A320"},"8155A":{"r":"F-WWIX","t":"A320"},"8157A":{"r":"F-WWIY","t":"A320"},"8159A":{"r":"F-WWIZ","t":"A320"},"815BA":{"r":"F-WWBE","t":"A320"},"816BA":{"r":"F-WWEG","t":"AT72"},"8175A":{"r":"F-WWEL","t":"AT72"},"8179A":{"r":"F-WWEN","t":"AT72"},"817BA":{"r":"F-WWEO","t":"AT75"},"818FA":{"r":"F-WWEY","t":"AT72"},"81B5A":{"r":"F-WWLS","t":"AT45"},"81BBB":{"r":"F-RAFJ","t":"FA50"},"81C3B":{"r":"F-RAFK","t":"FA50"},"81C7A":{"r":"F-WWHB","t":"FA7X"},"81C9A":{"r":"F-WWHC","t":"FA7X"},"81CDA":{"r":"F-WWHE","t":"FA7X"},"81CFA":{"r":"F-WWHF","t":"FA7X"},"81D5A":{"r":"F-WWHH","t":"FA50"},"81E3B":{"r":"F-RAFL","t":"FA50"},"81E5A":{"r":"F-WWHR","t":"FA7X"},"81E7B":{"r":"F-RAFI","t":"FA50"},"81EBA":{"r":"F-WWHU","t":"FA7X"},"81F9A":{"r":"F-WWFB","t":"F900"},"81FDA":{"r":"F-WWFD","t":"F900"},"81FFB":{"r":"F-WXEY","t":"F2TH"},"8205A":{"r":"F-WWFH","t":"F900"},"820BA":{"r":"F-WWFK","t":"F900"},"8215A":{"r":"F-WWMA","t":"F2TH"},"821BA":{"r":"F-WWMD","t":"F2TH"},"821DA":{"r":"F-WWME","t":"F2TH"},"8221A":{"r":"F-WWMG"},"8249A":{"r":"F-WWVA","t":"F900"},"824DA":{"r":"F-WWVC","t":"F900"},"825FA":{"r":"F-WWVL","t":"FA7X"},"8261A":{"r":"F-WWVM","t":"FA7X"},"8277A":{"r":"F-WWVX","t":"FA7X"},"8283A":{"r":"F-WWYD","t":"A333"},"8291A":{"r":"F-WWYJ","t":"A333"},"829FA":{"r":"F-WWYQ"},"829FB":{"r":"F-WFBW","t":"FA7X"},"82A1A":{"r":"F-WWYR","t":"A333"},"82A9A":{"r":"F-WWYV","t":"A333"},"82ABA":{"r":"F-WWYX"},"82AFA":{"r":"F-WWYZ"},"82B9A":{"r":"F-WWSR","t":"A388"},"82EFA":{"r":"F-WWPB","t":"EC75"},"8397A":{"r":"F-WWGN","t":"F2TH"},"839BA":{"r":"F-WWGP","t":"F2TH"},"839FA":{"r":"F-WWGR","t":"F2TH"},"83AFA":{"r":"F-WWGZ","t":"F2TH"},"83D02":{"r":"F-BPIC","t":"PA30"},"83E7A":{"r":"F-WWOW","t":"A388"},"83E9A":{"r":"F-WWSQ","t":"A388"},"8415A":{"r":"F-WWUA","t":"FA7X"},"843DA":{"r":"F-WWUS","t":"FA7X"},"845BA":{"r":"F-WWZK","t":"FA7X"},"8465A":{"r":"F-WWZP","t":"FA7X"},"8467A":{"r":"F-WWZQ","t":"FA7X"},"8469A":{"r":"F-WWZR","t":"FA7X"},"846BA":{"r":"F-WWZS","t":"FA7X"},"846DA":{"r":"F-WWZT","t":"FA7X"},"846FA":{"r":"F-WWZU","t":"FA7X"},"8471A":{"r":"F-WWZV","t":"FA7X"},"8475A":{"r":"F-WWZX","t":"FA7X"},"847FA":{"r":"F-WWMT","t":"A400"},"8481A":{"r":"F-WWMS","t":"A400"},"8485A":{"r":"F-WWMZ","t":"A400"},"84880":{"r":"F-BSEA","t":"BE33"},"84C7A":{"r":"F-WWNF","t":"FA7X"},"85284":{"r":"F-BUUE","t":"PA34"},"853DB":{"r":"F-WJKG","t":"A346"},"8553B":{"r":"F-WHLV","t":"F900"},"855ED":{"r":"F-BVPN","t":"FA20"},"8587B":{"r":"F-WJXZ","t":"EC25"},"85D28":{"r":"F-BXJI","t":"DR40"},"85DF8":{"r":"F-BXPY","t":"BE9L"},"85F09":{"r":"F-BXYJ","t":"RALL"},"8691B":{"r":"F-PIMS","t":"MCR4"},"86C7B":{"r":"F-PDSL","t":"RV8"},"876DB":{"r":"F-WHUF","t":"A319"},"8777B":{"r":"F-WHUK","t":"A318"},"889FB":{"r":"F-PAEC","t":"RV7"},"8913B":{"r":"F-PACJ","t":"MCR1"},"89A9B":{"r":"F-WTBA","t":"A319"},"8AD3B":{"r":"F-WTAK","t":"A319"},"A1465":{"r":"F-OFDF","t":"A332"},"A1CD5":{"r":"F-OHGV","t":"A320"},"A1CD7":{"r":"F-OHGX","t":"A320"},"A1D34":{"r":"F-OHJU","t":"AT72"},"A1D37":{"r":"F-OHJX","t":"A319"},"A1E43":{"r":"F-OHSD","t":"A332"},"A22B4":{"r":"F-OIVU","t":"A321"},"A24C5":{"r":"F-OJGF","t":"A343"},"A24E7":{"r":"F-OJHH","t":"A310"},"A24E8":{"r":"F-OJHI","t":"A310"},"A2641":{"r":"F-OJSB","t":"A320"},"A2644":{"r":"F-OJSE","t":"A332"},"A266D":{"r":"F-OJTN","t":"A343"},"A2DD5":{"r":"F-OLOV","t":"A343"},"A2E20":{"r":"F-OLRA","t":"B77L"},"A3018":{"r":"F-OMAY","t":"B772"},"A3220":{"r":"F-OMRA","t":"A320"},"A3221":{"r":"F-OMRB","t":"A320"},"A3222":{"r":"F-OMRC","t":"A320"},"A3223":{"r":"F-OMRD","t":"A320"},"A322D":{"r":"F-OMRN","t":"A320"},"A322E":{"r":"F-OMRO","t":"A320"},"A35D4":{"r":"F-ONOU","t":"B77W"},"A39A4":{"r":"F-OONE","t":"A333"},"A4403":{"r":"F-ORAD","t":"A320"},"A4404":{"r":"F-ORAE","t":"A320"},"A4406":{"r":"F-ORAG","t":"A319"},"A4409":{"r":"F-ORAJ","t":"A319"},"A4494":{"r":"F-OREU","t":"B77W"},"A4578":{"r":"F-ORLY","t":"A333"},"A4580":{"r":"F-ORMA","t":"A332"},"A4584":{"r":"F-ORME","t":"A321"},"A4585":{"r":"F-ORMF","t":"A321"},"A4586":{"r":"F-ORMG","t":"A321"},"A4589":{"r":"F-ORMJ","t":"A321"},"A468D":{"r":"F-ORUN","t":"B772"},"A4880":{"r":"F-OSEA","t":"A343"},"A4A8D":{"r":"F-OSUN","t":"A343"},"A4B03":{"r":"F-OSYD","t":"B77W"},"AABF9":{"r":"159","t":"TBM7"},"AABFA":{"r":"156","t":"TBM7"},"AABFB":{"r":"139","t":"TBM7"},"AABFC":{"r":"136","t":"TBM7"},"AABFD":{"r":"115","t":"TBM7"},"AABFE":{"r":"99","t":"TBM7"},"AABFF":{"r":"100","t":"TBM7"},"B761B":{"r":"2235","t":"AS32"},"B76A5":{"r":"231","t":"F2TH"},"B76AE":{"r":"F-RARF","t":"A332"},"B76B3":{"r":"86","t":"FA7X"},"B770D":{"r":"F-RAFA","t":"FA7X"},"B7722":{"r":"108","t":"E121"},"B7723":{"r":"107","t":"E121"},"B7724":{"r":"105","t":"E121"},"B7725":{"r":"103","t":"E121"},"B7728":{"r":"099","t":"E121"},"B772D":{"r":"091","t":"E121"},"B772E":{"r":"090","t":"E121"},"B772F":{"r":"089","t":"E121"},"B7731":{"r":"084","t":"E121"},"B7732":{"r":"083","t":"E121"},"B7735":{"r":"078","t":"E121"},"B7739":{"r":"072","t":"E121"},"B773C":{"r":"064","t":"E121"},"B7777":{"r":"739","t":"K35R"},"B7778":{"r":"738","t":"K35R"},"B7781":{"r":"081","t":"A342"},"B7782":{"r":"F-RAJA","t":"A342"},"B7783":{"r":"R218","t":"C160"},"B7788":{"r":"R96","t":"C160"},"B778B":{"r":"R51","t":"C160"},"B7792":{"r":"R205","t":"C160"},"B77A0":{"r":"R159","t":"C160"},"B77A7":{"r":"R11","t":"C160"},"B77A9":{"r":"R224","t":"C160"},"B77AA":{"r":"R214","t":"C160"},"B77C3":{"r":"141","t":"CN35"},"B77C4":{"r":"137","t":"CN35"},"B77C5":{"r":"123","t":"CN35"},"B77C7":{"r":"128","t":"CN35"},"B77CB":{"r":"071","t":"CN35"},"B77CE":{"r":"114","t":"CN35"},"B77CF":{"r":"111","t":"CN35"},"B77D0":{"r":"045","t":"CN35"},"B77D7":{"r":"165","t":"CN35"},"B77D9":{"r":"158","t":"CN35"},"B77DA":{"r":"204","t":"E3CF"},"B77DB":{"r":"203","t":"E3CF"},"B77DC":{"r":"202","t":"E3CF"},"B77DD":{"r":"201","t":"E3CF"},"B77DE":{"r":"156","t":"CN35"},"B77DF":{"r":"152","t":"CN35"},"B77E5":{"r":"F-RAFP","t":"F900"},"B77E7":{"r":"F-RBFA","t":"A319"},"B77EB":{"r":"F-RAXS","t":"TBM7"},"B77EC":{"r":"F-RAXR","t":"TBM7"},"B77ED":{"r":"131","t":"TBM7"},"B77EE":{"r":"F-RAXP","t":"TBM7"},"B77F0":{"r":"117","t":"TBM7"},"B77F1":{"r":"F-RAXM","t":"TBM7"},"B77F2":{"r":"33","t":"TBM7"},"B77F5":{"r":"77","t":"TBM7"},"B77F6":{"r":"78","t":"TBM7"},"B77F8":{"r":"93","t":"TBM7"},"B77FA":{"r":"95"},"B77FB":{"r":"F-RADA","t":"A310"},"B77FC":{"r":"F-RADB","t":"A310"},"B77FD":{"r":"103","t":"TBM7"},"B77FE":{"r":"F-RAXJ","t":"TBM7"},"B7B86":{"r":"F-ZBMC","t":"DH8D"},"B9BAC":{"r":"85","t":"E121"},"B9BAE":{"r":"077","t":"E121"},"B9BE3":{"r":"32","t":"FA10"},"B9BE7":{"r":"101","t":"FA10"},"B9BEF":{"r":"143","t":"FA10"},"B9BF0":{"r":"129","t":"FA10"},"B9BF1":{"r":"133","t":"FA10"},"B9BFD":{"r":"7","t":"FA50"},"D0073":{"r":"D-CYKP","t":"C550"},"D00E0":{"r":"D-CYOU","t":"C680"},"D04A7":{"r":"D-CZZZ","t":"C56X"},"D050E":{"r":"D-EADY","t":"C172"},"D053C":{"r":"D-EAFS","t":"TRIN"},"D0553":{"r":"D-EAGP","t":"XA42"},"D0561":{"r":"D-EAHD","t":"RALL"},"D058D":{"r":"D-EAIV","t":"P28A"},"D059C":{"r":"D-EAJK","t":"M20T"},"D05ED":{"r":"D-EAMN","t":"P28A"},"D0602":{"r":"D-EANI"},"D0628":{"r":"D-EAOU","t":"TRIN"},"D0671":{"r":"D-EARP","t":"RALL"},"D0678":{"r":"D-EARW","t":"PA46"},"D067B":{"r":"D-EARZ","t":"P28A"},"D069D":{"r":"D-EATH","t":"P28A"},"D06EE":{"r":"D-EAWK","t":"BE36"},"D06FA":{"r":"D-EAWW","t":"DO27"},"D08A4":{"r":"D-EBNG","t":"P46T"},"D0A0E":{"r":"D-ECBE","t":"P46T"},"D0A79":{"r":"D-ECFH","t":"SR20"},"D0AC0":{"r":"D-ECIA","t":"DR40"},"D0B1D":{"r":"D-ECLP","t":"P28A"},"D0B6F":{"r":"D-ECOT","t":"BE33"},"D0BED":{"r":"D-ECTP","t":"C210"},"D0C7A":{"r":"D-ECZA","t":"PICO"},"D0CC2":{"r":"D-EDBU","t":"PA46"},"D0D0C":{"r":"D-EDEQ"},"D0D19":{"r":"D-EDFD","t":"P28A"},"D0D3A":{"r":"D-EDGK","t":"C82R"},"D0DC7":{"r":"D-EDLV","t":"C172"},"D0DF9":{"r":"D-EDNT","t":"BE35"},"D0E49":{"r":"D-EDQV","t":"DR30"},"D0E84":{"r":"D-EDTC","t":"C172"},"D0F3F":{"r":"D-EEAH"},"D0FB8":{"r":"D-EEEY","t":"P46T"},"D0FCB":{"r":"D-EEFR","t":"C172"},"D0FDD":{"r":"D-EEGJ","t":"P28A"},"D1004":{"r":"D-EEHW","t":"P210"},"D115B":{"r":"D-EEVB","t":"C172"},"D1183":{"r":"D-EEWP","t":"R90R"},"D1188":{"r":"D-EEWU","t":"DA40"},"D118B":{"r":"D-EEWX","t":"BE33"},"D11C9":{"r":"D-EEZH","t":"C172"},"D1217":{"r":"D-EFCH","t":"PA46"},"D1259":{"r":"D-EFEV","t":"C172"},"D126E":{"r":"D-EFFQ","t":"TRIN"},"D12CC":{"r":"D-EFJG","t":"B209"},"D12E6":{"r":"D-EFKG","t":"BE35"},"D1329":{"r":"D-EFMV","t":"DV20"},"D1380":{"r":"D-EFQE","t":"KL07"},"D139D":{"r":"D-EFRH","t":"DO27"},"D13E6":{"r":"D-EFUC","t":"C172"},"D1468":{"r":"D-EFZC","t":"S208"},"D1544":{"r":"D-EGHO","t":"C182"},"D1549":{"r":"D-EGHT","t":"AC11"},"D154C":{"r":"D-EGHW","t":"B209"},"D1551":{"r":"D-EGIB","t":"P28A"},"D1554":{"r":"D-EGIE","t":"PA46"},"D157E":{"r":"D-EGJU","t":"C182"},"D15A3":{"r":"D-EGLF","t":"C82R"},"D15CB":{"r":"D-EGMT","t":"C182"},"D163E":{"r":"D-EGRE","t":"TOBA"},"D16A2":{"r":"D-EGVA","t":"P28A"},"D1768":{"r":"D-EHCQ","t":"M20T"},"D1793":{"r":"D-EHEH","t":"SR22"},"D17BF":{"r":"D-EHFZ","t":"P28A"},"D181C":{"r":"D-EHJO","t":"TOBA"},"D185A":{"r":"D-EHLY","t":"P28A"},"D189F":{"r":"D-EHOP","t":"KL07"},"D18A4":{"r":"D-EHOU","t":"RALL"},"D190B":{"r":"D-EHST","t":"C210"},"D196B":{"r":"D-EHWL"},"D1B24":{"r":"D-EINK","t":"P28A"},"D1B27":{"r":"D-EINN","t":"DR10"},"D1B2C":{"r":"D-EINS","t":"PA46"},"D1B58":{"r":"D-EIPK","t":"M20P"},"D1BB0":{"r":"D-EISU","t":"P28A"},"D1C09":{"r":"D-EIWF","t":"BE35"},"D1C58":{"r":"D-EIZG","t":"BE33"},"D1C76":{"r":"D-EJAK","t":"P28A"},"D1EAE":{"r":"D-EJWG","t":"M20T"},"D1F63":{"r":"D-EKDF"},"D1F8C":{"r":"D-EKEU","t":"PA46"},"D1F95":{"r":"D-EKFD","t":"PA46"},"D1FDC":{"r":"D-EKHW","t":"P28A"},"D1FEA":{"r":"D-EKIK","t":"P28A"},"D2044":{"r":"D-EKLW","t":"BE35"},"D207C":{"r":"D-EKOA","t":"P28A"},"D20F5":{"r":"D-EKSR","t":"DR40"},"D20F6":{"r":"D-EKSS","t":"M20P"},"D21C2":{"r":"D-ELAO"},"D2205":{"r":"D-ELDD","t":"BE33"},"D224D":{"r":"D-ELFX","t":"C182"},"D2344":{"r":"D-ELPK","t":"M20P"},"D237B":{"r":"D-ELRN","t":"E400"},"D2390":{"r":"D-ELSI","t":"P28A"},"D23EC":{"r":"D-ELVW","t":"SR22"},"D2415":{"r":"D-ELXL"},"D248B":{"r":"D-EMBZ","t":"PA46"},"D24D8":{"r":"D-EMEY","t":"P28A"},"D24E0":{"r":"D-EMFG","t":"P210"},"D2561":{"r":"D-EMKF","t":"ULAC"},"D2581":{"r":"D-EMLL","t":"M20T"},"D25C4":{"r":"D-EMOA","t":"M20P"},"D25CB":{"r":"D-EMOH","t":"M20P"},"D25CD":{"r":"D-EMOJ","t":"M20P"},"D2614":{"r":"D-EMRC","t":"SR22"},"D266B":{"r":"D-EMUL","t":"C120"},"D2743":{"r":"D-ENCT","t":"M20T"},"D2764":{"r":"D-ENEA","t":"C182"},"D28F8":{"r":"D-ENTO","t":"AA5"},"D2AF6":{"r":"D-EONE","t":"BE33"},"D2B08":{"r":"D-EONW","t":"C182"},"D2B2C":{"r":"D-EOPG","t":"P46T"},"D2B4F":{"r":"D-EOQP","t":"C182"},"D2BDC":{"r":"D-EOWA","t":"C172"},"D2C4C":{"r":"D-EPAI","t":"PA46"},"D2E5E":{"r":"D-EPUS","t":"PA46"},"D2EA9":{"r":"D-EPXP","t":"PULS"},"D31F9":{"r":"D-EREF","t":"PA24"},"D322A":{"r":"D-ERGC","t":"PA46"},"D32BD":{"r":"D-ERLT","t":"C182"},"D3354":{"r":"D-ERRO","t":"P28R"},"D3372":{"r":"D-ERSS","t":"P28A"},"D33C8":{"r":"D-ERWA","t":"P28A"},"D33E2":{"r":"D-ERXA","t":"IMPX"},"D3438":{"r":"D-ESAI","t":"G120"},"D34A2":{"r":"D-ESEK","t":"M20P"},"D34CC":{"r":"D-ESGA","t":"PA32"},"D3502":{"r":"D-ESIC","t":"F260"},"D3616":{"r":"D-ESSS"},"D371C":{"r":"D-ETCU","t":"P28A"},"D374A":{"r":"D-ETEO","t":"DR40"},"D3759":{"r":"D-ETFD","t":"BE33"},"D37B3":{"r":"D-ETIP","t":"C172"},"D3860":{"r":"D-ETPG"},"D38C9":{"r":"D-ETTH","t":"E400"},"D38D9":{"r":"D-ETTX","t":"PA46"},"D390B":{"r":"D-ETVV","t":"RALL"},"D3A49":{"r":"D-EUIB","t":"P210"},"D3A7C":{"r":"D-EUKA","t":"EUPA"},"D3B40":{"r":"D-EURO","t":"TAMP"},"D3C9A":{"r":"D-EVEW","t":"BE24"},"D3D4C":{"r":"D-EVLS","t":"DV20"},"D3E19":{"r":"D-EVTP","t":"P46T"},"D3E72":{"r":"D-EVXA","t":"IMPX"},"D3ED0":{"r":"D-EWAQ","t":"DA40"},"D3ED3":{"r":"D-EWAT","t":"AC11"},"D3F9C":{"r":"D-EWIM","t":"BE33"},"D3FFF":{"r":"D-EWMH","t":"C182"},"D40FC":{"r":"D-EWWA","t":"DV20"},"D41CF":{"r":"D-EXED","t":"PA46"},"D4289":{"r":"D-EXLH","t":"E400"},"D4364":{"r":"D-EXTS","t":"E200"},"D43C6":{"r":"D-EXXM","t":"M20P"},"D465E":{"r":"D-EYXA","t":"IMPX"},"D4A78":{"r":"D-FALK","t":"C208"},"D4AD8":{"r":"D-FAPC","t":"PC12"},"D4B37":{"r":"D-FAST","t":"C208"},"D4B4B":{"r":"D-FATN","t":"PC12"},"D4BD7":{"r":"D-FAYX","t":"TBM8"},"D4C88":{"r":"D-FBFS"},"D4D8C":{"r":"D-FBPS","t":"C208"},"D4DC0":{"r":"D-FBRS","t":"E500"},"D4EA7":{"r":"D-FCAP","t":"PC12"},"D4F3B":{"r":"D-FCGH","t":"PC12"},"D5146":{"r":"D-FDAK","t":"C208"},"D5203":{"r":"D-FDHR","t":"PC12"},"D547A":{"r":"D-FEFY","t":"PC12"},"D556C":{"r":"D-FEPG","t":"PC12"},"D568B":{"r":"D-FFAH","t":"PC12"},"D5753":{"r":"D-FFHZ","t":"PC12"},"D592E":{"r":"D-FGAG","t":"PC12"},"D5AA6":{"r":"D-FGOS","t":"P750"},"D5BB0":{"r":"D-FGYY","t":"TBM7"},"D5E90":{"r":"D-FIBG","t":"TBM8"},"D5FC6":{"r":"D-FINE","t":"PC12"},"D6004":{"r":"D-FIPO","t":"P46T"},"D602E":{"r":"D-FIRE","t":"TBM7"},"D63C0":{"r":"D-FKAI","t":"TBM7"},"D645C":{"r":"D-FKGI","t":"PC12"},"D6680":{"r":"D-FLBK","t":"P46T"},"D67CF":{"r":"D-FLOH","t":"C208"},"D6BAB":{"r":"D-FNAH","t":"PC12"},"D6F6E":{"r":"D-FOLI","t":"C208"},"D796C":{"r":"D-FSFS","t":"PA46"},"D7B49":{"r":"D-FSYB","t":"PC12"},"D7BA2":{"r":"D-FTBM","t":"TBM7"},"D7E93":{"r":"D-FUEL","t":"PC12"},"D8B38":{"r":"D-FYYY","t":"TBM7"},"D8DF8":{"r":"D-GAAA","t":"DA42"},"D8F2D":{"r":"D-GALX","t":"PA30"},"D90B7":{"r":"D-GBBB","t":"DA42"},"D9172":{"r":"D-GBIG","t":"PA34"},"D922F":{"r":"D-GBPN","t":"PA34"},"D9376":{"r":"D-GCCC","t":"PA34"},"D964E":{"r":"D-GDEC","t":"PA34"},"D975D":{"r":"D-GDON","t":"DA42"},"D98A2":{"r":"D-GEBA","t":"PA34"},"D99A9":{"r":"D-GELD","t":"PA34"},"D99BD":{"r":"D-GELX","t":"PA34"},"D99C2":{"r":"D-GEMC","t":"P68"},"D9BA6":{"r":"D-GFES","t":"DA42"},"D9F43":{"r":"D-GGOH","t":"PA34"},"DA5D6":{"r":"D-GJBA","t":"PA34"},"DA747":{"r":"D-GJPF","t":"PA34"},"DAB06":{"r":"D-GLAC","t":"PA34"},"DADB0":{"r":"D-GMAI"},"DADC9":{"r":"D-GMBH","t":"DA42"},"DAE2A":{"r":"D-GMFA","t":"PA34"},"DB4D7":{"r":"D-GOST","t":"PA34"},"DB615":{"r":"D-GPEZ","t":"PA30"},"DC4AF":{"r":"D-GUST","t":"GA7"},"DCC3A":{"r":"D-GXPA","t":"PA34"},"DED13":{"r":"D-HKAL","t":"MD60"},"DF54D":{"r":"D-HNDL","t":"S76"},"DF90E":{"r":"D-HOOK","t":"UH1"},"E0031":{"r":"D-HRGR","t":"EC35"},"E174A":{"r":"D-IAAC","t":"C441"},"E174B":{"r":"D-IAAD","t":"E50P"},"E174C":{"r":"D-IAAE","t":"PAY3"},"E175E":{"r":"D-IAAW","t":"E50P"},"E1760":{"r":"D-IAAY","t":"E50P"},"E1761":{"r":"D-IAAZ","t":"C404"},"E1762":{"r":"D-IABA","t":"PAY2"},"E1766":{"r":"D-IABE","t":"PAY3"},"E17AB":{"r":"D-IADV","t":"C551"},"E17DC":{"r":"D-IAFS","t":"BE55"},"E17EA":{"r":"D-IAGG","t":"PRM1"},"E1804":{"r":"D-IAHG","t":"C525"},"E1811":{"r":"D-IAHT","t":"MU2"},"E1819":{"r":"D-IAIB","t":"C525"},"E1859":{"r":"D-IAKN","t":"C25A"},"E1871":{"r":"D-IALL","t":"C525"},"E188E":{"r":"D-IAMO","t":"C25A"},"E189A":{"r":"D-IANA","t":"BE20"},"E193A":{"r":"D-IATE","t":"F406"},"E1949":{"r":"D-IATT","t":"PRM1"},"E1972":{"r":"D-IAVI","t":"BE9L"},"E1985":{"r":"D-IAWB","t":"PAY3"},"E198A":{"r":"D-IAWG","t":"C425"},"E1998":{"r":"D-IAWU","t":"C501"},"E19C3":{"r":"D-IAYL","t":"PRM1"},"E19EF":{"r":"D-IBAD","t":"BE20"},"E19F8":{"r":"D-IBAM","t":"C340"},"E19FD":{"r":"D-IBAR","t":"BE20"},"E1A06":{"r":"D-IBBA","t":"C525"},"E1A18":{"r":"D-IBBS","t":"C25A"},"E1A33":{"r":"D-IBCT","t":"C25A"},"E1A80":{"r":"D-IBFS","t":"BE9L"},"E1B65":{"r":"D-IBON","t":"C340"},"E1BC7":{"r":"D-IBSH","t":"BE20"},"E1BDA":{"r":"D-IBTA","t":"BE20"},"E1BE2":{"r":"D-IBTI","t":"C525"},"E1C28":{"r":"D-IBWA","t":"C340"},"E1C92":{"r":"D-ICAC","t":"C551"},"E1CAB":{"r":"D-ICBB","t":"C340"},"E1CC6":{"r":"D-ICCC","t":"F406"},"E1CFC":{"r":"D-ICEE","t":"C525"},"E1D10":{"r":"D-ICEY","t":"C525"},"E1D39":{"r":"D-ICGN","t":"PAY4"},"E1D4C":{"r":"D-ICHG","t":"BE20"},"E1DA0":{"r":"D-ICKM","t":"BE20"},"E1DAC":{"r":"D-ICKY","t":"BE60"},"E1DD2":{"r":"D-ICMK","t":"BE9L"},"E1DDA":{"r":"D-ICMS","t":"C25A"},"E1E76":{"r":"D-ICSS","t":"C525"},"E1E7E":{"r":"D-ICTA","t":"C551"},"E1EB2":{"r":"D-ICVA","t":"BE58"},"E1ECD":{"r":"D-ICWB","t":"C525"},"E1F3A":{"r":"D-IDAG","t":"C525"},"E1F3E":{"r":"D-IDAK","t":"BE9L"},"E1F46":{"r":"D-IDAS","t":"C525"},"E1F4B":{"r":"D-IDAX","t":"C425"},"E1F4D":{"r":"D-IDAZ","t":"C525"},"E1F4E":{"r":"D-IDBA","t":"PRM1"},"E1F62":{"r":"D-IDBU"},"E1F7D":{"r":"D-IDCV","t":"BE9L"},"E1F9C":{"r":"D-IDEA","t":"SW3"},"E1FA0":{"r":"D-IDEE","t":"AEST"},"E203C":{"r":"D-IDKE","t":"BE9L"},"E203F":{"r":"D-IDKH","t":"C414"},"E20C5":{"r":"D-IDPL","t":"BE10"},"E20F3":{"r":"D-IDRF","t":"BE20"},"E2129":{"r":"D-IDTH","t":"C421"},"E21DF":{"r":"D-IEAH"},"E224D":{"r":"D-IEEN","t":"C510"},"E225A":{"r":"D-IEFA","t":"C25A"},"E225B":{"r":"D-IEFB","t":"BE20"},"E2269":{"r":"D-IEFP","t":"C340"},"E2282":{"r":"D-IEGO","t":"C510"},"E22F0":{"r":"D-IEKU","t":"C25A"},"E23DF":{"r":"D-IETZ","t":"C25A"},"E23FB":{"r":"D-IEVB","t":"C25A"},"E242F":{"r":"D-IEXB","t":"BE99"},"E2432":{"r":"D-IEXE"},"E24AA":{"r":"D-IFBU","t":"PA31"},"E24D1":{"r":"D-IFDH","t":"C525"},"E24D7":{"r":"D-IFDN","t":"C25A"},"E24F5":{"r":"D-IFER","t":"C510"},"E24FC":{"r":"D-IFEY","t":"C25A"},"E24FF":{"r":"D-IFFB","t":"BE30"},"E250A":{"r":"D-IFFM","t":"C414"},"E2525":{"r":"D-IFGN","t":"PA31"},"E253A":{"r":"D-IFHI","t":"BE9L"},"E255E":{"r":"D-IFIS","t":"C25A"},"E25A6":{"r":"D-IFLM","t":"D228"},"E25B2":{"r":"D-IFLY","t":"C25A"},"E25B6":{"r":"D-IFMC","t":"PRM1"},"E25BA":{"r":"D-IFMG","t":"PRM1"},"E25BC":{"r":"D-IFMI","t":"BE9L"},"E2657":{"r":"D-IFSH","t":"PAY3"},"E2803":{"r":"D-IGIT","t":"C25A"},"E285C":{"r":"D-IGME","t":"C525"},"E288D":{"r":"D-IGOB"},"E28E8":{"r":"D-IGRO","t":"C25A"},"E29CB":{"r":"D-IHAH","t":"BE9L"},"E29FA":{"r":"D-IHCC","t":"BE55"},"E2A2D":{"r":"D-IHEB","t":"C525"},"E2A87":{"r":"D-IHHN","t":"C25A"},"E2AA7":{"r":"D-IHIT","t":"B58T"},"E2ADE":{"r":"D-IHKW","t":"C525"},"E2AE2":{"r":"D-IHLA","t":"PAY3"},"E2B11":{"r":"D-IHMV","t":"BE9L"},"E2B7E":{"r":"D-IHRA","t":"C25A"},"E2B84":{"r":"D-IHRG","t":"BE9L"},"E2C7A":{"r":"D-IIAS","t":"C421"},"E2C86":{"r":"D-IIBE","t":"PRM1"},"E2CA0":{"r":"D-IICE","t":"BE20"},"E2D30":{"r":"D-IIHS","t":"BE58"},"E2DA7":{"r":"D-IIMH","t":"PRM1"},"E2E8A":{"r":"D-IIVA","t":"P180"},"E301F":{"r":"D-IJKP","t":"C25A"},"E3078":{"r":"D-IJOA","t":"C25A"},"E31B7":{"r":"D-IKAH","t":"BE20"},"E32AC":{"r":"D-IKJS","t":"C25A"},"E32CC":{"r":"D-IKKY","t":"MU2"},"E331D":{"r":"D-IKOB","t":"BE20"},"E332B":{"r":"D-IKOP","t":"C525"},"E3460":{"r":"D-ILAM","t":"C25A"},"E3463":{"r":"D-ILAP","t":"E50P"},"E3467":{"r":"D-ILAT","t":"C525"},"E348C":{"r":"D-ILCE","t":"PA31"},"E34AD":{"r":"D-ILDL","t":"C25A"},"E34F0":{"r":"D-ILGA","t":"PA31"},"E350A":{"r":"D-ILHA","t":"C525"},"E350B":{"r":"D-ILHB","t":"C525"},"E350C":{"r":"D-ILHC","t":"C525"},"E350D":{"r":"D-ILHD","t":"C525"},"E3529":{"r":"D-ILIF","t":"C525"},"E3531":{"r":"D-ILIN","t":"BE20"},"E3558":{"r":"D-ILKA","t":"D228"},"E358A":{"r":"D-ILLY","t":"C525"},"E36FA":{"r":"D-IMAC","t":"C525"},"E36FE":{"r":"D-IMAG","t":"BE9L"},"E36FF":{"r":"D-IMAH","t":"C25A"},"E370F":{"r":"D-IMAX","t":"C25A"},"E37AA":{"r":"D-IMGW","t":"C25A"},"E37C4":{"r":"D-IMHW","t":"C340"},"E37C8":{"r":"D-IMIA","t":"P180"},"E3834":{"r":"D-IMME","t":"C551"},"E3838":{"r":"D-IMMI","t":"C310"},"E383E":{"r":"D-IMMO","t":"AEST"},"E387F":{"r":"D-IMPB","t":"BE20"},"E3880":{"r":"D-IMPC","t":"C525"},"E393E":{"r":"D-IMWK","t":"SW3"},"E39AE":{"r":"D-INAS","t":"BE9L"},"E39E2":{"r":"D-INCS","t":"C525"},"E3A02":{"r":"D-INDY","t":"EA50"},"E3A06":{"r":"D-INEC","t":"BE60"},"E3A15":{"r":"D-INER","t":"C525"},"E3A30":{"r":"D-INFS","t":"C525"},"E3AB8":{"r":"D-INKY","t":"P180"},"E3AFB":{"r":"D-INNN","t":"PA31"},"E3B09":{"r":"D-INOB","t":"C25A"},"E3B7F":{"r":"D-INSP","t":"BE60"},"E3C68":{"r":"D-IOBO","t":"C25A"},"E3D01":{"r":"D-IOHL","t":"C25A"},"E3D96":{"r":"D-IONE","t":"PAY3"},"E3E7C":{"r":"D-IOWA","t":"C525"},"E3F1A":{"r":"D-IPCC","t":"C25A"},"E3F1E":{"r":"D-IPCG","t":"C425"},"E3F1F":{"r":"D-IPCH","t":"C25A"},"E3F2A":{"r":"D-IPCS","t":"C525"},"E3F9E":{"r":"D-IPHE","t":"E50P"},"E4024":{"r":"D-IPMI","t":"C525"},"E4082":{"r":"D-IPPY","t":"P180"},"E4109":{"r":"D-IPVD","t":"C25A"},"E419A":{"r":"D-IQAS","t":"PAY4"},"E43F5":{"r":"D-IQXX","t":"C525"},"E443D":{"r":"D-IRAR","t":"BE20"},"E450E":{"r":"D-IRIS","t":"BE9L"},"E4534":{"r":"D-IRKE","t":"C525"},"E45A3":{"r":"D-IROL","t":"D228"},"E4601":{"r":"D-IRSB","t":"C525"},"E4641":{"r":"D-IRUN","t":"C510"},"E4643":{"r":"D-IRUP","t":"C551"},"E4679":{"r":"D-IRWR","t":"C525"},"E46D6":{"r":"D-ISAG","t":"PRM1"},"E46E1":{"r":"D-ISAR","t":"PRM1"},"E46E5":{"r":"D-ISAV","t":"C402"},"E46EC":{"r":"D-ISBC","t":"BE9L"},"E470B":{"r":"D-ISCH","t":"C25A"},"E4712":{"r":"D-ISCO","t":"C25A"},"E4719":{"r":"D-ISCV","t":"C25A"},"E4782":{"r":"D-ISGW","t":"C525"},"E479C":{"r":"D-ISHW","t":"C525"},"E47AE":{"r":"D-ISIO","t":"C510"},"E47B7":{"r":"D-ISIX","t":"BE9L"},"E47C6":{"r":"D-ISJM","t":"C525"},"E47C9":{"r":"D-ISJP","t":"C25A"},"E47EC":{"r":"D-ISKY","t":"C501"},"E481A":{"r":"D-ISMS","t":"PAY4"},"E4896":{"r":"D-ISRM","t":"C510"},"E48CD":{"r":"D-ISTP","t":"E50P"},"E48D1":{"r":"D-ISTT","t":"BE9L"},"E48E5":{"r":"D-ISUN","t":"C25A"},"E490C":{"r":"D-ISWA","t":"C525"},"E4939":{"r":"D-ISXT","t":"PRM1"},"E4981":{"r":"D-ITAN","t":"C525"},"E49F8":{"r":"D-ITFC","t":"BE20"},"E4A53":{"r":"D-ITIP","t":"C525"},"E4AAC":{"r":"D-ITMA","t":"C25A"},"E4AEF":{"r":"D-ITOP","t":"C25A"},"E4AF1":{"r":"D-ITOR","t":"C25A"},"E4B2E":{"r":"D-ITRA","t":"C525"},"E4B36":{"r":"D-ITRI","t":"PAY3"},"E4B75":{"r":"D-ITTT","t":"C421"},"E4BBE":{"r":"D-ITWO","t":"PAY3"},"E4DE4":{"r":"D-IURS","t":"C525"},"E4E0E":{"r":"D-IUTI","t":"BE60"},"E4EC9":{"r":"D-IVAN","t":"BE20"},"E4F35":{"r":"D-IVER"},"E4F99":{"r":"D-IVIN","t":"P180"},"E4F9B":{"r":"D-IVIP","t":"BE20"},"E50DE":{"r":"D-IVVA","t":"C25A"},"E50DF":{"r":"D-IVVB","t":"C25A"},"E5185":{"r":"D-IWBL","t":"C25A"},"E523B":{"r":"D-IWIL","t":"C525"},"E523D":{"r":"D-IWIN","t":"C25A"},"E5241":{"r":"D-IWIR","t":"C25A"},"E52F8":{"r":"D-IWPS","t":"C525"},"E537B":{"r":"D-IWUT","t":"C421"},"E53AB":{"r":"D-IWWP","t":"C25A"},"E5671":{"r":"D-IXXX","t":"PA31"},"E5BEE":{"r":"D-IZZY","t":"P180"},"E61F3":{"r":"D-KCHF","t":"PK20"},"E69FB":{"r":"D-KFIH","t":"TFUN"},"E705A":{"r":"D-KHTA","t":"G109"},"E74F8":{"r":"D-KJMM","t":"NIMB"},"E7A6C":{"r":"D-KLOE","t":"AS29"},"E7E55":{"r":"D-KANR","t":"SF25"},"EB1A6":{"r":"16+01","t":"A343"},"EC55C":{"r":"D-KPRW","t":"AS25"},"EC585":{"r":"D-KPTL","t":"G109"},"EC62F":{"r":"D-KPZZ","t":"NIMB"},"ECB7F":{"r":"D-KSAH","t":"SF25"},"ECE59":{"r":"D-KTCJ","t":"DUOD"},"EEDD1":{"r":"D-3386","t":"GLID"},"EFEF8":{"r":"D-7777","t":"GLID"},"F0100":{"r":"D-8297","t":"GLID"},"F074F":{"r":"D-9912","t":"GLID"},"F4E27":{"r":"14+02","t":"GL5T"},"F551D":{"r":"15+02","t":"A319"},"F58AE":{"r":"14+01","t":"GL5T"},"F6533":{"r":"14+03","t":"GL5T"},"F7B3C":{"r":"14+04","t":"GL5T"},"F7DC1":{"r":"98+46","t":"A319"},"F8515":{"r":"1021","t":"A310"},"F8516":{"r":"1022","t":"A310"},"F8517":{"r":"1023","t":"A310"},"F8518":{"r":"1024","t":"A310"},"F8519":{"r":"1025","t":"A310"},"F851A":{"r":"1026","t":"A310"},"F851B":{"r":"1027","t":"A310"},"F928F":{"r":"37+15","t":"F4"},"F9907":{"r":"50+07","t":"C160"},"F990A":{"r":"50+10","t":"C160"},"F9921":{"r":"50+33","t":"C160"},"F9926":{"r":"50+38","t":"C160"},"F9928":{"r":"50+40","t":"C160"},"F992A":{"r":"50+42","t":"C160"},"F992D":{"r":"50+45","t":"C160"},"F9938":{"r":"50+56","t":"C160"},"F993A":{"r":"50+58","t":"C160"},"F993B":{"r":"50+59","t":"C160"},"F9943":{"r":"50+67","t":"C160"},"F9945":{"r":"50+69","t":"C160"},"F9946":{"r":"50+70","t":"C160"},"F9947":{"r":"50+71","t":"C160"},"F9951":{"r":"50+81","t":"C160"},"F9952":{"r":"50+82","t":"C160"},"F9954":{"r":"50+84","t":"C160"},"F9955":{"r":"50+85","t":"C160"},"F9956":{"r":"50+86","t":"C160"},"F995A":{"r":"50+90","t":"C160"},"F995C":{"r":"50+92","t":"C160"},"F995E":{"r":"50+94","t":"C160"},"F995F":{"r":"50+95","t":"C160"},"F9960":{"r":"50+96","t":"C160"},"F9961":{"r":"50+97","t":"C160"},"F9962":{"r":"50+98","t":"C160"},"F9980":{"r":"51+00","t":"C160"},"F9982":{"r":"51+02","t":"C160"},"F9984":{"r":"51+04","t":"C160"},"F9985":{"r":"51+05","t":"C160"},"F9988":{"r":"51+08","t":"C160"},"F9C84":{"r":"57+04","t":"D228"},"FA994":{"r":"83+20","t":"LYNX"},"FACB6":{"r":"89+54","t":"S61"},"FB123":{"r":"98+35","t":"D228"},"FEA57":{"r":"D-MCOH","t":"C42"},"FEA8D":{"r":"D-MOVE","t":"ULAC"},"FEB7C":{"r":"D-MAKP"},"FEC48":{"r":"D-MYSA","t":"EV97"},"FEC49":{"r":"D-MSGE","t":"C42"},"FEC6B":{"r":"D-MPWK","t":"ECHO"},"FECDE":{"r":"D-MIPL","t":"CH60"},"FEDAF":{"r":"D-MPGB","t":"G3"},"FEE9D":{"r":"D-MNMC","t":"FDCT"},"FEEEE":{"r":"D-MHIO","t":"WT9"},"FF088":{"r":"D-MEIK","t":"CH60"},"FF09A":{"r":"D-MFSL","t":"FK9"},"children":["30","34","39","3C"]}