{"0006":{"r":"I-DACV","t":"MD82"},"0007":{"r":"I-DACT","t":"MD82"},"000A":{"r":"I-DACZ","t":"MD82"},"000F":{"r":"I-NUMI","t":"F900"},"0019":{"r":"I-SMES","t":"MD82"},"001A":{"r":"I-SMEZ","t":"MD82"},"001D":{"r":"I-DAND","t":"MD82"},"001E":{"r":"I-DANF","t":"MD82"},"001F":{"r":"I-DANG","t":"MD82"},"0020":{"r":"I-DACS","t":"MD82"},"0021":{"r":"I-DANH","t":"MD82"},"0025":{"r":"I-DANQ","t":"MD82"},"0029":{"r":"I-DANW","t":"MD82"},"003A":{"r":"I-DATE","t":"MD82"},"003D":{"r":"I-DATU","t":"MD82"},"003F":{"r":"I-DATC","t":"MD82"},"0040":{"r":"I-DACR","t":"MD82"},"0043":{"r":"I-DATG","t":"MD82"},"0048":{"r":"I-DATM","t":"MD82"},"004B":{"r":"I-DATQ","t":"MD82"},"005A":{"r":"I-BIXA","t":"A321"},"005B":{"r":"I-BIXE","t":"A321"},"005C":{"r":"I-BIXI","t":"A321"},"005D":{"r":"I-BIXO","t":"A321"},"005E":{"r":"I-BIXU","t":"A321"},"005F":{"r":"I-BIXB","t":"A321"},"0060":{"r":"I-BIXC","t":"A321"},"0061":{"r":"I-BIXD","t":"A321"},"0062":{"r":"I-BIXF","t":"A321"},"0063":{"r":"I-BIXG","t":"A321"},"0064":{"r":"I-BIXL","t":"A321"},"0065":{"r":"I-BIXM","t":"A321"},"0066":{"r":"I-BIXN","t":"A321"},"0067":{"r":"I-BIXP","t":"A321"},"0068":{"r":"I-BIXQ","t":"A321"},"0069":{"r":"I-BIXR","t":"A321"},"006A":{"r":"I-BIXS","t":"A321"},"006B":{"r":"I-BIXT","t":"A321"},"006C":{"r":"I-BIXV","t":"A321"},"006D":{"r":"I-BIXZ","t":"A321"},"007D":{"r":"I-SNAW","t":"F2TH"},"0081":{"r":"I-BEAU","t":"F900"},"008C":{"r":"I-DEIG","t":"B763"},"0090":{"r":"I-BIXH","t":"A321"},"0091":{"r":"I-BIXJ","t":"A321"},"0092":{"r":"I-BIXK","t":"A321"},"00AC":{"r":"I-DAWW","t":"MD82"},"00AE":{"r":"I-DAWZ","t":"MD82"},"00AF":{"r":"I-DAVA","t":"MD82"},"00B7":{"r":"I-DAVJ","t":"MD82"},"00C5":{"r":"I-BIKA","t":"A320"},"00C6":{"r":"I-BIKB","t":"A320"},"00C7":{"r":"I-BIKC","t":"A320"},"00C8":{"r":"I-BIKD","t":"A320"},"00C9":{"r":"I-BIKE","t":"A320"},"00CB":{"r":"I-BIKG","t":"A320"},"00CC":{"r":"I-BIKI","t":"A320"},"00CD":{"r":"I-BIKL","t":"A320"},"00CE":{"r":"I-BIKF","t":"A320"},"00D0":{"r":"I-BIKO","t":"A320"},"00D6":{"r":"I-BIKU","t":"A320"},"00DD":{"r":"I-SMET","t":"MD82"},"00E0":{"r":"I-BENN","t":"C550"},"00F0":{"r":"I-DIES","t":"F900"},"00F4":{"r":"I-BENT","t":"C56X"},"00F5":{"r":"I-ERJD","t":"LJ45"},"00FF":{"r":"I-AIRX","t":"J328"},"0107":{"r":"I-FLYP","t":"F2TH"},"011F":{"r":"I-FLYV","t":"F2TH"},"0124":{"r":"I-DEAS","t":"GLF5"},"0125":{"r":"I-CAFD","t":"FA50"},"0131":{"r":"I-MLQT","t":"F27"},"0132":{"r":"I-MLRT","t":"F27"},"013F":{"r":"I-FLYW","t":"F900"},"0140":{"r":"I-ADLZ","t":"AT45"},"0149":{"r":"I-RONY","t":"H25B"},"014A":{"r":"I-ASER","t":"BE40"},"014D":{"r":"I-TLCM","t":"F900"},"014E":{"r":"I-GIWW","t":"C550"},"0152":{"r":"I-VITH","t":"BE40"},"0154":{"r":"I-CAEX","t":"F900"},"0158":{"r":"I-MTVB","t":"C550"},"015B":{"r":"I-RVRP","t":"C525"},"015C":{"r":"I-ALKA","t":"C550"},"0160":{"r":"I-DDVF","t":"F2TH"},"0164":{"r":"I-BIMA","t":"A319"},"0165":{"r":"I-BIME","t":"A319"},"0166":{"r":"I-BIMI","t":"A319"},"0167":{"r":"I-BIMO","t":"A319"},"0168":{"r":"I-BIMB","t":"A319"},"0169":{"r":"I-BIMC","t":"A319"},"016A":{"r":"I-BIMD","t":"A319"},"016B":{"r":"I-BIMF","t":"A319"},"016C":{"r":"I-BIMG","t":"A319"},"016D":{"r":"I-BIMH","t":"A319"},"016E":{"r":"I-BIML","t":"A319"},"016F":{"r":"I-ALHO","t":"H25B"},"0171":{"r":"I-BIMJ","t":"A319"},"0172":{"r":"I-NEOS","t":"B738"},"0174":{"r":"I-DISA","t":"B772"},"0175":{"r":"I-DISE","t":"B772"},"0176":{"r":"I-DISO","t":"B772"},"0177":{"r":"I-DISU","t":"B772"},"0178":{"r":"I-DISB","t":"B772"},"0179":{"r":"I-DISD","t":"B772"},"0181":{"r":"I-LVNB","t":"C25A"},"0185":{"r":"I-TOPB","t":"BE40"},"0189":{"r":"I-NEOT","t":"B738"},"0194":{"r":"I-ULJA","t":"FA20"},"0196":{"r":"I-DAGS","t":"CL60"},"019C":{"r":"I-NEOU","t":"B738"},"01A1":{"r":"I-EEZF","t":"A320"},"01A7":{"r":"I-ARIF","t":"F2TH"},"01A8":{"r":"I-EEZE","t":"A320"},"01A9":{"r":"I-EEZG","t":"A320"},"01AB":{"r":"I-DLOH","t":"H25B"},"01AF":{"r":"I-MLXT","t":"F27"},"01BE":{"r":"I-NATS","t":"F2TH"},"01C2":{"r":"I-LLAG","t":"B763"},"01C3":{"r":"I-CMAL","t":"C56X"},"01C4":{"r":"I-ERJE","t":"LJ45"},"01C5":{"r":"I-NEOX","t":"B738"},"01C6":{"r":"I-FXRD","t":"P180"},"01C8":{"r":"I-LIVM","t":"A332"},"01C9":{"r":"I-JAMY","t":"F2TH"},"01CA":{"r":"I-SEAE","t":"F2TH"},"01D0":{"r":"I-LALL","t":"C25A"},"01D1":{"r":"I-LIVN","t":"A332"},"01D2":{"r":"I-LIVL","t":"A332"},"01D6":{"r":"I-ERJG","t":"LJ40"},"01D9":{"r":"I-SDFC","t":"CL30"},"01EC":{"r":"I-ELYS","t":"LJ40"},"01F1":{"r":"I-BPAE","t":"P180"},"01F3":{"r":"I-TOPD","t":"BE40"},"01F4":{"r":"I-EEZH","t":"A320"},"01F5":{"r":"I-EEZI","t":"A320"},"01F6":{"r":"I-EEZJ","t":"A332"},"0201":{"r":"I-MLGT","t":"F27"},"0208":{"r":"I-PNCA","t":"C550"},"020A":{"r":"I-EEZK","t":"A320"},"0214":{"r":"I-TAKA","t":"C56X"},"0218":{"r":"I-ADJH","t":"B463"},"021A":{"r":"I-ADJJ","t":"B463"},"0224":{"r":"I-GURU","t":"LJ40"},"022D":{"r":"I-PATS","t":"S211"},"0236":{"r":"I-PARS","t":"LJ40"},"023A":{"r":"I-FLYD","t":"C560"},"024F":{"r":"I-AZFB","t":"H25B"},"0254":{"r":"I-FORR","t":"LJ40"},"0256":{"r":"I-LOAN","t":"PC12"},"0257":{"r":"I-ATRO","t":"AT72"},"0258":{"r":"I-ATRQ","t":"AT72"},"0259":{"r":"I-ATRR","t":"AT72"},"025A":{"r":"I-ATRS","t":"AT72"},"025C":{"r":"I-KREM","t":"H25B"},"025D":{"r":"I-ERJJ","t":"LJ40"},"026E":{"r":"I-TCGR","t":"F900"},"0271":{"r":"I-CCCH","t":"CL30"},"0277":{"r":"I-CNDB","t":"PC12"},"0279":{"r":"I-LUXO","t":"GLF5"},"0283":{"r":"I-MLHT","t":"F27"},"0284":{"r":"I-AIGG","t":"B763"},"0288":{"r":"I-TOPH","t":"H25B"},"028B":{"r":"I-EEZL","t":"A332"},"028C":{"r":"I-EEZM","t":"A332"},"028D":{"r":"I-PBRA","t":"FA50"},"029B":{"r":"I-DFSL","t":"LJ45"},"029D":{"r":"I-JAMJ","t":"F2TH"},"029E":{"r":"I-PRAD","t":"LJ60"},"02A2":{"r":"I-FDED","t":"BE40"},"02A3":{"r":"I-CFLY","t":"LJ31"},"02AB":{"r":"I-WEBA","t":"A320"},"02AC":{"r":"I-WEBB","t":"A320"},"02B2":{"r":"I-FXRC","t":"P180"},"02CB":{"r":"I-ZACK","t":"C560"},"02D0":{"r":"I-VRCM","t":"P210"},"02D1":{"r":"I-RPLY","t":"LJ35"},"02DE":{"r":"I-ALVC","t":"BE40"},"02E0":{"r":"I-AIGL","t":"B733"},"02E1":{"r":"I-AIGM","t":"B733"},"02E3":{"r":"I-SKYB","t":"E120"},"02EC":{"r":"I-GOCO","t":"LJ40"},"02EE":{"r":"I-WJET","t":"P180"},"02FC":{"r":"I-DMSA","t":"PRM1"},"0307":{"r":"I-CMAB","t":"C56X"},"030A":{"r":"I-FORU","t":"LJ45"},"0312":{"r":"I-SMEN","t":"MD83"},"032D":{"r":"I-NGIR","t":"PRM1"},"0332":{"r":"I-SEAS","t":"F900"},"0338":{"r":"I-MFAB","t":"H25B"},"034D":{"r":"I-YLFC","t":"LJ40"},"0354":{"r":"I-CALZ","t":"C25A"},"0359":{"r":"I-AIGH","t":"B762"},"035A":{"r":"I-AIGI","t":"B762"},"035F":{"r":"I-BBGR","t":"H25B"},"0363":{"r":"I-AFOI","t":"PRM1"},"0371":{"r":"I-KERE","t":"F2TH"},"0375":{"r":"I-AWIT","t":"A139"},"037F":{"r":"I-BEDT","t":"C56X"},"0381":{"r":"I-CMAD","t":"C56X"},"038B":{"r":"I-WISH","t":"CL60"},"038C":{"r":"I-OMRA","t":"C25A"},"0390":{"r":"I-NEOW","t":"B738"},"0393":{"r":"I-ADJK","t":"E190"},"0394":{"r":"I-ADJL","t":"E190"},"0399":{"r":"I-DMSB","t":"PRM1"},"03A7":{"r":"I-FXRG","t":"P180"},"03AD":{"r":"I-ADJM","t":"E190"},"03AE":{"r":"I-ADJN","t":"E190"},"03AF":{"r":"I-ADJO","t":"E190"},"03B3":{"r":"I-FXRH","t":"P180"},"03BD":{"r":"I-AIGP","t":"B738"},"03C3":{"r":"I-TIAF","t":"P180"},"03CC":{"r":"I-EEZP","t":"A320"},"03CD":{"r":"I-MLXT","t":"F27"},"03D0":{"r":"I-CNDG","t":"C56X"},"03D7":{"r":"I-FXRI","t":"P180"},"03DD":{"r":"I-FXRJ","t":"P180"},"03E2":{"r":"I-DARC","t":"P180"},"03E6":{"r":"I-GSAL","t":"PRM1"},"03EB":{"r":"I-GGLA","t":"C56X"},"03F1":{"r":"I-MLDT","t":"F50"},"03F4":{"r":"I-EEZQ","t":"A319"},"03F5":{"r":"I-FEDN","t":"F2TH"},"0434":{"r":"I-YUMA","t":"EC20"},"0436":{"r":"I-IRCS","t":"CL60"},"0437":{"r":"I-SDAG","t":"LJ60"},"0440":{"r":"I-FFRR","t":"FA7X"},"0445":{"r":"I-AFIT","t":"FA7X"},"0447":{"r":"I-EPAM","t":"H25B"},"0450":{"r":"I-AFMA","t":"CL60"},"0469":{"r":"I-AWRH","t":"A139"},"0473":{"r":"I-JAMI","t":"FA7X"},"047D":{"r":"I-MOFI","t":"F2TH"},"0480":{"r":"I-STCA","t":"C510"},"0482":{"r":"I-STCB","t":"C510"},"048E":{"r":"I-GIOA","t":"F100"},"048F":{"r":"I-TOPX","t":"BE40"},"0490":{"r":"I-GEFD","t":"F2TH"},"04A3":{"r":"I-GIOI","t":"F100"},"04A4":{"r":"I-STCC","t":"C510"},"04A5":{"r":"I-STCD","t":"C510"},"04B3":{"r":"I-NDOF","t":"B763"},"04B9":{"r":"I-EDLO","t":"H25B"},"04C7":{"r":"I-ADVD","t":"GLF5"},"04E5":{"r":"I-FXRK","t":"P180"},"0500":{"r":"I-NEMO","t":"F900"},"0520":{"r":"I-DLGH","t":"GLF4"},"0528":{"r":"I-GSIN","t":"LJ60"},"0557":{"r":"I-ADJQ","t":"E190"},"0564":{"r":"I-ADJT","t":"E190"},"0586":{"r":"I-SEAM","t":"GLF5"}}