{"0734":{"r":"JY-AYT","t":"A321"},"1053":{"r":"EC-GRF","t":"A320"},"1054":{"r":"EC-GRG","t":"A320"},"1055":{"r":"EC-GRH","t":"A320"},"1056":{"r":"EC-FCB","t":"A320"},"1090":{"r":"EC-ICF","t":"A343"},"10C7":{"r":"EC-FDB","t":"A320"},"10C8":{"r":"EC-FDA","t":"A320"},"10CA":{"r":"EC-ICQ","t":"A320"},"10CB":{"r":"EC-FGV","t":"A320"},"10CD":{"r":"EC-FGR","t":"A320"},"10CE":{"r":"EC-ICR","t":"A320"},"10CF":{"r":"EC-ICS","t":"A320"},"110C":{"r":"EC-ICT","t":"A320"},"110D":{"r":"EC-FLP","t":"A320"},"1111":{"r":"EC-FNR","t":"A320"},"1112":{"r":"EC-FQY","t":"A320"},"1119":{"r":"EC-FTR","t":"B752"},"1141":{"r":"EC-ISY","t":"B752"},"1147":{"r":"EC-GGS","t":"A343"},"1148":{"r":"EC-GHX","t":"A343"},"1149":{"r":"EC-GJT","t":"A343"},"114A":{"r":"EC-GLE","t":"A343"},"114B":{"r":"EC-GPB","t":"A343"},"114D":{"r":"EC-GUP","t":"A343"},"114E":{"r":"EC-GUQ","t":"A343"},"118B":{"r":"TK.17-1","t":"B703"},"11D6":{"r":"EC-GNK","t":"F2TH"},"1207":{"r":"EC-GOV","t":"C560"},"124B":{"r":"EC-GYI","t":"CRJ2"},"124E":{"r":"EC-GXU","t":"MD83"},"1252":{"r":"EC-GQG","t":"MD83"},"1253":{"r":"EC-GOM","t":"MD83"},"125A":{"r":"EC-GNY","t":"MD83"},"12C3":{"r":"EC-HBL","t":"B738"},"12C4":{"r":"EC-HBM","t":"B738"},"12C5":{"r":"EC-HBN","t":"B738"},"12C6":{"r":"EC-HGO","t":"B738"},"12C7":{"r":"EC-HGP","t":"B738"},"12C8":{"r":"EC-HGQ","t":"B738"},"12C9":{"r":"EC-HJP","t":"B738"},"12CA":{"r":"EC-HJQ","t":"B738"},"12CB":{"r":"EC-HKQ","t":"B738"},"12CC":{"r":"EC-HKR","t":"B738"},"12D3":{"r":"EC-HDS","t":"B752"},"130A":{"r":"EC-GQO","t":"B462"},"130D":{"r":"EC-ELT","t":"B462"},"130E":{"r":"EC-FZE","t":"B462"},"130F":{"r":"EC-FVY","t":"B462"},"134B":{"r":"EC-HAF","t":"A320"},"134C":{"r":"EC-HAG","t":"A320"},"134D":{"r":"EC-HUH","t":"A321"},"134E":{"r":"EC-HUI","t":"A321"},"1389":{"r":"EC-HDK","t":"A320"},"138B":{"r":"EC-HDN","t":"A320"},"138C":{"r":"EC-HDO","t":"A320"},"138D":{"r":"EC-HDP","t":"A320"},"138E":{"r":"EC-HDT","t":"A320"},"138F":{"r":"EC-HDQ","t":"A343"},"1394":{"r":"EC-HEI","t":"AT75"},"1397":{"r":"EC-HDH","t":"B462"},"13C3":{"r":"EC-HGR","t":"A319"},"13C4":{"r":"EC-HGS","t":"A319"},"13C5":{"r":"EC-HGU","t":"A343"},"13C6":{"r":"EC-HGV","t":"A343"},"13C7":{"r":"EC-HGX","t":"A343"},"13C8":{"r":"EC-HGT","t":"A319"},"13CA":{"r":"EC-HGZ","t":"A320"},"13CB":{"r":"EC-HHA","t":"A320"},"13CD":{"r":"EC-HSF","t":"A320"},"13D7":{"r":"EC-HHI","t":"CRJ2"},"140D":{"r":"EC-HHV","t":"CRJ2"},"144A":{"r":"EC-HJH","t":"B462"},"1452":{"r":"EC-HSV","t":"B763"},"1487":{"r":"EC-HYC","t":"A320"},"1489":{"r":"EC-HYD","t":"A320"},"148A":{"r":"EC-HUJ","t":"A320"},"148B":{"r":"EC-HUK","t":"A320"},"148C":{"r":"EC-HUL","t":"A320"},"148D":{"r":"EC-HKO","t":"A319"},"1494":{"r":"EC-HNY","t":"B712"},"1495":{"r":"EC-HNZ","t":"B712"},"1497":{"r":"EC-HPM","t":"A321"},"1498":{"r":"EC-HQZ","t":"A321"},"1499":{"r":"EC-HRG","t":"A321"},"149A":{"r":"EC-HRP","t":"A320"},"14C2":{"r":"EC-HOB","t":"F900"},"14C6":{"r":"EC-HQG","t":"A320"},"14C8":{"r":"EC-HQI","t":"A320"},"14C9":{"r":"EC-HQJ","t":"A320"},"14CA":{"r":"EC-HQK","t":"A320"},"14CB":{"r":"EC-HQL","t":"A320"},"1506":{"r":"EC-HRO","t":"C550"},"150A":{"r":"EC-HTA","t":"A320"},"150B":{"r":"EC-IIG","t":"A321"},"150C":{"r":"EC-HTB","t":"A320"},"150D":{"r":"EC-HTC","t":"A320"},"150E":{"r":"EC-IGK","t":"A321"},"150F":{"r":"EC-HTD","t":"A320"},"1514":{"r":"EC-HXA","t":"A320"},"1518":{"r":"T.21-02","t":"C295"},"1545":{"r":"EC-HYI","t":"F2TH"},"1546":{"r":"EC-HVQ","t":"C525"},"1547":{"r":"EC-IFS","t":"GLEX"},"1549":{"r":"EC-HZS","t":"B738"},"154A":{"r":"EC-IDA","t":"B738"},"1555":{"r":"EC-IAZ","t":"A320"},"1558":{"r":"EC-IBK","t":"B350"},"1583":{"r":"EC-IDT","t":"B738"},"1584":{"r":"EC-IBD","t":"GLEX"},"1587":{"r":"EC-IBT","t":"DH8C"},"1589":{"r":"T.21-04","t":"C295"},"158F":{"r":"EC-ICL","t":"A320"},"15C3":{"r":"EC-IDF","t":"A343"},"15C9":{"r":"EC-IEJ","t":"A320"},"15CE":{"r":"EC-IEF","t":"A320"},"15CF":{"r":"EC-IEG","t":"A320"},"15D0":{"r":"EC-IEI","t":"A320"},"160B":{"r":"EC-IGO","t":"CL60"},"160E":{"r":"EC-III","t":"B738"},"1611":{"r":"EC-IIZ","t":"A320"},"1612":{"r":"EC-IIR","t":"E135"},"1618":{"r":"EC-IJU","t":"A321"},"1619":{"r":"EC-IIH","t":"A343"},"1646":{"r":"EC-IJN","t":"A321"},"164A":{"r":"EC-INO","t":"A346"},"164B":{"r":"EC-IOB","t":"A346"},"164C":{"r":"EC-IQR","t":"A346"},"1652":{"r":"EC-ILH","t":"A320"},"1657":{"r":"EC-IMB","t":"A320"},"165A":{"r":"EC-ILK","t":"LJ45"},"1682":{"r":"EC-ILQ","t":"A320"},"1683":{"r":"EC-ILO","t":"A321"},"1684":{"r":"EC-INM","t":"A320"},"1685":{"r":"EC-INB","t":"A321"},"1686":{"r":"EC-INS","t":"LJ55"},"1687":{"r":"EC-IMU","t":"A320"},"168C":{"r":"EC-INZ","t":"A320"},"168D":{"r":"EC-IOH","t":"A320"},"169A":{"r":"EC-IPI","t":"A320"},"2047":{"r":"EC-IOZ","t":"PRM1"},"2055":{"r":"EC-IRZ","t":"GLF5"},"2057":{"r":"EC-ISE","t":"B738"},"2058":{"r":"EC-ISN","t":"B738"},"2059":{"r":"EC-ILP","t":"A321"},"205A":{"r":"T.21-07","t":"C295"},"2086":{"r":"EC-ISY","t":"B752"},"208D":{"r":"EC-ISQ","t":"C56X"},"208F":{"r":"EC-ITN","t":"A321"},"2090":{"r":"EC-ILR","t":"A320"},"2091":{"r":"EC-ILS","t":"A320"},"2094":{"r":"EC-INJ","t":"C501"},"209A":{"r":"EC-IVG","t":"A320"},"20C3":{"r":"EC-IVV","t":"B738"},"20C5":{"r":"EC-IYI","t":"B738"},"20C7":{"r":"EC-IUQ","t":"GLEX"},"20C9":{"r":"EC-IVJ","t":"C25A"},"20CA":{"r":"EC-IXD","t":"A321"},"20CB":{"r":"EC-IZH","t":"A320"},"20CC":{"r":"EC-IZR","t":"A320"},"20CE":{"r":"EC-JAZ","t":"A319"},"20CF":{"r":"EC-JNI","t":"A321"},"20D5":{"r":"EC-IVP","t":"AT43"},"20D9":{"r":"EC-IYG","t":"A320"},"2101":{"r":"EC-HVV","t":"FA10"},"2102":{"r":"EC-JBH","t":"FA20"},"2104":{"r":"EC-JFH","t":"A320"},"2105":{"r":"EC-JFG","t":"A320"},"2106":{"r":"EC-JEI","t":"A319"},"2107":{"r":"EC-JDM","t":"A321"},"2108":{"r":"EC-JDL","t":"A319"},"2109":{"r":"EC-IZX","t":"A346"},"210A":{"r":"EC-IZY","t":"A346"},"210B":{"r":"EC-JBA","t":"A346"},"2111":{"r":"EC-IZK","t":"A320"},"2114":{"r":"EC-IZD","t":"A320"},"2115":{"r":"EC-JAB","t":"A320"},"2117":{"r":"EC-JAP","t":"B738"},"2118":{"r":"EC-JBJ","t":"B738"},"2119":{"r":"EC-JBK","t":"B738"},"211A":{"r":"EC-JBL","t":"B738"},"2141":{"r":"EC-JHK","t":"B738"},"2142":{"r":"EC-JHL","t":"B738"},"2148":{"r":"EC-IZP","t":"CRJ2"},"214B":{"r":"EC-ISH","t":"PC12"},"2152":{"r":"EC-JBB","t":"F900"},"2153":{"r":"EC-HZH","t":"SW4"},"2187":{"r":"EC-KHJ","t":"A320"},"2188":{"r":"EC-JFN","t":"A320"},"2189":{"r":"EC-JEJ","t":"A321"},"218A":{"r":"EC-JCY","t":"A346"},"218B":{"r":"EC-JCZ","t":"A346"},"218C":{"r":"EC-JCO","t":"CRJ2"},"218E":{"r":"EC-HCH","t":"SW4"},"218F":{"r":"EC-GVE","t":"SW4"},"2194":{"r":"EC-JFF","t":"A320"},"2195":{"r":"EC-JGM","t":"A320"},"2199":{"r":"T.21-09","t":"C295"},"21C2":{"r":"EC-JCU","t":"SW4"},"21D1":{"r":"EC-JKZ","t":"B738"},"21D5":{"r":"EC-IMF","t":"C550"},"21D6":{"r":"EC-HAK","t":"E120"},"21D7":{"r":"EC-HCF","t":"E120"},"21D8":{"r":"EC-HFK","t":"E120"},"21DA":{"r":"EC-HTS","t":"E120"},"21DD":{"r":"EC-HMY","t":"E120"},"2201":{"r":"EC-IMX","t":"E120"},"2202":{"r":"EC-JBD","t":"E120"},"2203":{"r":"EC-JBE","t":"E120"},"2206":{"r":"EC-JGN","t":"GALX"},"2208":{"r":"EC-HJC","t":"SW4"},"220F":{"r":"EC-JHP","t":"A333"},"2210":{"r":"EC-JGS","t":"A321"},"2211":{"r":"EC-JDR","t":"A321"},"2212":{"r":"EC-JFX","t":"A346"},"2213":{"r":"EC-JFT","t":"C560"},"2247":{"r":"EC-HGI","t":"C550"},"224C":{"r":"EC-JJD","t":"A320"},"224E":{"r":"EC-JLI","t":"A321"},"224F":{"r":"EC-JMR","t":"A321"},"2250":{"r":"EC-JLE","t":"A346"},"2255":{"r":"EC-JFO","t":"PC12"},"2292":{"r":"EC-JIU","t":"C525"},"2293":{"r":"EC-JJS","t":"MD83"},"2294":{"r":"EC-JIL","t":"GLEX"},"2297":{"r":"EC-ITP","t":"SW4"},"22C2":{"r":"EC-JJU","t":"C25A"},"22C3":{"r":"EC-GSQ","t":"B350"},"22C6":{"r":"EC-JNF","t":"B738"},"22C9":{"r":"EC-JPF","t":"A332"},"22CA":{"r":"EC-JQG","t":"A332"},"22CB":{"r":"EC-JQQ","t":"A332"},"22D7":{"r":"EC-JKH","t":"E120"},"2302":{"r":"EC-JNC","t":"A320"},"230A":{"r":"EC-JNQ","t":"A346"},"230C":{"r":"EC-JPU","t":"A346"},"230D":{"r":"EC-JPK","t":"GLF5"},"230E":{"r":"EC-JNY","t":"H25B"},"2388":{"r":"EC-JNB","t":"CRJ9"},"2389":{"r":"EC-JIP","t":"SW4"},"238B":{"r":"EC-JNZ","t":"F900"},"238E":{"r":"EC-JMS","t":"C25A"},"2391":{"r":"EC-JQP","t":"A320"},"2392":{"r":"EC-JNX","t":"CRJ2"},"2396":{"r":"EC-JSY","t":"A320"},"2397":{"r":"EC-JTQ","t":"A320"},"2398":{"r":"EC-JTR","t":"A320"},"23C2":{"r":"EC-JON","t":"C550"},"23C3":{"r":"EC-JQZ","t":"A321"},"23C4":{"r":"EC-JRE","t":"A321"},"23C5":{"r":"EC-JSB","t":"A320"},"23C6":{"r":"EC-JSK","t":"A320"},"23CD":{"r":"EC-JQV","t":"MD83"},"23D0":{"r":"EC-JPV","t":"LJ60"},"23D4":{"r":"EC-JQE","t":"GALX"},"23D8":{"r":"EC-JQF","t":"AT72"},"2412":{"r":"EC-JVM","t":"LJ60"},"2418":{"r":"EC-JVE","t":"A319"},"2419":{"r":"EC-JXA","t":"A319"},"241A":{"r":"EC-JXJ","t":"A319"},"2441":{"r":"EC-JXV","t":"A319"},"2443":{"r":"EC-GPS","t":"SW4"},"244E":{"r":"EC-JUF","t":"MD82"},"2450":{"r":"EC-GQA","t":"E120"},"2452":{"r":"EC-JTH","t":"C551"},"2457":{"r":"EC-JTS","t":"CRJ9"},"2458":{"r":"EC-JTT","t":"CRJ9"},"2459":{"r":"EC-JTU","t":"CRJ9"},"2488":{"r":"EC-JYC","t":"SW4"},"248B":{"r":"EC-JVI","t":"F2TH"},"248C":{"r":"EC-JVR","t":"F900"},"2491":{"r":"EC-JVB","t":"LJ60"},"2496":{"r":"EC-JXR","t":"F2TH"},"24C2":{"r":"EC-JXF","t":"AT72"},"24C8":{"r":"EC-JYG","t":"C680"},"24C9":{"r":"EC-JXZ","t":"CRJ9"},"24CA":{"r":"EC-JYA","t":"CRJ9"},"24CC":{"r":"EC-JYR","t":"GLF5"},"24CD":{"r":"EC-KBV","t":"B738"},"24CE":{"r":"EC-KCG","t":"B738"},"24CF":{"r":"EC-KEO","t":"B738"},"24D0":{"r":"EC-JZL","t":"A332"},"24D1":{"r":"EC-JYX","t":"A320"},"24D2":{"r":"EC-JZI","t":"A320"},"24D4":{"r":"EC-KDH","t":"A320"},"24D5":{"r":"EC-KDG","t":"A320"},"2501":{"r":"EC-JYQ","t":"LJ60"},"2506":{"r":"EC-JZK","t":"C56X"},"250A":{"r":"EC-JZM","t":"A321"},"250B":{"r":"EC-KBJ","t":"A319"},"250C":{"r":"EC-KBX","t":"A319"},"250E":{"r":"EC-KDI","t":"A319"},"2510":{"r":"EC-KEV","t":"A319"},"2514":{"r":"EC-KCX","t":"MD83"},"2515":{"r":"EC-JZX","t":"B712"},"2519":{"r":"EC-JYV","t":"CRJ9"},"251A":{"r":"EC-JYT","t":"CL60"},"2541":{"r":"EC-IXL","t":"SW4"},"2544":{"r":"EC-KAI","t":"AT43"},"2548":{"r":"EC-JZQ","t":"A320"},"254B":{"r":"EC-KBC","t":"GALX"},"254C":{"r":"EC-KFQ","t":"E135"},"254D":{"r":"EC-JZS","t":"CRJ9"},"254E":{"r":"EC-JZT","t":"CRJ9"},"254F":{"r":"EC-JZU","t":"CRJ9"},"2550":{"r":"EC-JZV","t":"CRJ9"},"2558":{"r":"EC-KBU","t":"A320"},"2559":{"r":"EC-KCA","t":"GALX"},"2581":{"r":"EC-KCU","t":"A320"},"2582":{"r":"EC-KDT","t":"A320"},"2585":{"r":"EC-GUS","t":"SW4"},"2586":{"r":"EC-KCL","t":"A343"},"2587":{"r":"EC-KBR","t":"GLF5"},"2588":{"r":"EC-KFA","t":"F900"},"258A":{"r":"EC-KBO","t":"B734"},"258B":{"r":"EC-KFT","t":"A319"},"258D":{"r":"EC-KHX","t":"B712"},"258F":{"r":"EC-KDX","t":"A320"},"2590":{"r":"EC-KFI","t":"A320"},"2591":{"r":"EC-KHN","t":"A320"},"2592":{"r":"EC-KJD","t":"A320"},"25CC":{"r":"EC-KES","t":"C25A"},"25CD":{"r":"EC-KDY","t":"B733"},"25D2":{"r":"EC-KDJ","t":"B733"},"25D7":{"r":"EC-KFR","t":"B712"},"25D8":{"r":"EC-KEC","t":"A320"},"2603":{"r":"EC-JQK","t":"C172"},"2607":{"r":"EC-GFK","t":"SW4"},"2609":{"r":"EC-GXJ","t":"SW4"},"260E":{"r":"EC-KHM","t":"A319"},"260F":{"r":"EC-KJC","t":"A319"},"2647":{"r":"EC-KFS","t":"GLEX"},"264A":{"r":"EC-KKS","t":"A319"},"264F":{"r":"T.21-11","t":"C295"},"2653":{"r":"EC-KHP","t":"C550"},"2657":{"r":"EC-KJS","t":"GLF5"},"2685":{"r":"EC-KHT","t":"E135"},"268A":{"r":"EC-KJH","t":"GLEX"},"268F":{"r":"EC-KKK","t":"C560"},"2AA7":{"r":"EC-JUG","t":"MD83"},"3042":{"r":"EC-KKC","t":"C680"},"3045":{"r":"EC-KKT","t":"A320"},"3046":{"r":"EC-KLB","t":"A320"},"3048":{"r":"EC-KKN","t":"GLEX"},"304A":{"r":"EC-KGX","t":"C501"},"304B":{"r":"EC-KJR","t":"C551"},"3052":{"r":"EC-KLS","t":"GLF5"},"3056":{"r":"EC-KNE","t":"B712"},"308E":{"r":"EC-HIN","t":"C525"},"308F":{"r":"EC-KLR","t":"B733"},"3090":{"r":"EC-KHH","t":"PRM1"},"3091":{"r":"EC-KMF","t":"G150"},"3092":{"r":"EC-KLL","t":"GALX"},"3096":{"r":"EC-KKO","t":"C550"},"3098":{"r":"EC-KKE","t":"C525"},"30C2":{"r":"EC-KME","t":"A319"},"30C3":{"r":"EC-KMD","t":"A319"},"30C4":{"r":"EC-KOY","t":"A319"},"30C5":{"r":"EC-KOU","t":"A343"},"30CB":{"r":"EC-KMS","t":"G150"},"30CC":{"r":"EC-KLT","t":"A320"},"30CD":{"r":"EC-KMI","t":"A320"},"30CE":{"r":"EC-KMT","t":"H25B"},"30D8":{"r":"T.21-13","t":"C295"},"30D9":{"r":"EC-KMK","t":"C680"},"30DA":{"r":"EC-KOX","t":"A320"},"3106":{"r":"EC-KOI","t":"C25A"},"3107":{"r":"EC-KNP","t":"BE20"},"310C":{"r":"EC-KPL","t":"GALX"},"310D":{"r":"EC-KLD","t":"B752"},"3110":{"r":"EC-KPF","t":"GALX"},"311A":{"r":"EC-KNM","t":"A320"},"3141":{"r":"EC-KOH","t":"A320"},"3142":{"r":"EC-KPJ","t":"G150"},"3144":{"r":"EC-GEN","t":"SW4"},"3147":{"r":"EC-KOM","t":"A332"},"3148":{"r":"EC-KTG","t":"A332"},"314B":{"r":"EC-402","t":"A400"},"314C":{"r":"EC-404","t":"A400"},"3181":{"r":"EC-KPE","t":"C56X"},"3183":{"r":"EC-KPB","t":"C56X"},"3184":{"r":"EC-KPX","t":"A320"},"318A":{"r":"EC-KOL","t":"C56X"},"3194":{"r":"EC-KRH","t":"A320"},"3196":{"r":"EC-KVD","t":"B733"},"3197":{"r":"EC-KTZ","t":"B733"},"31C3":{"r":"EC-KQC","t":"B744"},"31C4":{"r":"EC-KPP","t":"FA10"},"31C8":{"r":"EC-KQO","t":"C25B"},"31C9":{"r":"EC-KRN","t":"GALX"},"31CE":{"r":"EC-KSE","t":"A343"},"31D1":{"r":"EC-KRD","t":"B734"},"31D4":{"r":"EC-KRA","t":"B733"},"3202":{"r":"EC-KSM","t":"B744"},"320A":{"r":"EC-KQP","t":"TBM8"},"320D":{"r":"EC-KRJ","t":"E190"},"320E":{"r":"EC-KTV","t":"G150"},"320F":{"r":"EC-KTK","t":"G150"},"3210":{"r":"EC-KSF","t":"MD87"},"3218":{"r":"EC-KVU","t":"GLEX"},"324C":{"r":"EC-KSB","t":"C525"},"324E":{"r":"EC-KUB","t":"A319"},"324F":{"r":"EC-LEI","t":"A319"},"3282":{"r":"EC-KUL","t":"AT72"},"3289":{"r":"EC-KUM","t":"GLF5"},"32C9":{"r":"EC-KXF","t":"GLF5"},"32D6":{"r":"EC-KXD","t":"E190"},"32D7":{"r":"EC-KXN","t":"B744"},"3315":{"r":"EC-LEU","t":"A346"},"3347":{"r":"EC-KYO","t":"E190"},"3348":{"r":"EC-KYP","t":"E190"},"334D":{"r":"EC-KXS","t":"H25B"},"334E":{"r":"EC-LAC","t":"B733"},"3358":{"r":"EC-LAE","t":"GALX"},"3359":{"r":"EC-LBB","t":"GALX"},"3382":{"r":"EC-KZG","t":"A320"},"3383":{"r":"EC-LAJ","t":"A320"},"3385":{"r":"EC-LAA","t":"A320"},"3386":{"r":"EC-LAB","t":"A320"},"338D":{"r":"EC-KYZ","t":"A320"},"33CE":{"r":"EC-LBO","t":"C550"},"33D2":{"r":"EC-KZI","t":"A346"},"33D3":{"r":"EC-LBC","t":"B752"},"340A":{"r":"EC-LAF","t":"C510"},"3416":{"r":"EC-LDS","t":"ASTR"},"3419":{"r":"EC-LAQ","t":"A320"},"341A":{"r":"EC-LAV","t":"B734"},"3447":{"r":"EC-335","t":"A332"},"3488":{"r":"EC-LCZ","t":"A346"},"348E":{"r":"EC-LCM","t":"C525"},"3495":{"r":"EC-LCQ","t":"E190"},"3499":{"r":"EC-LEB","t":"GLEX"},"34C9":{"r":"EC-LCX","t":"C510"},"34CA":{"r":"EC-LEV","t":"A346"},"34CB":{"r":"EC-LCY","t":"P28A"},"34CE":{"r":"EC-LGV","t":"F2TH"},"34CF":{"r":"EC-LDE","t":"C525"},"34D2":{"r":"EC-LDN","t":"B734"},"34D9":{"r":"EC-LEQ","t":"A333"},"3501":{"r":"EC-JCV","t":"SW4"},"3503":{"r":"EC-339","t":"A332"},"3505":{"r":"EC-LES","t":"CL30"},"3507":{"r":"EC-LEY","t":"MD83"},"3519":{"r":"EC-LHC","t":"EA50"},"351A":{"r":"EC-LET","t":"EA50"},"3541":{"r":"EC-LII","t":"EA50"},"3542":{"r":"EC-LEK","t":"E190"},"3543":{"r":"EC-LFZ","t":"E190"},"354B":{"r":"EC-LFH","t":"DH8C"},"3551":{"r":"EC-LFS","t":"A346"},"3559":{"r":"EC-LIN","t":"E190"},"355A":{"r":"EC-LHL","t":"B752"},"3582":{"r":"EC-LGL","t":"B744"},"3583":{"r":"EC-LGG","t":"E135"},"35C4":{"r":"EC-LIY","t":"GLF5"},"35C5":{"r":"EC-LJP","t":"GLEX"},"35D5":{"r":"EC-LHM","t":"A343"},"3603":{"r":"EC-336","t":"A332"},"3605":{"r":"EC-LIH","t":"BE20"},"360B":{"r":"EC-LJI","t":"B733"},"3613":{"r":"EC-LKI","t":"B763"},"3614":{"r":"EC-LIO","t":"BE40"},"361A":{"r":"EC-LLV","t":"FA7X"},"3642":{"r":"EC-LKE","t":"A332"},"3643":{"r":"EC-LJC","t":"C510"},"364D":{"r":"EC-LKO","t":"B738"},"364E":{"r":"EC-LJR","t":"CRJX"},"364F":{"r":"EC-LJS","t":"CRJX"},"3650":{"r":"EC-LJT","t":"CRJX"},"368C":{"r":"EC-LJX","t":"CRJX"},"368E":{"r":"EC-LEA","t":"A320"},"3693":{"r":"EC-LKH","t":"A320"},"3694":{"r":"EC-LKF","t":"CRJX"},"3695":{"r":"EC-LKG","t":"A320"},"3697":{"r":"EC-LKM","t":"E190"},"4088":{"r":"EC-LKV","t":"B763"},"4089":{"r":"EC-LKS","t":"A343"},"4099":{"r":"EC-LLJ","t":"A320"},"409A":{"r":"EC-LLM","t":"A320"},"40C1":{"r":"EC-LML","t":"A320"},"40CC":{"r":"EC-LLX","t":"A320"},"40CD":{"r":"EC-LKX","t":"E190"},"40CE":{"r":"EC-LNH","t":"A332"},"40CF":{"r":"EC-LMN","t":"A332"},"40D0":{"r":"EC-FJF","t":"C414"},"4118":{"r":"EC-LNM","t":"GLEX"},"4144":{"r":"EC-LNC","t":"B734"},"4146":{"r":"EC-LLR","t":"E190"},"4149":{"r":"EC-LNA","t":"B744"},"414C":{"r":"EC-LMR","t":"B463"},"414D":{"r":"EC-LMY","t":"MD83"},"4156":{"r":"EC-LOB","t":"A320"},"4157":{"r":"EC-LOC","t":"A320"},"4158":{"r":"EC-LOP","t":"A320"},"415A":{"r":"EC-LOF","t":"B463"},"418D":{"r":"EC-LNP","t":"AT72"},"418E":{"r":"EC-LNQ","t":"AT72"},"4195":{"r":"EC-LOJ","t":"CRJX"},"4197":{"r":"EC-LOV","t":"CRJX"},"4198":{"r":"EC-LOX","t":"CRJX"},"420B":{"r":"EC-LPJ","t":"P180"},"4210":{"r":"EC-LQO","t":"A332"},"4211":{"r":"EC-LQP","t":"A332"},"4215":{"r":"EC-LPM","t":"B712"},"4216":{"r":"EC-LPR","t":"B738"},"4217":{"r":"EC-LPQ","t":"B738"},"425A":{"r":"EC-LPP","t":"C501"},"4281":{"r":"EC-LQJ","t":"A320"},"4282":{"r":"EC-LQK","t":"A320"},"4283":{"r":"EC-LQM","t":"A320"},"4284":{"r":"EC-LRA","t":"A320"},"4285":{"r":"EC-LQN","t":"A320"},"4286":{"r":"EC-LQL","t":"A320"},"4289":{"r":"EC-LQS","t":"B712"},"4290":{"r":"EC-LQF","t":"C550"},"4291":{"r":"EC-LQZ","t":"A320"},"4292":{"r":"EC-LRE","t":"A320"},"4293":{"r":"EC-LRY","t":"A320"},"4294":{"r":"EC-LRM","t":"A320"},"4295":{"r":"EC-LQV","t":"AT76"},"4297":{"r":"EC-LQX","t":"B738"},"4298":{"r":"EC-LRN","t":"A320"},"4299":{"r":"EC-LRS","t":"A319"},"429A":{"r":"EC-LRZ","t":"A319"},"42C1":{"r":"EC-LSA","t":"A320"},"42C9":{"r":"EC-LTF","t":"GLEX"},"42CB":{"r":"EC-LRR","t":"AT76"},"42CC":{"r":"EC-LRU","t":"AT76"},"42CD":{"r":"EC-LTO","t":"B733"},"42D4":{"r":"EC-LSN","t":"AT72"},"42DA":{"r":"EC-LTC","t":"B734"},"4304":{"r":"EC-LUB","t":"A333"},"4305":{"r":"EC-LUK","t":"A333"},"4306":{"r":"EC-LTA","t":"BE20"},"4307":{"r":"EC-LSQ","t":"AT76"},"430C":{"r":"EC-LTG","t":"B734"},"4341":{"r":"EC-LTM","t":"B738"},"4344":{"r":"EC-LUX","t":"A333"},"4345":{"r":"EC-LXK","t":"A333"},"4346":{"r":"EC-LYF","t":"A333"},"43D1":{"r":"EC-LUN","t":"A320"},"43D2":{"r":"EC-LUO","t":"A320"},"43D3":{"r":"EC-LVO","t":"A320"},"43D4":{"r":"EC-LVP","t":"A320"},"43D5":{"r":"EC-LVU","t":"A320"},"4409":{"r":"EC-LVS","t":"A320"},"440A":{"r":"EC-LVT","t":"A320"},"440B":{"r":"EC-LVV","t":"A320"},"440C":{"r":"EC-LVX","t":"A320"},"440F":{"r":"EC-LVA","t":"A320"},"4410":{"r":"EC-LVB","t":"A320"},"4416":{"r":"EC-LUS","t":"A320"},"4417":{"r":"EC-LUL","t":"A320"},"4441":{"r":"EC-LVC","t":"A320"},"4445":{"r":"EC-LZD","t":"A320"},"4446":{"r":"EC-LUT","t":"B738"},"4449":{"r":"EC-LVD","t":"A320"},"444B":{"r":"EC-LRG","t":"A320"},"444C":{"r":"EC-LUC","t":"A320"},"444D":{"r":"EC-LUD","t":"A320"},"444E":{"r":"EC-LVL","t":"A332"},"4450":{"r":"EC-LXA","t":"A333"},"4455":{"r":"EC-LVQ","t":"A320"},"4459":{"r":"EC-LVR","t":"B738"},"4481":{"r":"EC-LXQ","t":"A320"},"4487":{"r":"EC-LXV","t":"B738"},"448B":{"r":"EC-LYO","t":"GLF5"},"448D":{"r":"EC-LYE","t":"A320"},"4495":{"r":"EC-LYL","t":"C56X"},"4498":{"r":"EC-LYM","t":"A320"},"44C3":{"r":"EC-LYR","t":"B738"},"44C4":{"r":"EC-LZJ","t":"A332"},"44C5":{"r":"EC-LZE","t":"A320"},"44C6":{"r":"EC-LZF","t":"A320"},"44C7":{"r":"EC-LZZ","t":"A320"},"44C8":{"r":"EC-MBK","t":"A320"},"44C9":{"r":"EC-MAH","t":"A320"},"44CA":{"r":"EC-MAI","t":"A320"},"44CB":{"r":"EC-MAO","t":"A320"},"44CC":{"r":"EC-MAN","t":"A320"},"44CF":{"r":"EC-LZN","t":"A320"},"44D0":{"r":"EC-MBD","t":"A320"},"44D1":{"r":"EC-MBE","t":"A320"},"44D2":{"r":"EC-MAX","t":"A320"},"44D9":{"r":"EC-LZM","t":"A320"},"44DA":{"r":"EC-MBS","t":"A320"},"4501":{"r":"EC-MBT","t":"A320"},"4508":{"r":"EC-LZO","t":"B763"},"4544":{"r":"EC-MAD","t":"B734"},"4547":{"r":"EC-LZU","t":"GLF6"},"4548":{"r":"EC-MBL","t":"A320"},"454A":{"r":"EC-MBF","t":"A320"},"454B":{"r":"EC-MBY","t":"A320"},"4557":{"r":"EC-MCU","t":"A320"},"4583":{"r":"EC-MBM","t":"A320"},"458D":{"r":"EC-LZS","t":"C510"},"45D1":{"r":"EC-MCB","t":"A320"},"45D4":{"r":"EC-MCS","t":"A320"},"4644":{"r":"EC-MDZ","t":"A320"},"4645":{"r":"EC-MEA","t":"A320"},"4646":{"r":"EC-MEL","t":"A320"},"4648":{"r":"EC-MDK","t":"A320"},"4649":{"r":"EC-MEY","t":"B734"},"4691":{"r":"EC-MEQ","t":"A320"},"4692":{"r":"EC-MER","t":"A320"},"4695":{"r":"EC-MFL","t":"A320"},"4696":{"r":"EC-MFM","t":"A320"},"4698":{"r":"EC-MGE","t":"A320"},"5042":{"r":"EC-MHB","t":"A321"},"5051":{"r":"EC-MEG","t":"A320"},"5052":{"r":"EC-MEH","t":"A320"},"5089":{"r":"EC-MFS","t":"B734"}}