{"0090":{"r":"F-GAEQ","t":"HR20"},"0471":{"r":"F-GBDR","t":"BE33"},"05CB":{"r":"F-GBOL","t":"GLEX"},"0838":{"r":"F-GCBY","t":"C172"},"08C0":{"r":"F-GCGA","t":"BE9L"},"09EE":{"r":"F-GCPO","t":"PA34"},"0A71":{"r":"F-GCTR","t":"BE9T"},"0C0F":{"r":"F-GDAP","t":"C206"},"0D32":{"r":"F-GDJS","t":"BE20"},"0E31":{"r":"F-GDRR","t":"PRM1"},"104B":{"r":"F-GECL","t":"M20P"},"1173":{"r":"F-GELT","t":"FA10"},"11D4":{"r":"F-GEOU","t":"BE9L"},"1232":{"r":"F-GERS","t":"BE20"},"124F":{"r":"F-GESP","t":"F2TH"},"1269":{"r":"F-GETJ","t":"BE9L"},"12E0":{"r":"F-GEXA","t":"B744"},"12E1":{"r":"F-GEXB","t":"B744"},"12F5":{"r":"F-GEXV","t":"BE10"},"1469":{"r":"F-GFDJ","t":"BE9L"},"1511":{"r":"F-GFIR","t":"BE9L"},"1527":{"r":"F-GFJH","t":"AT43"},"1540":{"r":"F-GFKA","t":"A320"},"1541":{"r":"F-GFKB","t":"A320"},"1543":{"r":"F-GFKD","t":"A320"},"1544":{"r":"F-GFKE","t":"A320"},"1547":{"r":"F-GFKH","t":"A320"},"1548":{"r":"F-GFKI","t":"A320"},"1549":{"r":"F-GFKJ","t":"A320"},"154A":{"r":"F-GFKK","t":"A320"},"154B":{"r":"F-GFKL","t":"A320"},"154C":{"r":"F-GFKM","t":"A320"},"154D":{"r":"F-GFKN","t":"A320"},"154F":{"r":"F-GFKP","t":"A320"},"1551":{"r":"F-GFKR","t":"A320"},"1552":{"r":"F-GFKS","t":"A320"},"1553":{"r":"F-GFKT","t":"A320"},"1554":{"r":"F-GFKU","t":"A320"},"1555":{"r":"F-GFKV","t":"A320"},"1557":{"r":"F-GFKX","t":"A320"},"1558":{"r":"F-GFKY","t":"A320"},"1559":{"r":"F-GFKZ","t":"A320"},"1684":{"r":"F-GFUE","t":"B733"},"1685":{"r":"F-GFUF","t":"B733"},"16AD":{"r":"F-GFVN","t":"BE9T"},"180B":{"r":"F-GGAL","t":"C650"},"1853":{"r":"F-GGCT","t":"C152"},"18B3":{"r":"F-GGFT","t":"P28A"},"18C0":{"r":"F-GGGA","t":"C550"},"18D3":{"r":"F-GGGT","t":"C550"},"1989":{"r":"F-GGMJ","t":"M20P"},"19B8":{"r":"F-GGNY","t":"TRIN"},"1A2B":{"r":"F-GGRL","t":"M20P"},"1AA1":{"r":"F-GGVB","t":"FA50"},"1AA6":{"r":"F-GGVG","t":"SW3"},"1C77":{"r":"F-GHDX","t":"FA10"},"1DC2":{"r":"F-GHOC","t":"BE20"},"1DE1":{"r":"F-GHPB","t":"FA10"},"1DF2":{"r":"F-GHPS","t":"AT43"},"1E02":{"r":"F-GHQC","t":"A320"},"1E03":{"r":"F-GHQD","t":"A320"},"1E04":{"r":"F-GHQE","t":"A320"},"1E06":{"r":"F-GHQG","t":"A320"},"1E07":{"r":"F-GHQH","t":"A320"},"1E08":{"r":"F-GHQI","t":"A320"},"1E09":{"r":"F-GHQJ","t":"A320"},"1E0A":{"r":"F-GHQK","t":"A320"},"1E0B":{"r":"F-GHQL","t":"A320"},"1E0C":{"r":"F-GHQM","t":"A320"},"1E0E":{"r":"F-GHQO","t":"A320"},"1E0F":{"r":"F-GHQP","t":"A320"},"1E10":{"r":"F-GHQQ","t":"A320"},"1E11":{"r":"F-GHQR","t":"A320"},"1E55":{"r":"F-GHSV","t":"BE20"},"1E95":{"r":"F-GHUV","t":"BE9L"},"200C":{"r":"F-GIAM","t":"C340"},"206B":{"r":"F-GIDL","t":"BE9L"},"20AA":{"r":"F-GIFK","t":"BE9T"},"2121":{"r":"F-GIJB","t":"BE20"},"21C6":{"r":"F-GIOG","t":"F100"},"21E7":{"r":"F-GIPH","t":"FA10"},"2232":{"r":"F-GIRS","t":"B738"},"2242":{"r":"F-GISC","t":"B744"},"2243":{"r":"F-GISD","t":"B744"},"2247":{"r":"F-GISH","t":"C510"},"2260":{"r":"F-GITA","t":"B744"},"2261":{"r":"F-GITB","t":"B744"},"2262":{"r":"F-GITC","t":"B744"},"2263":{"r":"F-GITD","t":"B744"},"2264":{"r":"F-GITE","t":"B744"},"2265":{"r":"F-GITF","t":"B744"},"2267":{"r":"F-GITH","t":"B744"},"2268":{"r":"F-GITI","t":"B744"},"2269":{"r":"F-GITJ","t":"B744"},"2280":{"r":"F-GIUA","t":"B744"},"2282":{"r":"F-GIUC","t":"B744"},"2283":{"r":"F-GIUD","t":"B744"},"2284":{"r":"F-GIUE","t":"B744"},"22E1":{"r":"F-GIXB","t":"B733"},"22E2":{"r":"F-GIXC","t":"B733"},"22E3":{"r":"F-GIXD","t":"B733"},"22E4":{"r":"F-GIXE","t":"B733"},"22E5":{"r":"F-GIXF","t":"B733"},"22E7":{"r":"F-GIXH","t":"B733"},"22E8":{"r":"F-GIXI","t":"B733"},"22E9":{"r":"F-GIXJ","t":"B733"},"22EB":{"r":"F-GIXL","t":"B733"},"22ED":{"r":"F-GIXN","t":"B734"},"22EE":{"r":"F-GIXO","t":"B733"},"22F1":{"r":"F-GIXR","t":"B733"},"22F2":{"r":"F-GIXS","t":"B733"},"22F3":{"r":"F-GIXT","t":"B733"},"2439":{"r":"F-GJBZ","t":"FA50"},"2461":{"r":"F-GJDB","t":"FA20"},"2507":{"r":"F-GJIH","t":"P28B"},"2510":{"r":"F-GJIQ","t":"ALO3"},"25C1":{"r":"F-GJOB","t":"C550"},"26A0":{"r":"F-GJVA","t":"A320"},"26A1":{"r":"F-GJVB","t":"A320"},"26A2":{"r":"F-GJVC","t":"A320"},"26A5":{"r":"F-GJVF","t":"A320"},"26A6":{"r":"F-GJVG","t":"A320"},"26B6":{"r":"F-GJVW","t":"A320"},"2851":{"r":"F-GKCR","t":"P28U"},"28E9":{"r":"F-GKHJ","t":"F900"},"28EA":{"r":"F-GKHK","t":"A320"},"2903":{"r":"F-GKID","t":"C500"},"29A1":{"r":"F-GKNB","t":"AT43"},"29E3":{"r":"F-GKPD","t":"AT72"},"2A4F":{"r":"F-GKSP","t":"BE9L"},"2AAE":{"r":"F-GKVO","t":"TRIN"},"2AE0":{"r":"F-GKXA","t":"A320"},"2AE1":{"r":"F-GKXB","t":"A320"},"2AE2":{"r":"F-GKXC","t":"A320"},"2AE3":{"r":"F-GKXD","t":"A320"},"2AE4":{"r":"F-GKXE","t":"A320"},"2AE5":{"r":"F-GKXF","t":"A320"},"2AE6":{"r":"F-GKXG","t":"A320"},"2AE7":{"r":"F-GKXH","t":"A320"},"2AE8":{"r":"F-GKXI","t":"A320"},"2AE9":{"r":"F-GKXJ","t":"A320"},"2AEA":{"r":"F-GKXK","t":"A320"},"2AEB":{"r":"F-GKXL","t":"A320"},"2AEC":{"r":"F-GKXM","t":"A320"},"2AED":{"r":"F-GKXN","t":"A320"},"2AEE":{"r":"F-GKXO","t":"A320"},"2AEF":{"r":"F-GKXP","t":"A320"},"2AF0":{"r":"F-GKXQ","t":"A320"},"2AF1":{"r":"F-GKXR","t":"A320"},"2AF2":{"r":"F-GKXS","t":"A320"},"2AF3":{"r":"F-GKXT","t":"A320"},"2AF4":{"r":"F-GKXU","t":"A320"},"2AF5":{"r":"F-GKXV","t":"A320"},"2AF8":{"r":"F-GKXY","t":"A320"},"2AF9":{"r":"F-GKXZ","t":"A320"},"2B0D":{"r":"F-GKYN"},"2B21":{"r":"F-GKZB","t":"BE58"},"2B33":{"r":"F-GKZT","t":"BE58"},"2C6A":{"r":"F-GLDK","t":"DR40"},"2C89":{"r":"F-GLEJ","t":"M20P"},"2CB2":{"r":"F-GLFS","t":"TRIN"},"2D6E":{"r":"F-GLLO","t":"SW3"},"2DA3":{"r":"F-GLND","t":"B190"},"2DA4":{"r":"F-GLNE","t":"B190"},"2DA5":{"r":"F-GLNF","t":"B190"},"2DA7":{"r":"F-GLNH","t":"B190"},"2DAA":{"r":"F-GLNK","t":"B190"},"2DD2":{"r":"F-GLOS","t":"C510"},"2DF3":{"r":"F-GLPT","t":"SW3"},"2E39":{"r":"F-GLRZ","t":"BE9L"},"2E40":{"r":"F-GLSA","t":"FA50"},"2E49":{"r":"F-GLSJ","t":"FA50"},"2E6A":{"r":"F-GLTK","t":"C550"},"2EF0":{"r":"F-GLXQ","t":"B734"},"2F03":{"r":"F-GLYD","t":"F900"},"2F22":{"r":"F-GLZC","t":"A343"},"2F26":{"r":"F-GLZG","t":"A343"},"2F27":{"r":"F-GLZH","t":"A343"},"2F28":{"r":"F-GLZI","t":"A343"},"2F29":{"r":"F-GLZJ","t":"A343"},"2F2A":{"r":"F-GLZK","t":"A343"},"2F2B":{"r":"F-GLZL","t":"A343"},"2F2C":{"r":"F-GLZM","t":"A343"},"2F2D":{"r":"F-GLZN","t":"A343"},"2F2E":{"r":"F-GLZO","t":"A343"},"2F2F":{"r":"F-GLZP","t":"A343"},"2F31":{"r":"F-GLZR","t":"A343"},"2F32":{"r":"F-GLZS","t":"A343"},"2F33":{"r":"F-GLZT","t":"A343"},"2F34":{"r":"F-GLZU","t":"A343"},"306B":{"r":"F-GMDL","t":"C525"},"3111":{"r":"F-GMIR","t":"C25A"},"3117":{"r":"F-GMIX","t":"TRIN"},"3168":{"r":"F-GMLI","t":"MD83"},"316A":{"r":"F-GMLK","t":"MD83"},"3174":{"r":"F-GMLU","t":"MD83"},"3177":{"r":"F-GMLX","t":"MD83"},"3182":{"r":"F-GMMC","t":"C525"},"31EC":{"r":"F-GMPM","t":"BE9L"},"320D":{"r":"F-GMQN","t":"TRIN"},"3269":{"r":"F-GMTJ","t":"C510"},"3320":{"r":"F-GMZA","t":"A321"},"3321":{"r":"F-GMZB","t":"A321"},"3322":{"r":"F-GMZC","t":"A321"},"3323":{"r":"F-GMZD","t":"A321"},"3324":{"r":"F-GMZE","t":"A321"},"3431":{"r":"F-GNBR","t":"B190"},"344B":{"r":"F-GNCL","t":"TRIN"},"3484":{"r":"F-GNEE","t":"BE9L"},"3505":{"r":"F-GNIF","t":"A343"},"3506":{"r":"F-GNIG","t":"A343"},"3507":{"r":"F-GNIH","t":"A343"},"3508":{"r":"F-GNII","t":"A343"},"3566":{"r":"F-GNLG","t":"F100"},"3567":{"r":"F-GNLH","t":"F100"},"3568":{"r":"F-GNLI","t":"F100"},"356A":{"r":"F-GNLK","t":"F100"},"35C4":{"r":"F-GNOE","t":"BE30"},"35E3":{"r":"F-GNPD","t":"BE20"},"3648":{"r":"F-GNSI","t":"BE58"},"364D":{"r":"F-GNSN","t":"BE58"},"36AA":{"r":"F-GNVK","t":"F900"},"3845":{"r":"F-GOCF","t":"BE20"},"3879":{"r":"F-GODZ","t":"PC6P"},"38E0":{"r":"F-GOHA","t":"E135"},"38E1":{"r":"F-GOHB","t":"E135"},"38E5":{"r":"F-GOHF","t":"E135"},"3975":{"r":"F-GOLV","t":"FA50"},"39EC":{"r":"F-GOPM","t":"FA20"},"3A41":{"r":"F-GOSB","t":"BE30"},"3A44":{"r":"F-GOSE","t":"PA46"},"3A4C":{"r":"F-GOSM","t":"AS50"},"3A6E":{"r":"F-GOTO","t":"A333"},"3B00":{"r":"F-GOYA","t":"F900"},"3C00":{"r":"F-GPAA","t":"FA20"},"3C02":{"r":"F-GPAC","t":"BE20"},"3C03":{"r":"F-GPAD","t":"FA20"},"3C25":{"r":"F-GPBF","t":"PA31"},"3C81":{"r":"F-GPEB","t":"C525"},"3C89":{"r":"F-GPEJ","t":"B752"},"3C8A":{"r":"F-GPEK","t":"B752"},"3CA3":{"r":"F-GPFD","t":"FA10"},"3CC7":{"r":"F-GPGH","t":"BE30"},"3CCB":{"r":"F-GPGL","t":"FA10"},"3CF1":{"r":"F-GPHR","t":"M20P"},"3D23":{"r":"F-GPJD","t":"BE9L"},"3D4B":{"r":"F-GPKL","t":"PA46"},"3D4D":{"r":"F-GPKN","t":"P180"},"3D4E":{"r":"F-GPKO","t":"P180"},"3D4F":{"r":"F-GPKP","t":"P180"},"3D52":{"r":"F-GPKS","t":"P180"},"3D6A":{"r":"F-GPLK","t":"BE9L"},"3D80":{"r":"F-GPMA","t":"A319"},"3D81":{"r":"F-GPMB","t":"A319"},"3D82":{"r":"F-GPMC","t":"A319"},"3D83":{"r":"F-GPMD","t":"A319"},"3D84":{"r":"F-GPME","t":"A319"},"3D85":{"r":"F-GPMF","t":"A319"},"3DA9":{"r":"F-GPNJ","t":"F900"},"3DAB":{"r":"F-GPNL","t":"F100"},"3DC2":{"r":"F-GPOC","t":"AT72"},"3DC3":{"r":"F-GPOD","t":"AT72"},"3DE5":{"r":"F-GPPF","t":"FA50"},"3E27":{"r":"F-GPRH","t":"BE30"},"3E40":{"r":"F-GPSA","t":"FA50"},"3E89":{"r":"F-GPUJ","t":"C25A"},"3EE1":{"r":"F-GPXB","t":"F100"},"3EE2":{"r":"F-GPXC","t":"F100"},"3EE4":{"r":"F-GPXE","t":"F100"},"3EE5":{"r":"F-GPXF","t":"F100"},"3EE6":{"r":"F-GPXG","t":"F100"},"3EE7":{"r":"F-GPXH","t":"F100"},"3EE8":{"r":"F-GPXI","t":"F100"},"3EE9":{"r":"F-GPXJ","t":"F100"},"3EEA":{"r":"F-GPXK","t":"F100"},"3EEB":{"r":"F-GPXL","t":"F100"},"3EEC":{"r":"F-GPXM","t":"F100"},"3F00":{"r":"F-GPYA","t":"AT45"},"3F01":{"r":"F-GPYB","t":"AT45"},"3F02":{"r":"F-GPYC","t":"AT45"},"3F03":{"r":"F-GPYD","t":"AT72"},"3F05":{"r":"F-GPYF","t":"AT45"},"3F0A":{"r":"F-GPYK","t":"AT45"},"3F0B":{"r":"F-GPYL","t":"AT45"},"3F0C":{"r":"F-GPYM","t":"AT45"},"3F0D":{"r":"F-GPYN","t":"AT45"},"3F0E":{"r":"F-GPYO","t":"AT43"},"3F18":{"r":"F-GPYY","t":"B190"},"4409":{"r":"F-GRAJ","t":"PC12"},"444C":{"r":"F-GRCM","t":"H269"},"4455":{"r":"F-GRCV","t":"F900"},"4493":{"r":"F-GRET","t":"C510"},"44C0":{"r":"F-GRGA","t":"E145"},"44C1":{"r":"F-GRGB","t":"E145"},"44C2":{"r":"F-GRGC","t":"E145"},"44C4":{"r":"F-GRGE","t":"E145"},"44C5":{"r":"F-GRGF","t":"E145"},"44C6":{"r":"F-GRGG","t":"E145"},"44C8":{"r":"F-GRGI","t":"E145"},"44C9":{"r":"F-GRGJ","t":"E145"},"44CA":{"r":"F-GRGK","t":"E145"},"44CB":{"r":"F-GRGL","t":"E145"},"44CF":{"r":"F-GRGP","t":"E135"},"44D1":{"r":"F-GRGR","t":"E145"},"44E0":{"r":"F-GRHA","t":"A319"},"44E1":{"r":"F-GRHB","t":"A319"},"44E2":{"r":"F-GRHC","t":"A319"},"44E3":{"r":"F-GRHD","t":"A319"},"44E4":{"r":"F-GRHE","t":"A319"},"44E5":{"r":"F-GRHF","t":"A319"},"44E6":{"r":"F-GRHG","t":"A319"},"44E7":{"r":"F-GRHH","t":"A319"},"44E8":{"r":"F-GRHI","t":"A319"},"44E9":{"r":"F-GRHJ","t":"A319"},"44EA":{"r":"F-GRHK","t":"A319"},"44EB":{"r":"F-GRHL","t":"A319"},"44EC":{"r":"F-GRHM","t":"A319"},"44ED":{"r":"F-GRHN","t":"A319"},"44EE":{"r":"F-GRHO","t":"A319"},"44EF":{"r":"F-GRHP","t":"A319"},"44F0":{"r":"F-GRHQ","t":"A319"},"44F1":{"r":"F-GRHR","t":"A319"},"44F2":{"r":"F-GRHS","t":"A319"},"44F3":{"r":"F-GRHT","t":"A319"},"44F4":{"r":"F-GRHU","t":"A319"},"44F5":{"r":"F-GRHV","t":"A319"},"44F7":{"r":"F-GRHX","t":"A319"},"44F8":{"r":"F-GRHY","t":"A319"},"44F9":{"r":"F-GRHZ","t":"A319"},"4524":{"r":"F-GRJE","t":"CRJ1"},"4525":{"r":"F-GRJF","t":"CRJ1"},"4526":{"r":"F-GRJG","t":"CRJ1"},"4528":{"r":"F-GRJI","t":"CRJ1"},"4529":{"r":"F-GRJJ","t":"CRJ1"},"452A":{"r":"F-GRJK","t":"CRJ1"},"452B":{"r":"F-GRJL","t":"CRJ1"},"452C":{"r":"F-GRJM","t":"CRJ1"},"452D":{"r":"F-GRJN","t":"CRJ1"},"452E":{"r":"F-GRJO","t":"CRJ1"},"452F":{"r":"F-GRJP","t":"CRJ1"},"4530":{"r":"F-GRJQ","t":"CRJ1"},"4531":{"r":"F-GRJR","t":"CRJ1"},"4533":{"r":"F-GRJT","t":"CRJ1"},"4534":{"r":"F-GRJU","t":"CRJ1"},"45B3":{"r":"F-GRNT","t":"SW3"},"45E8":{"r":"F-GRPI","t":"AT75"},"45E9":{"r":"F-GRPJ","t":"AT75"},"45EA":{"r":"F-GRPK","t":"AT75"},"45F7":{"r":"F-GRPX","t":"AT75"},"45F8":{"r":"F-GRPY","t":"AT75"},"45F9":{"r":"F-GRPZ","t":"AT75"},"4648":{"r":"F-GRSI","t":"A320"},"464E":{"r":"F-GRSO","t":"BE20"},"4650":{"r":"F-GRSQ","t":"A332"},"4689":{"r":"F-GRUJ","t":"C25B"},"46E0":{"r":"F-GRXA","t":"A319"},"46E1":{"r":"F-GRXB","t":"A319"},"46E2":{"r":"F-GRXC","t":"A319"},"46E3":{"r":"F-GRXD","t":"A319"},"46E4":{"r":"F-GRXE","t":"A319"},"46E5":{"r":"F-GRXF","t":"A319"},"46E7":{"r":"F-GRXH","t":"A319"},"46E9":{"r":"F-GRXJ","t":"A319"},"46EA":{"r":"F-GRXK","t":"A319"},"46EB":{"r":"F-GRXL","t":"A319"},"46EC":{"r":"F-GRXM","t":"A319"},"46ED":{"r":"F-GRXN","t":"A319"},"470B":{"r":"F-GRYL","t":"B190"},"4720":{"r":"F-GRZA","t":"CRJ7"},"4721":{"r":"F-GRZB","t":"CRJ7"},"4722":{"r":"F-GRZC","t":"RJ70"},"4723":{"r":"F-GRZD","t":"CRJ7"},"4724":{"r":"F-GRZE","t":"CRJ7"},"4725":{"r":"F-GRZF","t":"CRJ7"},"4726":{"r":"F-GRZG","t":"CRJ7"},"4727":{"r":"F-GRZH","t":"CRJ7"},"4728":{"r":"F-GRZI","t":"CRJ7"},"4729":{"r":"F-GRZJ","t":"CRJ7"},"472A":{"r":"F-GRZK","t":"CRJ7"},"472B":{"r":"F-GRZL","t":"CRJ7"},"472C":{"r":"F-GRZM","t":"CRJ7"},"472D":{"r":"F-GRZN","t":"CRJ7"},"472E":{"r":"F-GRZO","t":"CRJ7"},"4851":{"r":"F-GSCR","t":"C25B"},"4894":{"r":"F-GSEU","t":"A332"},"48CB":{"r":"F-GSGL","t":"C25B"},"4923":{"r":"F-GSJD","t":"BE58"},"4931":{"r":"F-GSJR","t":"PA46"},"4975":{"r":"F-GSLV","t":"TBM7"},"4979":{"r":"F-GSLZ","t":"FA10"},"4986":{"r":"F-GSMG","t":"C25B"},"49A0":{"r":"F-GSNA","t":"F900"},"49AA":{"r":"F-GSNK","t":"F900"},"49E0":{"r":"F-GSPA","t":"B772"},"49E1":{"r":"F-GSPB","t":"B772"},"49E2":{"r":"F-GSPC","t":"B772"},"49E3":{"r":"F-GSPD","t":"B772"},"49E4":{"r":"F-GSPE","t":"B772"},"49E5":{"r":"F-GSPF","t":"B772"},"49E6":{"r":"F-GSPG","t":"B772"},"49E7":{"r":"F-GSPH","t":"B772"},"49E8":{"r":"F-GSPI","t":"B772"},"49E9":{"r":"F-GSPJ","t":"B772"},"49EA":{"r":"F-GSPK","t":"B772"},"49EB":{"r":"F-GSPL","t":"B772"},"49EC":{"r":"F-GSPM","t":"B772"},"49ED":{"r":"F-GSPN","t":"B772"},"49EE":{"r":"F-GSPO","t":"B772"},"49EF":{"r":"F-GSPP","t":"B772"},"49F0":{"r":"F-GSPQ","t":"B772"},"49F1":{"r":"F-GSPR","t":"B772"},"49F2":{"r":"F-GSPS","t":"B772"},"49F3":{"r":"F-GSPT","t":"B772"},"49F4":{"r":"F-GSPU","t":"B772"},"49F5":{"r":"F-GSPV","t":"B772"},"49F7":{"r":"F-GSPX","t":"B772"},"49F8":{"r":"F-GSPY","t":"B772"},"49F9":{"r":"F-GSPZ","t":"B772"},"4A00":{"r":"F-GSQA","t":"B77W"},"4A01":{"r":"F-GSQB","t":"B77W"},"4A02":{"r":"F-GSQC","t":"B77W"},"4A03":{"r":"F-GSQD","t":"B77W"},"4A04":{"r":"F-GSQE","t":"B77W"},"4A05":{"r":"F-GSQF","t":"B77W"},"4A06":{"r":"F-GSQG","t":"B773"},"4A07":{"r":"F-GSQH","t":"B773"},"4A08":{"r":"F-GSQI","t":"B77W"},"4A09":{"r":"F-GSQJ","t":"B77W"},"4A0A":{"r":"F-GSQK","t":"B77W"},"4A0B":{"r":"F-GSQL","t":"B77W"},"4A0C":{"r":"F-GSQM","t":"B77W"},"4A0D":{"r":"F-GSQN","t":"B773"},"4A0E":{"r":"F-GSQO","t":"B773"},"4A0F":{"r":"F-GSQP","t":"B773"},"4A11":{"r":"F-GSQR","t":"B773"},"4A12":{"r":"F-GSQS","t":"B77W"},"4A13":{"r":"F-GSQT","t":"B773"},"4A14":{"r":"F-GSQU","t":"B77W"},"4A15":{"r":"F-GSQV","t":"B77W"},"4A17":{"r":"F-GSQX","t":"B773"},"4A18":{"r":"F-GSQY","t":"B77W"},"4A60":{"r":"F-GSTA","t":"A3ST"},"4A61":{"r":"F-GSTB","t":"A30B"},"4A62":{"r":"F-GSTC","t":"A30B"},"4A63":{"r":"F-GSTD","t":"A30B"},"4A65":{"r":"F-GSTF","t":"A30B"},"4A71":{"r":"F-GSTR","t":"A320"},"4A72":{"r":"F-GSTS","t":"A320"},"4AB3":{"r":"F-GSVT","t":"SR22"},"4B12":{"r":"F-GSYS","t":"PA34"},"4B25":{"r":"F-GSZF","t":"TRIN"},"4C03":{"r":"F-GTAD","t":"A321"},"4C04":{"r":"F-GTAE","t":"A321"},"4C07":{"r":"F-GTAH","t":"A321"},"4C08":{"r":"F-GTAI","t":"A321"},"4C09":{"r":"F-GTAJ","t":"A321"},"4C0A":{"r":"F-GTAK","t":"A321"},"4C0B":{"r":"F-GTAL","t":"A321"},"4C0C":{"r":"F-GTAM","t":"A321"},"4C0D":{"r":"F-GTAN","t":"A321"},"4C0E":{"r":"F-GTAO","t":"A321"},"4C0F":{"r":"F-GTAP","t":"A321"},"4C10":{"r":"F-GTAQ","t":"A321"},"4C11":{"r":"F-GTAR","t":"A321"},"4C12":{"r":"F-GTAS","t":"A321"},"4C13":{"r":"F-GTAT","t":"A321"},"4C14":{"r":"F-GTAU","t":"A321"},"4C15":{"r":"F-GTAV","t":"A321"},"4C17":{"r":"F-GTAX","t":"A321"},"4C18":{"r":"F-GTAY","t":"A321"},"4C19":{"r":"F-GTAZ","t":"A321"},"4C51":{"r":"F-GTCR","t":"BE9L"},"4C8A":{"r":"F-GTEK","t":"R44"},"4C8C":{"r":"F-GTEM","t":"B350"},"4CA1":{"r":"F-GTFB","t":"C510"},"4CEB":{"r":"F-GTHL","t":"A320"},"4D0F":{"r":"F-GTIP","t":"B752"},"4D2C":{"r":"F-GTJM","t":"TBM7"},"4D49":{"r":"F-GTKJ","t":"B190"},"4DC3":{"r":"F-GTOD","t":"FA10"},"4E01":{"r":"F-GTQB","t":"TRIN"},"4E38":{"r":"F-GTRY","t":"C525"},"4E88":{"r":"F-GTUI","t":"B744"},"4EA2":{"r":"F-GTVC","t":"B190"},"5000":{"r":"F-GUAA","t":"A321"},"5009":{"r":"F-GUAJ","t":"FA50"},"500C":{"r":"F-GUAM","t":"E145"},"5020":{"r":"F-GUBA","t":"E145"},"5021":{"r":"F-GUBB","t":"E145"},"5022":{"r":"F-GUBC","t":"E145"},"5023":{"r":"F-GUBD","t":"E145"},"5024":{"r":"F-GUBE","t":"E145"},"5025":{"r":"F-GUBF","t":"E145"},"5026":{"r":"F-GUBG","t":"E145"},"5080":{"r":"F-GUEA","t":"E145"},"50A3":{"r":"F-GUFD","t":"E145"},"50AF":{"r":"F-GUFP","t":"BE20"},"50C0":{"r":"F-GUGA","t":"A318"},"50C1":{"r":"F-GUGB","t":"A318"},"50C2":{"r":"F-GUGC","t":"A318"},"50C3":{"r":"F-GUGD","t":"A318"},"50C4":{"r":"F-GUGE","t":"A318"},"50C5":{"r":"F-GUGF","t":"A318"},"50C6":{"r":"F-GUGG","t":"A318"},"50C7":{"r":"F-GUGH","t":"A318"},"50C8":{"r":"F-GUGI","t":"A318"},"50C9":{"r":"F-GUGJ","t":"A318"},"50CA":{"r":"F-GUGK","t":"A318"},"50CB":{"r":"F-GUGL","t":"A318"},"50CC":{"r":"F-GUGM","t":"A318"},"50CD":{"r":"F-GUGN","t":"A318"},"50CE":{"r":"F-GUGO","t":"A318"},"50CF":{"r":"F-GUGP","t":"A318"},"50D0":{"r":"F-GUGQ","t":"A318"},"50D1":{"r":"F-GUGR","t":"A318"},"5120":{"r":"F-GUJA","t":"E145"},"516C":{"r":"F-GULM","t":"BE9L"},"5178":{"r":"F-GULY","t":"BE9L"},"5180":{"r":"F-GUMA","t":"E145"},"5184":{"r":"F-GUME","t":"B190"},"51C0":{"r":"F-GUOA","t":"B772"},"51C1":{"r":"F-GUOB","t":"B772"},"51C2":{"r":"F-GUOC","t":"B772"},"51EB":{"r":"F-GUPL","t":"DA40"},"51F3":{"r":"F-GUPT","t":"E145"},"5411":{"r":"F-GVAR","t":"AS65"},"54B7":{"r":"F-GVFX","t":"F2TH"},"54D2":{"r":"F-GVGS","t":"E145"},"54E3":{"r":"F-GVHD","t":"E145"},"5500":{"r":"F-GVIA","t":"H25B"},"5561":{"r":"F-GVLB","t":"BE30"},"5562":{"r":"F-GVLC","t":"B190"},"5588":{"r":"F-GVMI","t":"GLEX"},"558B":{"r":"F-GVML","t":"GLEX"},"5595":{"r":"F-GVMV","t":"GLEX"},"55F3":{"r":"F-GVPT","t":"C172"},"5689":{"r":"F-GVUJ","t":"C25B"},"56A1":{"r":"F-GVVB","t":"C25B"},"5702":{"r":"F-GVYC","t":"C56X"},"5721":{"r":"F-GVZB","t":"AT45"},"5722":{"r":"F-GVZC","t":"AT45"},"5723":{"r":"F-GVZD","t":"AT45"},"5725":{"r":"F-GVZF","t":"AT72"},"5726":{"r":"F-GVZG","t":"AT72"},"5729":{"r":"F-GVZJ","t":"AT43"},"572B":{"r":"F-GVZL","t":"AT72"},"572C":{"r":"F-GVZM","t":"AT72"},"572D":{"r":"F-GVZN","t":"AT75"},"5739":{"r":"F-GVZZ"},"5C06":{"r":"F-GXAG","t":"A319"},"5C07":{"r":"F-GXAH","t":"A319"},"5C12":{"r":"F-GXAS","t":"C404"},"5C35":{"r":"F-GXBV","t":"F900"},"5C79":{"r":"F-GXDZ","t":"F900"},"5CE6":{"r":"F-GXHG","t":"AS65"},"5D22":{"r":"F-GXJC","t":"F2TH"},"5D82":{"r":"F-GXMC","t":"FA50"},"5D85":{"r":"F-GXMF","t":"F900"},"5E2A":{"r":"F-GXRK","t":"C525"},"5E2B":{"r":"F-GXRL","t":"C25A"},"5E2C":{"r":"F-GXRM","t":"F900"},"5E6C":{"r":"F-GXTM","t":"FA50"},"6008":{"r":"F-GYAI","t":"A320"},"6009":{"r":"F-GYAJ","t":"A321"},"600D":{"r":"F-GYAN","t":"A321"},"600E":{"r":"F-GYAO","t":"A321"},"600F":{"r":"F-GYAP","t":"A321"},"6010":{"r":"F-GYAQ","t":"A321"},"6011":{"r":"F-GYAR","t":"A321"},"6019":{"r":"F-GYAZ","t":"A321"},"6029":{"r":"F-GYBJ","t":"FA7X"},"6040":{"r":"F-GYCA","t":"FA20"},"604F":{"r":"F-GYCP","t":"F900"},"60AC":{"r":"F-GYFM","t":"A319"},"612C":{"r":"F-GYJM","t":"A319"},"61E4":{"r":"F-GYPE","t":"E135"},"61F0":{"r":"F-GYPQ","t":"PA46"},"6426":{"r":"F-GZBG","t":"PA46"},"6429":{"r":"F-GZBJ","t":"F2TH"},"6440":{"r":"F-GZCA","t":"A332"},"6441":{"r":"F-GZCB","t":"A332"},"6442":{"r":"F-GZCC","t":"A332"},"6443":{"r":"F-GZCD","t":"A332"},"6444":{"r":"F-GZCE","t":"A332"},"6445":{"r":"F-GZCF","t":"A332"},"6446":{"r":"F-GZCG","t":"A332"},"6447":{"r":"F-GZCH","t":"A332"},"6448":{"r":"F-GZCI","t":"A332"},"6449":{"r":"F-GZCJ","t":"A332"},"644A":{"r":"F-GZCK","t":"A332"},"644B":{"r":"F-GZCL","t":"A332"},"644C":{"r":"F-GZCM","t":"A332"},"644D":{"r":"F-GZCN","t":"A332"},"644E":{"r":"F-GZCO","t":"A332"},"64CF":{"r":"F-GZGP","t":"P28A"},"64E0":{"r":"F-GZHA","t":"B738"},"64E1":{"r":"F-GZHB","t":"B738"},"64E2":{"r":"F-GZHC","t":"B738"},"64E3":{"r":"F-GZHD","t":"B738"},"64E4":{"r":"F-GZHE","t":"B738"},"64E5":{"r":"F-GZHF","t":"B738"},"64E6":{"r":"F-GZHG","t":"B738"},"64E8":{"r":"F-GZHI","t":"B738"},"64ED":{"r":"F-GZHN","t":"B738"},"64EE":{"r":"F-GZHO","t":"B738"},"64F5":{"r":"F-GZHV","t":"B738"},"652C":{"r":"F-GZJM","t":"SW3"},"656F":{"r":"F-GZLP","t":"FA7X"},"6577":{"r":"F-GZLX","t":"F2TH"},"6584":{"r":"F-GZME","t":"F900"},"65A0":{"r":"F-GZNA","t":"B77W"},"65A1":{"r":"F-GZNB","t":"B77W"},"65A2":{"r":"F-GZNC","t":"B77W"},"65A3":{"r":"F-GZND","t":"B77W"},"65A4":{"r":"F-GZNE","t":"B77W"},"65A5":{"r":"F-GZNF","t":"B77W"},"65A6":{"r":"F-GZNG","t":"B77W"},"65A7":{"r":"F-GZNH","t":"B773"},"65A8":{"r":"F-GZNI","t":"B77W"},"65A9":{"r":"F-GZNJ","t":"B77W"},"65AA":{"r":"F-GZNK","t":"B77W"},"65AB":{"r":"F-GZNL","t":"B77W"},"65AD":{"r":"F-GZNN","t":"B77W"},"65AE":{"r":"F-GZNO","t":"B77W"},"65E4":{"r":"F-GZPE","t":"P180"},"6660":{"r":"F-GZTA","t":"B733"},"6661":{"r":"F-GZTB","t":"B733"},"6662":{"r":"F-GZTC","t":"B737"},"6663":{"r":"F-GZTD","t":"B737"},"6665":{"r":"F-GZTF","t":"B737"},"6667":{"r":"F-GZTH","t":"B737"},"6668":{"r":"F-GZTI","t":"B734"},"6669":{"r":"F-GZTJ","t":"B734"},"666B":{"r":"F-GTZL","t":"DR40"},"666C":{"r":"F-GZTM","t":"B733"},"66A0":{"r":"F-GZVA","t":"F900"},"6720":{"r":"F-GZZA","t":"B738"},"8015":{"r":"F-HAAV"},"8049":{"r":"F-HACJ","t":"BE30"},"804F":{"r":"F-HACP","t":"LJ45"},"8067":{"r":"F-HADH","t":"FA50"},"80A8":{"r":"F-HAFI","t":"C172"},"80B2":{"r":"F-HAFS","t":"E145"},"80C0":{"r":"F-HAGA","t":"C25B"},"80C7":{"r":"F-HAGH","t":"C525"},"80E0":{"r":"F-HAHA","t":"C510"},"8111":{"r":"F-HAIR","t":"FA50"},"8123":{"r":"F-HAJD","t":"C525"},"8135":{"r":"F-HAJV","t":"C550"},"8140":{"r":"F-HAKA","t":"FA7X"},"814F":{"r":"F-HAKP","t":"CL30"},"816C":{"r":"F-HALM","t":"FA50"},"816E":{"r":"F-HALO","t":"C550"},"8186":{"r":"F-HAMG","t":"C25A"},"8188":{"r":"F-HAMI","t":"BE20"},"81AD":{"r":"F-HANN","t":"PC12"},"81E4":{"r":"F-HAPE","t":"B190"},"81EB":{"r":"F-HAPL","t":"AT75"},"81EC":{"r":"F-HAPM","t":"FA50"},"81ED":{"r":"F-HAPN","t":"FA50"},"8222":{"r":"F-HARC","t":"BE9L"},"8243":{"r":"F-HASD","t":"SR22"},"8245":{"r":"F-HASF","t":"C25A"},"8253":{"r":"F-HAST","t":"PRM1"},"8261":{"r":"F-HATB","t":"F900"},"8266":{"r":"F-HATG","t":"C25C"},"82A3":{"r":"F-HAVD","t":"JS41"},"82A5":{"r":"F-HAVF","t":"JS41"},"82A8":{"r":"F-HAVI","t":"B752"},"82AD":{"r":"F-HAVN","t":"B752"},"82E0":{"r":"F-HAXA","t":"F900"},"82EB":{"r":"F-HAXL","t":"B738"},"8322":{"r":"F-HAZC","t":"SIRA"},"8401":{"r":"F-HBAB","t":"A321"},"8405":{"r":"F-HBAF","t":"A321"},"8408":{"r":"F-HBAI","t":"P180"},"840B":{"r":"F-HBAL","t":"A319"},"840E":{"r":"F-HBAO","t":"A320"},"840F":{"r":"F-HBAP","t":"A320"},"842C":{"r":"F-HBBM","t":"FA50"},"8440":{"r":"F-HBCA","t":"B190"},"8445":{"r":"F-HBCF","t":"TBM7"},"8446":{"r":"F-HBCG","t":"B190"},"8460":{"r":"F-HBDA","t":"F900"},"8491":{"r":"F-HBER","t":"C25B"},"8495":{"r":"F-HBEV","t":"A320"},"84A6":{"r":"F-HBFG","t":"C182"},"84AA":{"r":"F-HBFK","t":"C550"},"84AF":{"r":"F-HBFP","t":"H25B"},"84C4":{"r":"F-HBGE","t":"TBM8"},"84C6":{"r":"F-HBGG","t":"TBM7"},"8508":{"r":"F-HBII","t":"A320"},"850B":{"r":"F-HBIL","t":"A332"},"850F":{"r":"F-HBIP","t":"F2TH"},"8511":{"r":"F-HBIR","t":"C510"},"8560":{"r":"F-HBLA","t":"E190"},"8561":{"r":"F-HBLB","t":"E190"},"8562":{"r":"F-HBLC","t":"E190"},"8563":{"r":"F-HBLD","t":"E190"},"8564":{"r":"F-HBLE","t":"E190"},"8565":{"r":"F-HBLF","t":"E190"},"8566":{"r":"F-HBLG","t":"E190"},"8567":{"r":"F-HBLH","t":"E190"},"8568":{"r":"F-HBLI","t":"E190"},"8569":{"r":"F-HBLJ","t":"E190"},"8581":{"r":"F-HBMB","t":"C550"},"8584":{"r":"F-HBME","t":"SR22"},"8588":{"r":"F-HBMI","t":"A319"},"8591":{"r":"F-HBMR","t":"C550"},"8592":{"r":"F-HBMS","t":"C500"},"85A0":{"r":"F-HBNA","t":"A320"},"85A1":{"r":"F-HBNB","t":"A320"},"85A2":{"r":"F-HBNC","t":"A320"},"85A3":{"r":"F-HBND","t":"A320"},"85A4":{"r":"F-HBNE","t":"A320"},"85A5":{"r":"F-HBNF","t":"A320"},"85A6":{"r":"F-HBNG","t":"A320"},"85A7":{"r":"F-HBNH","t":"A320"},"85A8":{"r":"F-HBNI","t":"A320"},"85A9":{"r":"F-HBNJ","t":"A320"},"85AA":{"r":"F-HBNK","t":"A320"},"85AB":{"r":"F-HBNL","t":"A320"},"85CB":{"r":"F-HBOL","t":"F900"},"85CC":{"r":"F-HBOM","t":"H25B"},"85D2":{"r":"F-HBOS","t":"A310"},"85D8":{"r":"F-HBOY","t":"A310"},"85E4":{"r":"F-HBPE","t":"E145"},"85EF":{"r":"F-HBPP","t":"C25B"},"8634":{"r":"F-HBRU","t":"BE20"},"8640":{"r":"F-HBSA","t":"A320"},"8642":{"r":"F-HBSC","t":"C525"},"864E":{"r":"F-HBSO","t":"AT43"},"86E0":{"r":"F-HBXA","t":"E170"},"86E1":{"r":"F-HBXB","t":"E170"},"86E2":{"r":"F-HBXC","t":"E170"},"86E3":{"r":"F-HBXD","t":"E170"},"86E4":{"r":"F-HBXE","t":"E170"},"86E5":{"r":"F-HBXF","t":"E170"},"86E6":{"r":"F-HBXG","t":"E170"},"86E7":{"r":"F-HBXH","t":"E170"},"86E8":{"r":"F-HBXI","t":"E170"},"86E9":{"r":"F-HBXJ","t":"E170"},"86EA":{"r":"F-HBXK","t":"E170"},"86EB":{"r":"F-HBXL","t":"E170"},"86EC":{"r":"F-HBXM","t":"E170"},"86ED":{"r":"F-HBXN","t":"E170"},"86EE":{"r":"F-HBXO","t":"E170"},"86EF":{"r":"F-HBXP","t":"E170"},"8808":{"r":"F-HCAI","t":"A321"},"8813":{"r":"F-HCAT","t":"A332"},"8863":{"r":"F-HCDD","t":"FA50"},"8885":{"r":"F-HCEF","t":"FA50"},"8902":{"r":"F-HCIC","t":"C25B"},"8904":{"r":"F-HCIE","t":"B752"},"8924":{"r":"F-HCJE","t":"E50P"},"892F":{"r":"F-HCJP","t":"PRM1"},"8972":{"r":"F-HCLS","t":"FA7X"},"89C0":{"r":"F-HCOA","t":"B735"},"89C1":{"r":"F-HCOB","t":"B735"},"89D5":{"r":"F-HCOV","t":"DR40"},"89E1":{"r":"F-HCPB","t":"C525"},"89E4":{"r":"F-HCPE","t":"P180"},"8A33":{"r":"F-HCRT","t":"C550"},"8A4B":{"r":"F-HCSL","t":"H25B"},"8A64":{"r":"F-HCTE","t":"DA42"},"8B28":{"r":"F-HCZI","t":"A319"},"8C01":{"r":"F-HDAB","t":"DA42"},"8C41":{"r":"F-HDCB","t":"FA50"},"8C52":{"r":"F-HDCS","t":"BE9L"},"8CCA":{"r":"F-HDGK","t":"A320"},"8CD3":{"r":"F-HDGT","t":"C550"},"8D2C":{"r":"F-HDJM","t":"BE20"},"8D69":{"r":"F-HDLJ","t":"F900"},"8D6D":{"r":"F-HDLN","t":"BE20"},"8D85":{"r":"F-HDMF","t":"A320"},"8DE1":{"r":"F-HDPB","t":"FA50"},"8DEB":{"r":"F-HDPL","t":"WT9"},"8DED":{"r":"F-HDPN","t":"C510"},"8DF8":{"r":"F-HDPY","t":"C510"},"8E60":{"r":"F-HTDA","t":"CRJ9"},"900B":{"r":"F-HEAL","t":"BE20"},"9043":{"r":"F-HECD","t":"FA7X"},"9046":{"r":"F-HECG","t":"C510"},"914E":{"r":"F-HEKO","t":"C25A"},"9160":{"r":"F-HELA","t":"E145"},"9164":{"r":"F-HELE","t":"TBM8"},"91A3":{"r":"F-HEND","t":"C510"},"91CB":{"r":"F-HEOL","t":"C25A"},"91E0":{"r":"F-HEPA","t":"A320"},"91E1":{"r":"F-HEPB","t":"A320"},"91E2":{"r":"F-HEPC","t":"A320"},"91E3":{"r":"F-HEPD","t":"A320"},"91E4":{"r":"F-HEPE","t":"A320"},"91E6":{"r":"F-HEPG","t":"A320"},"91E7":{"r":"F-HEPH","t":"A320"},"9224":{"r":"F-HERE","t":"C510"},"92F1":{"r":"F-HEXR","t":"FA7X"},"9438":{"r":"F-HFBY","t":"GLEX"},"9460":{"r":"F-HFDA","t":"FA7X"},"950F":{"r":"F-HFIP","t":"GLEX"},"9542":{"r":"F-HFKC","t":"E145"},"9578":{"r":"F-HFLY","t":"C152"},"9580":{"r":"F-HFMA","t":"C525"},"9581":{"r":"F-HFMB","t":"FA50"},"9620":{"r":"F-HFRA","t":"C501"},"9838":{"r":"F-HGBY","t":"H25B"},"9904":{"r":"F-HGIE","t":"P46T"},"996E":{"r":"F-HGLO"},"9C0C":{"r":"F-HHAM","t":"BE9L"},"9E42":{"r":"F-HHSC","t":"C525"},"A04C":{"r":"F-HICM","t":"C510"},"A1E4":{"r":"F-HIPE","t":"E55P"},"A248":{"r":"F-HISI","t":"FA50"},"A26C":{"r":"F-HITM","t":"BE40"},"A415":{"r":"F-HJAV","t":"C525"},"A443":{"r":"F-HJCD","t":"F2TH"},"A44C":{"r":"F-HJCM","t":"BE9L"},"A491":{"r":"F-HJER","t":"B738"},"A521":{"r":"F-HJJB","t":"F900"},"A5E3":{"r":"F-HJPD","t":"BE30"},"A68B":{"r":"F-HJUL","t":"B738"},"A70B":{"r":"F-HJYL","t":"FA20"},"A90B":{"r":"F-HKIL","t":"C510"},"A912":{"r":"F-HKIS","t":"B744"},"A961":{"r":"F-HKLB","t":"F2TH"},"AA20":{"r":"F-HKRA","t":"C525"},"AC0A":{"r":"F-HLAK","t":"A139"},"AD0C":{"r":"F-HLIM","t":"C56X"},"AD2F":{"r":"F-HLJP","t":"PRM1"},"ADCD":{"r":"F-HLON","t":"BE20"},"ADD5":{"r":"F-HLOV","t":"B744"},"ADEC":{"r":"F-HLPM","t":"F2TH"},"B046":{"r":"F-HMCG","t":"F2TH"},"B160":{"r":"F-HMLA","t":"CRJX"},"B163":{"r":"F-HMLD","t":"CRJX"},"B164":{"r":"F-HMLE","t":"CRJX"},"B167":{"r":"F-HMLH","t":"CRJX"},"B168":{"r":"F-HMLI","t":"CRJX"},"B169":{"r":"F-HMLJ","t":"CRJX"},"B16A":{"r":"F-HMLK","t":"CRJX"},"B16B":{"r":"F-HMLL","t":"CRJX"},"B16D":{"r":"F-HMLN","t":"CRJX"},"B1C1":{"r":"F-HMOB","t":"CL60"},"B1F1":{"r":"F-HMPR","t":"C25A"},"B458":{"r":"F-HNCY","t":"PRM1"},"B468":{"r":"F-HNDI","t":"DR40"},"B965":{"r":"F-HOLF","t":"AS55"},"B984":{"r":"F-HOME","t":"F2TH"},"BA41":{"r":"F-HOSB","t":"H25B"},"BA91":{"r":"F-HOUR","t":"C510"},"BCE3":{"r":"F-HPHD","t":"C510"},"BD20":{"r":"F-HPJA","t":"A388"},"BD21":{"r":"F-HPJB","t":"A388"},"BD22":{"r":"F-HPJC","t":"A388"},"BD23":{"r":"F-HPJD","t":"A388"},"BD24":{"r":"F-HPJE","t":"A388"},"BD25":{"r":"F-HPJF","t":"A388"},"BD26":{"r":"F-HPJG","t":"A388"},"BD27":{"r":"F-HPJH","t":"A388"},"BD28":{"r":"F-HPJI","t":"A388"},"BD29":{"r":"F-HPJJ","t":"A388"},"BE6F":{"r":"F-HPTP","t":"A333"},"C497":{"r":"F-HREX","t":"H25B"},"C80C":{"r":"F-HSAM","t":"F2TH"},"C812":{"r":"F-HSAS","t":"FA7X"},"C880":{"r":"F-HSEA","t":"B744"},"C897":{"r":"F-HSEX","t":"B744"},"C8A0":{"r":"F-HSFA","t":"BE20"},"C958":{"r":"F-HSKY","t":"A333"},"CA65":{"r":"F-HSTF","t":"FA7X"},"CA8D":{"r":"F-HSUN","t":"B744"},"CB0D":{"r":"F-HSYN","t":"BE20"},"CC06":{"r":"F-HTAG","t":"B752"},"CC51":{"r":"F-HTCR","t":"BE9L"},"CD92":{"r":"F-HTMS","t":"F900"},"D021":{"r":"F-HUBB","t":"F900"},"D1EC":{"r":"F-HUPM","t":"EC25"},"DD65":{"r":"F-HXLF","t":"A333"},"E48D":{"r":"F-HZEN","t":"A333"}}