{"001C":{"r":"D-APBB","t":"B738"},"001D":{"r":"D-APBC","t":"B738"},"001E":{"r":"D-APBD","t":"B738"},"0121":{"r":"D-APLC","t":"FA7X"},"04AD":{"r":"D-AQUA","t":"B463"},"065B":{"r":"D-ARKO","t":"GLEX"},"073B":{"r":"D-ARTE","t":"CL60"},"0744":{"r":"D-ARTN","t":"E135"},"07CA":{"r":"D-ARYR","t":"GLEX"},"07F2":{"r":"D-ASAF","t":"GLF5"},"08BB":{"r":"D-ASHY","t":"CL60"},"09DB":{"r":"D-ASTA","t":"A319"},"09DC":{"r":"D-ASTB","t":"A319"},"09DD":{"r":"D-ASTC","t":"A319"},"09DE":{"r":"D-ASTD","t":"A321"},"09DF":{"r":"D-ASTE","t":"A321"},"09ED":{"r":"D-ASTS","t":"CL60"},"09EE":{"r":"D-ASTT","t":"A319"},"09F2":{"r":"D-ASTX","t":"A319"},"09F3":{"r":"D-ASTY","t":"A319"},"09F4":{"r":"D-ASTZ","t":"A319"},"0A44":{"r":"D-ASXB","t":"B738"},"0A46":{"r":"D-ASXD","t":"B738"},"0A47":{"r":"D-ASXE","t":"B738"},"0A48":{"r":"D-ASXF","t":"B738"},"0A49":{"r":"D-ASXG","t":"B738"},"0A4A":{"r":"D-ASXH","t":"B738"},"0A4D":{"r":"D-ASXK","t":"B738"},"0A55":{"r":"D-ASXS","t":"B738"},"0B6D":{"r":"D-ATIM","t":"GLF5"},"0C09":{"r":"D-ATOM","t":"GLEX"},"0C0A":{"r":"D-ATON","t":"E135"},"0C4B":{"r":"D-ATRA","t":"A320"},"0C53":{"r":"D-ATRI","t":"CRJ2"},"0C92":{"r":"D-ATTT","t":"CL60"},"0C99":{"r":"D-ATUA","t":"B738"},"0C9A":{"r":"D-ATUB","t":"B738"},"0C9B":{"r":"D-ATUC","t":"B738"},"0C9C":{"r":"D-ATUD","t":"B738"},"0C9D":{"r":"D-ATUE","t":"B738"},"0C9E":{"r":"D-ATUF","t":"B738"},"0C9F":{"r":"D-ATUG","t":"B738"},"0CA0":{"r":"D-ATUH","t":"B738"},"0CA1":{"r":"D-ATUI","t":"B738"},"0CA2":{"r":"D-ATUJ","t":"B738"},"0CA3":{"r":"D-ATUK","t":"B738"},"0CA4":{"r":"D-ATUL","t":"B738"},"0CA5":{"r":"D-ATUM","t":"B738"},"0CDB":{"r":"D-ATWO","t":"E135"},"0D50":{"r":"D-AUBB","t":"A320"},"0D51":{"r":"D-AUBC","t":"A320"},"0D53":{"r":"D-AUBE","t":"A320"},"0D58":{"r":"D-AUBJ","t":"A320"},"0D5A":{"r":"D-AUBL","t":"A320"},"0D5B":{"r":"D-AUBM","t":"A320"},"0D5C":{"r":"D-AUBN","t":"A320"},"0D5E":{"r":"D-AUBP","t":"A320"},"0D5F":{"r":"D-AUBQ","t":"A320"},"0D61":{"r":"D-AUBS","t":"A320"},"0D62":{"r":"D-AUBT","t":"A320"},"0D64":{"r":"D-AUBV","t":"A320"},"0D65":{"r":"D-AUBW","t":"A320"},"0D67":{"r":"D-AUBY","t":"A320"},"0E3D":{"r":"D-AUKE","t":"CL60"},"0F31":{"r":"D-AUTO","t":"GLF5"},"0FE6":{"r":"D-AVAN","t":"E135"},"0FEA":{"r":"D-AVAR","t":"GLF5"},"10AA":{"r":"D-AVIB","t":"E135"},"1193":{"r":"D-AVRA","t":"RJ85"},"1194":{"r":"D-AVRB","t":"RJ85"},"1195":{"r":"D-AVRC","t":"RJ85"},"1196":{"r":"D-AVRD","t":"RJ85"},"1197":{"r":"D-AVRE","t":"RJ85"},"1198":{"r":"D-AVRF","t":"RJ85"},"1199":{"r":"D-AVRG","t":"RJ85"},"119A":{"r":"D-AVRH","t":"RJ85"},"119B":{"r":"D-AVRI","t":"RJ85"},"119C":{"r":"D-AVRJ","t":"RJ85"},"119D":{"r":"D-AVRK","t":"RJ85"},"119E":{"r":"D-AVRL","t":"RJ85"},"119F":{"r":"D-AVRM","t":"RJ85"},"11A0":{"r":"D-AVRN","t":"RJ85"},"11A1":{"r":"D-AVRO","t":"RJ85"},"11A2":{"r":"D-AVRP","t":"RJ85"},"11A3":{"r":"D-AVRQ","t":"RJ85"},"11A4":{"r":"D-AVRR","t":"RJ85"},"11FC":{"r":"D-AVVB","t":"A320"},"11FE":{"r":"D-AVVD","t":"A320"},"11FF":{"r":"D-AVVE","t":"A320"},"1201":{"r":"D-AVVG","t":"A320"},"1203":{"r":"D-AVVI","t":"A320"},"1206":{"r":"D-AVVL","t":"A320"},"1207":{"r":"D-AVVM","t":"A320"},"120B":{"r":"D-AVVQ","t":"A320"},"120E":{"r":"D-AVVT","t":"A320"},"1212":{"r":"D-AVVX","t":"A320"},"1213":{"r":"D-AVVY","t":"A320"},"1214":{"r":"D-AVVZ","t":"A320"},"1215":{"r":"D-AVWA","t":"A319"},"1249":{"r":"D-AVYA","t":"A319"},"1252":{"r":"D-AVYJ","t":"A319"},"1253":{"r":"D-AVYK","t":"A319"},"1254":{"r":"D-AVYL","t":"A319"},"1255":{"r":"D-AVYM","t":"A319"},"1256":{"r":"D-AVYN","t":"A319"},"1257":{"r":"D-AVYO","t":"A319"},"1258":{"r":"D-AVYP","t":"A319"},"1259":{"r":"D-AVYQ","t":"A319"},"125A":{"r":"D-AVYR","t":"A319"},"125B":{"r":"D-AVYS","t":"A319"},"125C":{"r":"D-AVYT","t":"A319"},"125D":{"r":"D-AVYU","t":"A319"},"125E":{"r":"D-AVYV","t":"A319"},"1260":{"r":"D-AVYX","t":"A319"},"1262":{"r":"D-AVYZ","t":"A319"},"1263":{"r":"D-AVZA","t":"A321"},"1264":{"r":"D-AVZB","t":"A321"},"1265":{"r":"D-AVZC","t":"A321"},"1266":{"r":"D-AVZD","t":"A321"},"1269":{"r":"D-AVZG","t":"A321"},"126B":{"r":"D-AVZI","t":"A321"},"126C":{"r":"D-AVZJ","t":"A321"},"126D":{"r":"D-AVZK","t":"A321"},"126E":{"r":"D-AVZL","t":"A321"},"1270":{"r":"D-AVZN","t":"A321"},"1271":{"r":"D-AVZO","t":"A321"},"1272":{"r":"D-AVZP","t":"A388"},"1273":{"r":"D-AVZQ","t":"A321"},"1275":{"r":"D-AVZS","t":"A321"},"1276":{"r":"D-AVZT","t":"A321"},"1278":{"r":"D-AVZV","t":"A321"},"1279":{"r":"D-AVZW","t":"A321"},"127A":{"r":"D-AVZX","t":"A321"},"127B":{"r":"D-AVZY","t":"A321"},"127C":{"r":"D-AVZZ","t":"A321"},"1297":{"r":"D-AWBA","t":"B463"},"1387":{"r":"D-AWKG","t":"F900"},"1489":{"r":"D-AWUE","t":"B462"},"1521":{"r":"D-AXAA","t":"A320"},"1522":{"r":"D-AXAB","t":"A320"},"1524":{"r":"D-AXAD","t":"A320"},"1526":{"r":"D-AXAF","t":"A320"},"1527":{"r":"D-AXAG","t":"A320"},"1528":{"r":"D-AXAH","t":"A320"},"1529":{"r":"D-AXAI","t":"A320"},"152A":{"r":"D-AXAJ","t":"A320"},"152B":{"r":"D-AXAK","t":"A320"},"152C":{"r":"D-AXAL","t":"A320"},"152D":{"r":"D-AXAM","t":"A320"},"152E":{"r":"D-AXAN","t":"A320"},"152F":{"r":"D-AXAO","t":"A320"},"1530":{"r":"D-AXAP","t":"A320"},"1531":{"r":"D-AXAQ","t":"A320"},"1533":{"r":"D-AXAS","t":"A320"},"1534":{"r":"D-AXAT","t":"A320"},"1535":{"r":"D-AXAU","t":"A320"},"1537":{"r":"D-AXAW","t":"A320"},"1538":{"r":"D-AXAX","t":"A320"},"1642":{"r":"D-AXLD","t":"B738"},"1643":{"r":"D-AXLE","t":"B738"},"1644":{"r":"D-AXLF","t":"B738"},"1645":{"r":"D-AXLG","t":"B738"},"1647":{"r":"D-AXLI","t":"B738"},"1649":{"r":"D-AXLK","t":"B738"},"171B":{"r":"D-AXTM","t":"GLEX"},"1A69":{"r":"D-AZAA","t":"A321"},"1A6A":{"r":"D-AZAB","t":"A321"},"1A6C":{"r":"D-AZAD","t":"A321"},"1A6E":{"r":"D-AZAF","t":"A321"},"1A6F":{"r":"D-AZAG","t":"A321"},"1A70":{"r":"D-AZAH","t":"A321"},"1A71":{"r":"D-AZAI","t":"A321"},"1A72":{"r":"D-AZAJ","t":"A320"},"1A74":{"r":"D-AZAL","t":"A321"},"1A77":{"r":"D-AZAO","t":"A321"},"1A79":{"r":"D-AZAQ","t":"A321"},"1A7A":{"r":"D-AZAR","t":"A321"},"1A7C":{"r":"D-AZAT","t":"A321"},"1A7E":{"r":"D-AZAV","t":"A321"},"1ADD":{"r":"D-AZEM","t":"F900"},"2196":{"r":"D-BPPP","t":"AT45"},"2909":{"r":"D-BSKY","t":"F2TH"},"292D":{"r":"D-BSMI","t":"CL30"},"293F":{"r":"D-BSNA","t":"CL60"},"2B06":{"r":"D-BTEN","t":"C750"},"2D57":{"r":"D-BUBI","t":"CL30"},"2F21":{"r":"D-BUSY","t":"CL60"},"5061":{"r":"D-ADCA","t":"GLF5"},"5062":{"r":"D-ADCB","t":"GLF5"},"506E":{"r":"D-ADCN","t":"E135"},"5070":{"r":"D-ADCP","t":"E135"},"5071":{"r":"D-ADCQ","t":"E135"},"50B0":{"r":"D-ADEP","t":"F27"},"5101":{"r":"D-ADHA","t":"DH8D"},"5110":{"r":"D-ADHP","t":"DH8D"},"5111":{"r":"D-ADHQ","t":"DH8D"},"5112":{"r":"D-ADHR","t":"DH8D"},"5113":{"r":"D-ADHS","t":"DH8D"},"5128":{"r":"D-ADIH","t":"B733"},"5192":{"r":"D-ADLR","t":"GLF5"},"51C1":{"r":"D-ADNA","t":"A319"},"51C2":{"r":"D-ADNB","t":"GLEX"},"5265":{"r":"D-ADSE","t":"GLF4"},"5423":{"r":"D-AEAC","t":"A306"},"5424":{"r":"D-AEAD","t":"A306"},"5425":{"r":"D-AEAE","t":"A306"},"5426":{"r":"D-AEAF","t":"A306"},"5427":{"r":"D-AEAG","t":"A306"},"5428":{"r":"D-AEAH","t":"A306"},"5429":{"r":"D-AEAI","t":"A306"},"542A":{"r":"D-AEAJ","t":"A306"},"542B":{"r":"D-AEAK","t":"A306"},"542C":{"r":"D-AEAL","t":"A306"},"542D":{"r":"D-AEAM","t":"A306"},"542E":{"r":"D-AEAN","t":"A306"},"542F":{"r":"D-AEAO","t":"A306"},"5430":{"r":"D-AEAP","t":"A306"},"5431":{"r":"D-AEAQ","t":"A306"},"5432":{"r":"D-AEAR","t":"A306"},"5433":{"r":"D-AEAS","t":"A306"},"5434":{"r":"D-AEAT","t":"A306"},"5441":{"r":"D-AEBA","t":"E190"},"5442":{"r":"D-AEBB","t":"E190"},"5443":{"r":"D-AEBC","t":"E190"},"5444":{"r":"D-AEBD","t":"E190"},"5445":{"r":"D-AEBE","t":"E190"},"5446":{"r":"D-AEBF","t":"E190"},"5447":{"r":"D-AEBG","t":"E190"},"5448":{"r":"D-AEBH","t":"E190"},"5449":{"r":"D-AEBI","t":"E190"},"544A":{"r":"D-AEBJ","t":"E190"},"544B":{"r":"D-AEBK","t":"E190"},"544C":{"r":"D-AEBL","t":"E190"},"544D":{"r":"D-AEBM","t":"E190"},"544E":{"r":"D-AEBN","t":"E190"},"544F":{"r":"D-AEBO","t":"E190"},"5450":{"r":"D-AEBP","t":"E190"},"5451":{"r":"D-AEBQ","t":"E190"},"5452":{"r":"D-AEBR","t":"E190"},"5453":{"r":"D-AEBS","t":"E190"},"5461":{"r":"D-AECA","t":"E190"},"5462":{"r":"D-AECB","t":"E190"},"5463":{"r":"D-AECC","t":"E190"},"5464":{"r":"D-AECD","t":"E190"},"5465":{"r":"D-AECE","t":"E190"},"5466":{"r":"D-AECF","t":"E190"},"5467":{"r":"D-AECG","t":"E190"},"5468":{"r":"D-AECH","t":"E190"},"5469":{"r":"D-AECI","t":"E190"},"54F6":{"r":"D-AEGV","t":"GLEX"},"558B":{"r":"D-AELK","t":"F27"},"55A1":{"r":"D-AEMA","t":"E190"},"55A2":{"r":"D-AEMB","t":"E190"},"55A3":{"r":"D-AEMC","t":"E190"},"55A4":{"r":"D-AEMD","t":"E190"},"55A5":{"r":"D-AEME","t":"E190"},"55A6":{"r":"D-AEMF","t":"E190"},"55A7":{"r":"D-AEMG","t":"E190"},"564B":{"r":"D-AERK","t":"A333"},"5651":{"r":"D-AERQ","t":"A333"},"5653":{"r":"D-AERS","t":"A333"},"5696":{"r":"D-AETV","t":"CL60"},"56AB":{"r":"D-AEUK","t":"CL60"},"56E1":{"r":"D-AEWA","t":"B463"},"56E2":{"r":"D-AEWB","t":"B463"},"56E4":{"r":"D-AEWD","t":"B462"},"56E5":{"r":"D-AEWE","t":"B462"},"56E6":{"r":"D-AEWF","t":"B462"},"56EC":{"r":"D-AEWL","t":"B463"},"56ED":{"r":"D-AEWM","t":"B463"},"56EE":{"r":"D-AEWN","t":"B463"},"56F0":{"r":"D-AEWP","t":"B463"},"56F1":{"r":"D-AEWQ","t":"B463"},"5821":{"r":"D-AFAA","t":"CL60"},"5822":{"r":"D-AFAB","t":"CL60"},"5823":{"r":"D-AFAC","t":"CL60"},"5829":{"r":"D-AFAI","t":"CL60"},"582D":{"r":"D-AFAM","t":"GLEX"},"5835":{"r":"D-AFAU","t":"GLEX"},"5961":{"r":"D-AFKA","t":"F100"},"5962":{"r":"D-AFKB","t":"F100"},"5963":{"r":"D-AFKC","t":"F100"},"5964":{"r":"D-AFKD","t":"F100"},"5965":{"r":"D-AFKE","t":"F100"},"5966":{"r":"D-AFKF","t":"F100"},"5999":{"r":"D-AFLY","t":"GLF4"},"5A12":{"r":"D-AFPR","t":"FA7X"},"5A78":{"r":"D-AFSX","t":"FA7X"},"5AAE":{"r":"D-AFUN","t":"E35L"},"5CA2":{"r":"D-AGEB","t":"B733"},"5CA3":{"r":"D-AGEC","t":"B737"},"5CA7":{"r":"D-AGEG","t":"B733"},"5CAA":{"r":"D-AGEJ","t":"B733"},"5CAB":{"r":"D-AGEK","t":"B733"},"5CAC":{"r":"D-AGEL","t":"B737"},"5CAE":{"r":"D-AGEN","t":"B737"},"5CB0":{"r":"D-AGEP","t":"B737"},"5CB1":{"r":"D-AGEQ","t":"B737"},"5CB2":{"r":"D-AGER","t":"B737"},"5CB3":{"r":"D-AGES","t":"B737"},"5CB4":{"r":"D-AGET","t":"B737"},"5CB5":{"r":"D-AGEU","t":"B737"},"5D50":{"r":"D-AGJP","t":"GLEX"},"5DB2":{"r":"D-AGMR","t":"B734"},"5E08":{"r":"D-AGPH","t":"F100"},"5E0B":{"r":"D-AGPK","t":"F100"},"5E61":{"r":"D-AGSA","t":"B738"},"5E62":{"r":"D-AGSB","t":"B738"},"5ED3":{"r":"D-AGVS","t":"GLF4"},"5EE1":{"r":"D-AGWA","t":"A319"},"5EE2":{"r":"D-AGWB","t":"A319"},"5EE3":{"r":"D-AGWC","t":"A319"},"5EE4":{"r":"D-AGWD","t":"A319"},"5EE5":{"r":"D-AGWE","t":"A319"},"5EE6":{"r":"D-AGWF","t":"A319"},"5EE7":{"r":"D-AGWG","t":"A319"},"5EE8":{"r":"D-AGWH","t":"A319"},"5EE9":{"r":"D-AGWI","t":"A319"},"5EEA":{"r":"D-AGWJ","t":"A319"},"5EEB":{"r":"D-AGWK","t":"A319"},"5EEC":{"r":"D-AGWL","t":"A319"},"5EED":{"r":"D-AGWM","t":"A319"},"5EEE":{"r":"D-AGWN","t":"A319"},"5EEF":{"r":"D-AGWO","t":"A319"},"5EF0":{"r":"D-AGWP","t":"A319"},"5EF1":{"r":"D-AGWQ","t":"A319"},"5EF2":{"r":"D-AGWR","t":"A319"},"5EF3":{"r":"D-AGWS","t":"A319"},"5EF4":{"r":"D-AGWT","t":"A319"},"5EF5":{"r":"D-AGWU","t":"A319"},"5EF6":{"r":"D-AGWV","t":"A319"},"5EF7":{"r":"D-AGWW","t":"A319"},"5EF8":{"r":"D-AGWX","t":"A319"},"5EF9":{"r":"D-AGWY","t":"A319"},"5EFA":{"r":"D-AGWZ","t":"A319"},"7022":{"r":"D-ALAB","t":"A321"},"7061":{"r":"D-ALCA","t":"MD11"},"7062":{"r":"D-ALCB","t":"MD11"},"7063":{"r":"D-ALCC","t":"MD11"},"7064":{"r":"D-ALCD","t":"MD11"},"7065":{"r":"D-ALCE","t":"MD11"},"7066":{"r":"D-ALCF","t":"MD11"},"7067":{"r":"D-ALCG","t":"MD11"},"7068":{"r":"D-ALCH","t":"MD11"},"7069":{"r":"D-ALCI","t":"MD11"},"706A":{"r":"D-ALCJ","t":"MD11"},"706B":{"r":"D-ALCK","t":"MD11"},"706C":{"r":"D-ALCL","t":"MD11"},"706D":{"r":"D-ALCM","t":"MD11"},"706E":{"r":"D-ALCN","t":"MD11"},"706F":{"r":"D-ALCO","t":"MD11"},"7070":{"r":"D-ALCP","t":"MD11"},"7071":{"r":"D-ALCQ","t":"MD11"},"7072":{"r":"D-ALCR","t":"MD11"},"7073":{"r":"D-ALCS","t":"MD11"},"70A1":{"r":"D-ALEA","t":"B752"},"70A2":{"r":"D-ALEB","t":"B752"},"70A3":{"r":"D-ALEC","t":"B752"},"70A4":{"r":"D-ALED","t":"B752"},"70A5":{"r":"D-ALEE","t":"B752"},"70A6":{"r":"D-ALEF","t":"B752"},"70A7":{"r":"D-ALEG","t":"B752"},"70A8":{"r":"D-ALEH","t":"B752"},"70A9":{"r":"D-ALEI","t":"B752"},"70AA":{"r":"D-ALEJ","t":"B752"},"70AB":{"r":"D-ALEK","t":"B752"},"70B9":{"r":"D-ALEY","t":"A319"},"70C1":{"r":"D-ALFA","t":"B77L"},"70C2":{"r":"D-ALFB","t":"B77L"},"70C3":{"r":"D-ALFC","t":"B77L"},"70C4":{"r":"D-ALFD","t":"B77L"},"70C5":{"r":"D-ALFE","t":"B77L"},"7114":{"r":"D-ALHT","t":"A319"},"7121":{"r":"D-ALIA","t":"E170"},"7125":{"r":"D-ALIE","t":"E170"},"712C":{"r":"D-ALIL","t":"FA7X"},"71B3":{"r":"D-ALMS","t":"F900"},"7201":{"r":"D-ALPA","t":"A332"},"7202":{"r":"D-ALPB","t":"A332"},"7203":{"r":"D-ALPC","t":"A332"},"7204":{"r":"D-ALPD","t":"A332"},"7205":{"r":"D-ALPE","t":"A332"},"7206":{"r":"D-ALPF","t":"A332"},"7207":{"r":"D-ALPG","t":"A332"},"7208":{"r":"D-ALPH","t":"A332"},"7209":{"r":"D-ALPI","t":"A332"},"720A":{"r":"D-ALPJ","t":"A332"},"7261":{"r":"D-ALSA","t":"A321"},"7262":{"r":"D-ALSB","t":"A321"},"7263":{"r":"D-ALSC","t":"A321"},"7264":{"r":"D-ALSD","t":"A321"},"7283":{"r":"D-ALTC","t":"A320"},"7284":{"r":"D-ALTD","t":"A320"},"7285":{"r":"D-ALTE","t":"A320"},"7286":{"r":"D-ALTF","t":"A320"},"7288":{"r":"D-ALTH","t":"A320"},"728B":{"r":"D-ALTK","t":"A320"},"728C":{"r":"D-ALTL","t":"A320"},"7318":{"r":"D-ALXX","t":"A319"},"742A":{"r":"D-AMAJ","t":"B462"},"74EC":{"r":"D-AMGL","t":"B462"},"7527":{"r":"D-AMIG","t":"F900"},"7663":{"r":"D-AMSC","t":"CL60"},"78C3":{"r":"D-ANFC","t":"AT72"},"7D82":{"r":"D-AOLB","t":"SB20"},"7D83":{"r":"D-AOLC","t":"SB20"},"7D87":{"r":"D-AOLG","t":"F100"},"7D88":{"r":"D-AOLH","t":"F100"},"7D94":{"r":"D-AOLT","t":"SB20"},"7DC5":{"r":"D-AONE","t":"E135"},"7E8C":{"r":"D-AOTL","t":"GL5T"},"8481":{"r":"D-BADA","t":"J328"},"8483":{"r":"D-BADC","t":"J328"},"848F":{"r":"D-BADO","t":"CL30"},"85AD":{"r":"D-BAMM","t":"F2TH"},"85CE":{"r":"D-BANN","t":"CL30"},"8665":{"r":"D-BASE","t":"F2TH"},"86C2":{"r":"D-BAVB","t":"CL30"},"86C7":{"r":"D-BAVG","t":"C750"},"8D81":{"r":"D-BCLA","t":"CL30"},"8E4E":{"r":"D-BCRN","t":"AT43"},"8E4F":{"r":"D-BCRO","t":"AT43"},"94B0":{"r":"D-BEEP","t":"C750"},"9570":{"r":"D-BEKP","t":"CL30"},"9579":{"r":"D-BEKY","t":"F2TH"},"9654":{"r":"D-BERT","t":"F2TH"},"9674":{"r":"D-BEST","t":"F2TH"},"9689":{"r":"D-BETI","t":"FA50"},"98C2":{"r":"D-BFFB","t":"F2TH"},"9945":{"r":"D-BFJE","t":"CL30"},"9C25":{"r":"D-BGAE","t":"J328"},"9C33":{"r":"D-BGAS","t":"J328"},"A4E1":{"r":"D-BIGA","t":"CL30"},"A561":{"r":"D-BIKA","t":"F2TH"},"A644":{"r":"D-BIRD","t":"J328"},"A6C9":{"r":"D-BIVI","t":"CL30"},"A8B4":{"r":"D-BJET","t":"J328"},"B089":{"r":"D-BLDI","t":"C750"},"B6D6":{"r":"D-BMVV","t":"F2TH"},"BC49":{"r":"D-BOBI","t":"F2TH"},"BDCE":{"r":"D-BONN","t":"F2TH"},"BDE3":{"r":"D-BOOC","t":"C750"},"BDEB":{"r":"D-BOOK","t":"F2TH"},"BE73":{"r":"D-BOSS","t":"F2TH"},"C000":{"r":"D-CAAA","t":"C56X"},"C004":{"r":"D-CAAE","t":"LJ55"},"C00B":{"r":"D-CAAL","t":"D228"},"C00C":{"r":"D-CAAM","t":"D228"},"C011":{"r":"D-CAAR","t":"D228"},"C019":{"r":"D-CAAZ","t":"D228"},"C01B":{"r":"D-CABB","t":"ASTR"},"C05B":{"r":"D-CADN"},"C066":{"r":"D-CADY","t":"C56X"},"C0B7":{"r":"D-CAHB","t":"LJ40"},"C0BD":{"r":"D-CAHH","t":"C680"},"C0C4":{"r":"D-CAHO","t":"C56X"},"C0E1":{"r":"D-CAIR","t":"C56X"},"C0F4":{"r":"D-CAJK","t":"C56X"},"C129":{"r":"D-CALL","t":"C550"},"C12A":{"r":"D-CALM","t":"D228"},"C14A":{"r":"D-CAMS","t":"C560"},"C187":{"r":"D-CAPB","t":"C560"},"C194":{"r":"D-CAPO","t":"LJ35"},"C1C8":{"r":"D-CARO","t":"C680"},"C1D4":{"r":"D-CASA","t":"C560"},"C1D5":{"r":"D-CASB","t":"SF34"},"C1E7":{"r":"D-CAST","t":"C25B"},"C1F2":{"r":"D-CATE","t":"C680"},"C209":{"r":"D-CAUB","t":"B350"},"C21E":{"r":"D-CAUW","t":"C560"},"C222":{"r":"D-CAVA","t":"SW4"},"C226":{"r":"D-CAVE","t":"LJ35"},"C23D":{"r":"D-CAWB","t":"C680"},"C248":{"r":"D-CAWM","t":"C56X"},"C24E":{"r":"D-CAWS","t":"C680"},"C250":{"r":"D-CAWU","t":"C560"},"C2BC":{"r":"D-CBAY","t":"C680"},"C2BF":{"r":"D-CBBB","t":"C56X"},"C2EB":{"r":"D-CBCT","t":"C25C"},"C319":{"r":"D-CBEN","t":"C560"},"C381":{"r":"D-CBIN"},"C38D":{"r":"D-CBIZ","t":"C650"},"C4C7":{"r":"D-CBVB","t":"C25B"},"C548":{"r":"D-CCAA","t":"LJ35"},"C549":{"r":"D-CCAB","t":"C550"},"C55A":{"r":"D-CCAS","t":"SH36"},"C569":{"r":"D-CCBH","t":"C25B"},"C57C":{"r":"D-CCCA","t":"LJ35"},"C57D":{"r":"D-CCCB","t":"LJ35"},"C57E":{"r":"D-CCCC","t":"SW4"},"C581":{"r":"D-CCCF","t":"C550"},"C5B0":{"r":"D-CCEA","t":"C56X"},"C5C4":{"r":"D-CCEU","t":"C650"},"C5CF":{"r":"D-CCFF","t":"C680"},"C5EA":{"r":"D-CCGG","t":"LJ60"},"C5F1":{"r":"D-CCGN","t":"LJ55"},"C5FF":{"r":"D-CCHB","t":"LJ35"},"C629":{"r":"D-CCIR","t":"D328"},"C644":{"r":"D-CCJS","t":"C680"},"C666":{"r":"D-CCLA","t":"C56X"},"C71F":{"r":"D-CCSD","t":"C650"},"C76D":{"r":"D-CCVD","t":"C56X"},"C787":{"r":"D-CCWD","t":"C550"},"C83D":{"r":"D-CDDD","t":"C56X"},"C95A":{"r":"D-CDOC","t":"LJ45"},"C9AB":{"r":"D-CDRF","t":"LJ45"},"C9C5":{"r":"D-CDSF","t":"LJ35"},"C9F3":{"r":"D-CDTZ","t":"C25B"},"CAB6":{"r":"D-CEBM","t":"C560"},"CAFC":{"r":"D-CEEE","t":"C56X"},"CB12":{"r":"D-CEFA","t":"C25C"},"CB15":{"r":"D-CEFD","t":"C25B"},"CB16":{"r":"D-CEFE","t":"C25C"},"CB20":{"r":"D-CEFO","t":"C56X"},"CB52":{"r":"D-CEHM","t":"C56X"},"CB72":{"r":"D-CEIS","t":"BE40"},"CBB2":{"r":"D-CELE","t":"C25B"},"CBB6":{"r":"D-CELI","t":"C550"},"CBCE":{"r":"D-CEMG","t":"C560"},"CCB3":{"r":"D-CEVB","t":"C25C"},"CCF5":{"r":"D-CEXP","t":"LJ35"},"CD3C":{"r":"D-CFAI","t":"LJ35"},"CD4B":{"r":"D-CFAX","t":"LJ35"},"CD4D":{"r":"D-CFAZ","t":"LJ55"},"CD6D":{"r":"D-CFCF","t":"LJ35"},"CDB7":{"r":"D-CFFB","t":"LJ60"},"CDBB":{"r":"D-CFFF","t":"C560"},"CDD6":{"r":"D-CFGG","t":"LJ35"},"CE04":{"r":"D-CFIA","t":"B350"},"CE16":{"r":"D-CFIS","t":"B350"},"CE58":{"r":"D-CFLG","t":"LJ60"},"CE6A":{"r":"D-CFLY","t":"C56X"},"CE6F":{"r":"D-CFMD","t":"B350"},"CE70":{"r":"D-CFME","t":"BE30"},"CE74":{"r":"D-CFMI","t":"E55P"},"CF1B":{"r":"D-CFST","t":"LJ31"},"CF28":{"r":"D-CFTG","t":"LJ35"},"CF93":{"r":"D-CFXJ","t":"C25B"},"CFD8":{"r":"D-CGAA","t":"C56X"},"D003":{"r":"D-CGBR","t":"LJ55"},"D04E":{"r":"D-CGEO","t":"LJ60"},"D04F":{"r":"D-CGEP","t":"G150"},"D075":{"r":"D-CGGB","t":"LJ40"},"D076":{"r":"D-CGGC","t":"LJ40"},"D07A":{"r":"D-CGGG","t":"LJ31"},"D194":{"r":"D-CGRC","t":"LJ35"},"D28F":{"r":"D-CHAT","t":"C25B"},"D2CC":{"r":"D-CHDC","t":"C680"},"D2CE":{"r":"D-CHDE","t":"C560"},"D2E6":{"r":"D-CHEC","t":"C680"},"D2F5":{"r":"D-CHER","t":"LJ60"},"D325":{"r":"D-CHGN","t":"H25B"},"D32A":{"r":"D-CHGS","t":"E55P"},"D339":{"r":"D-CHHH","t":"C56X"},"D34E":{"r":"D-CHIC","t":"E55P"},"D357":{"r":"D-CHIL","t":"C680"},"D35A":{"r":"D-CHIO","t":"C25B"},"D3A6":{"r":"D-CHLM","t":"LJ45"},"D3AB":{"r":"D-CHLR","t":"E55P"},"D3B6":{"r":"D-CHMC","t":"C550"},"D436":{"r":"D-CHRA","t":"C25C"},"D438":{"r":"D-CHRC","t":"C25C"},"D45F":{"r":"D-CHSP","t":"C560"},"D50B":{"r":"D-CHZF","t":"C550"},"D52E":{"r":"D-CIAO","t":"C550"},"D5AE":{"r":"D-CIFM","t":"C560"},"D5F8":{"r":"D-CIII","t":"LJ60"},"D67A":{"r":"D-CINI","t":"C56X"},"D684":{"r":"D-CINS","t":"LJ35"},"D6DA":{"r":"D-CIRA","t":"D328"},"D6DB":{"r":"D-CIRB","t":"D328"},"D6DD":{"r":"D-CIRD","t":"D328"},"D6E2":{"r":"D-CIRI","t":"D328"},"D6E3":{"r":"D-CIRJ","t":"D328"},"D6E5":{"r":"D-CIRL","t":"D328"},"D6E9":{"r":"D-CIRP","t":"D328"},"D70E":{"r":"D-CITA","t":"LJ60"},"D726":{"r":"D-CITY","t":"LJ35"},"D772":{"r":"D-CIWW","t":"C550"},"D7C9":{"r":"D-CJAF","t":"LJ60"},"D7CE":{"r":"D-CJAK","t":"C25B"},"D83F":{"r":"D-CJET","t":"C25B"},"D8B7":{"r":"D-CJJJ","t":"C550"},"D942":{"r":"D-CJOS","t":"C25B"},"D94D":{"r":"D-CJPD","t":"LJ31"},"D950":{"r":"D-CJPG","t":"LJ35"},"DAC2":{"r":"D-CKDM","t":"G150"},"DB24":{"r":"D-CKHG","t":"C56X"},"DBBA":{"r":"D-CKNA","t":"C25C"},"DBFD":{"r":"D-CKPP","t":"SW4"},"DD18":{"r":"D-CLAM","t":"E55P"},"DD1F":{"r":"D-CLAT","t":"C25B"},"DD26":{"r":"D-CLBA","t":"BE40"},"DD2D":{"r":"D-CLBH","t":"H25B"},"DD32":{"r":"D-CLBM","t":"E55P"},"DD5F":{"r":"D-CLDF","t":"C650"},"DD82":{"r":"D-CLEO","t":"C680"},"DDDE":{"r":"D-CLIC","t":"C56X"},"DE35":{"r":"D-CLLL","t":"C56X"},"DE56":{"r":"D-CLMS","t":"LJ45"},"DF2B":{"r":"D-CLUX","t":"LJ40"},"DF2D":{"r":"D-CLUZ","t":"LJ40"},"E005":{"r":"D-CMDH","t":"C680"},"E020":{"r":"D-CMEI","t":"C560"},"E02B":{"r":"D-CMET","t":"FA20"},"E066":{"r":"D-CMHA","t":"D328"},"E067":{"r":"D-CMHB","t":"D328"},"E078":{"r":"D-CMHS","t":"C25B"},"E0F0":{"r":"D-CMMI","t":"C56X"},"E0F4":{"r":"D-CMMM","t":"LJ24"},"E0F7":{"r":"D-CMMP","t":"C56X"},"E119":{"r":"D-CMNX","t":"D228"},"E128":{"r":"D-CMOM","t":"C25C"},"E13E":{"r":"D-CMPI","t":"C650"},"E176":{"r":"D-CMRM","t":"LJ31"},"E186":{"r":"D-CMSC","t":"LJ45"},"E256":{"r":"D-CNAC","t":"SW4"},"E259":{"r":"D-CNAF","t":"SW4"},"E25A":{"r":"D-CNAG","t":"SW4"},"E26C":{"r":"D-CNAY","t":"SW4"},"E291":{"r":"D-CNCJ","t":"C650"},"E2D0":{"r":"D-CNEU","t":"D228"},"E38D":{"r":"D-CNMB","t":"LJ45"},"E3B3":{"r":"D-CNNN","t":"C56X"},"E3C1":{"r":"D-CNOB","t":"C25B"},"E3C2":{"r":"D-CNOC","t":"C56X"},"E460":{"r":"D-CNUE","t":"LJ60"},"E51A":{"r":"D-COBI","t":"C56X"},"E52C":{"r":"D-COCA","t":"B190"},"E600":{"r":"D-COKE","t":"LJ35"},"E617":{"r":"D-COLB","t":"SW3"},"E619":{"r":"D-COLD","t":"SW4"},"E61A":{"r":"D-COLE","t":"SF34"},"E629":{"r":"D-COLT","t":"SW4"},"E63E":{"r":"D-COMO","t":"LJ60"},"E64E":{"r":"D-CONE","t":"LJ35"},"E65E":{"r":"D-CONU","t":"LJ55"},"E66F":{"r":"D-COOL","t":"LJ55"},"E6CC":{"r":"D-COSA","t":"D328"},"E6DF":{"r":"D-COST","t":"C680"},"E735":{"r":"D-COWB","t":"C25B"},"E7AA":{"r":"D-CPAO","t":"C25B"},"E7FB":{"r":"D-CPDR","t":"LJ40"},"E8DC":{"r":"D-CPMI","t":"C25B"},"E8E8":{"r":"D-CPMU","t":"LJ60"},"E931":{"r":"D-CPPP","t":"C550"},"E964":{"r":"D-CPRO","t":"LJ31"},"E965":{"r":"D-CPRP","t":"D328"},"E986":{"r":"D-CPSW","t":"SW4"},"EA49":{"r":"D-CQAJ","t":"LJ35"},"EBF0":{"r":"D-CQQQ","t":"C56X"},"ECEB":{"r":"D-CRAH","t":"C25B"},"ECF1":{"r":"D-CRAN","t":"LJ60"},"ECF2":{"r":"D-CRAO","t":"BE30"},"ECF6":{"r":"D-CRAS","t":"SH36"},"ED02":{"r":"D-CRBE","t":"LJ45"},"ED29":{"r":"D-CRCR","t":"E55P"},"ED64":{"r":"D-CREY","t":"C650"},"EDC6":{"r":"D-CRIS","t":"ASTR"},"EE51":{"r":"D-CROB","t":"LJ60"},"EE5D":{"r":"D-CRON","t":"C56X"},"EF8E":{"r":"D-CSAG","t":"E55P"},"EF93":{"r":"D-CSAL","t":"SW4"},"EF97":{"r":"D-CSAP","t":"LJ31"},"EFF1":{"r":"D-CSEB","t":"C56X"},"F00D":{"r":"D-CSFD","t":"C550"},"F05C":{"r":"D-CSIE","t":"LJ31"},"F064":{"r":"D-CSIM","t":"LJ60"},"F06F":{"r":"D-CSIX","t":"LJ60"},"F0A4":{"r":"D-CSKY","t":"B350"},"F0B9":{"r":"D-CSLT","t":"LJ60"},"F19D":{"r":"D-CSUN","t":"C56X"},"F1C9":{"r":"D-CSWF","t":"SW4"},"F1D0":{"r":"D-CSWM","t":"C550"},"F296":{"r":"D-CTEC","t":"C25B"},"F361":{"r":"D-CTLX","t":"C56X"},"F3EE":{"r":"D-CTRI","t":"LJ35"},"F42D":{"r":"D-CTTT","t":"C56X"},"F476":{"r":"D-CTWO","t":"LJ35"},"F4EA":{"r":"D-CUBA","t":"C25B"},"F601":{"r":"D-CULT","t":"D228"},"F630":{"r":"D-CUNO","t":"LJ55"},"F68A":{"r":"D-CURA","t":"C25B"},"F69D":{"r":"D-CURT","t":"LJ31"},"F6D1":{"r":"D-CUTT","t":"D228"},"F6EC":{"r":"D-CUUU","t":"C56X"},"F82A":{"r":"D-CVHA","t":"C680"},"F82B":{"r":"D-CVHB","t":"C56X"},"F836":{"r":"D-CVHM","t":"C25B"},"F84C":{"r":"D-CVII","t":"C650"},"F853":{"r":"D-CVIP","t":"LJ55"},"F86B":{"r":"D-CVJN","t":"LJ40"},"F9AB":{"r":"D-CVVV","t":"C56X"},"FA30":{"r":"D-CWAY","t":"LJ55"},"FAF0":{"r":"D-CWII","t":"C650"},"FAF5":{"r":"D-CWIN","t":"C680"},"FAF9":{"r":"D-CWIR","t":"C25B"},"FDEC":{"r":"D-CXLS","t":"C56X"},"children":["3C4","3C6"]}