{"42D":{"r":"D-AAAM","t":"GLF5"},"43A":{"r":"D-AAAZ","t":"GL5T"},"442":{"r":"D-AABB","t":"GLF4"},"52A":{"r":"D-AAIJ","t":"CRJ2"},"581":{"r":"D-AALA","t":"B77L"},"582":{"r":"D-AALB","t":"B77L"},"583":{"r":"D-AALC","t":"B77L"},"584":{"r":"D-AALD","t":"B77L"},"585":{"r":"D-AALE","t":"B77L"},"586":{"r":"D-AALF","t":"B77L"},"587":{"r":"D-AALG","t":"B77L"},"588":{"r":"D-AALH","t":"B77L"},"5A1":{"r":"D-AAMA","t":"CL60"},"5CE":{"r":"D-AANN","t":"CRJ2"},"5EB":{"r":"D-AAOK","t":"CL60"},"822":{"r":"D-ABAB","t":"B737"},"826":{"r":"D-ABAF","t":"B738"},"827":{"r":"D-ABAG","t":"B738"},"830":{"r":"D-ABAP","t":"B738"},"831":{"r":"D-ABAQ","t":"B738"},"832":{"r":"D-ABAR","t":"B738"},"833":{"r":"D-ABAS","t":"B738"},"834":{"r":"D-ABAT","t":"B738"},"835":{"r":"D-ABAU","t":"B738"},"836":{"r":"D-ABAV","t":"B738"},"841":{"r":"D-ABBA","t":"B738"},"842":{"r":"D-ABBB","t":"B738"},"843":{"r":"D-ABBC","t":"B738"},"844":{"r":"D-ABBD","t":"B738"},"845":{"r":"D-ABBE","t":"B738"},"846":{"r":"D-ABBF","t":"B738"},"847":{"r":"D-ABBG","t":"B738"},"848":{"r":"D-ABBH","t":"B738"},"849":{"r":"D-ABBI","t":"B738"},"84A":{"r":"D-ABBJ","t":"B738"},"84B":{"r":"D-ABBK","t":"B738"},"84C":{"r":"D-ABBL","t":"B738"},"84D":{"r":"D-ABBM","t":"B738"},"851":{"r":"D-ABBQ","t":"B738"},"853":{"r":"D-ABBS","t":"B737"},"854":{"r":"D-ABBT","t":"B737"},"855":{"r":"D-ABBU","t":"B738"},"856":{"r":"D-ABBV","t":"B737"},"857":{"r":"D-ABBW","t":"B737"},"858":{"r":"D-ABBX","t":"B738"},"859":{"r":"D-ABBY","t":"B738"},"85A":{"r":"D-ABBZ","t":"B738"},"861":{"r":"D-ABCA","t":"A321"},"862":{"r":"D-ABCB","t":"A321"},"863":{"r":"D-ABCC","t":"A321"},"864":{"r":"D-ABCD","t":"CL60"},"866":{"r":"D-ABCF","t":"A321"},"867":{"r":"D-ABCG","t":"A321"},"868":{"r":"D-ABCH","t":"A321"},"869":{"r":"D-ABCI","t":"A321"},"86A":{"r":"D-ABCJ","t":"A321"},"86B":{"r":"D-ABCK","t":"A321"},"882":{"r":"D-ABDB","t":"A320"},"884":{"r":"D-ABDD","t":"A320"},"885":{"r":"D-ABDE","t":"A320"},"886":{"r":"D-ABDF","t":"A320"},"887":{"r":"D-ABDG","t":"A320"},"888":{"r":"D-ABDH","t":"A320"},"889":{"r":"D-ABDI","t":"A320"},"88A":{"r":"D-ABDJ","t":"A320"},"88E":{"r":"D-ABDN","t":"A320"},"88F":{"r":"D-ABDO","t":"A320"},"890":{"r":"D-ABDP","t":"A320"},"891":{"r":"D-ABDQ","t":"A320"},"892":{"r":"D-ABDR","t":"A320"},"893":{"r":"D-ABDS","t":"A320"},"895":{"r":"D-ABDU","t":"A320"},"897":{"r":"D-ABDW","t":"A320"},"898":{"r":"D-ABDX","t":"A320"},"899":{"r":"D-ABDY","t":"A320"},"8A1":{"r":"D-ABEA","t":"B733"},"8A2":{"r":"D-ABEB","t":"B733"},"8A3":{"r":"D-ABEC","t":"B733"},"8A4":{"r":"D-ABED","t":"B733"},"8A5":{"r":"D-ABEE","t":"B733"},"8A6":{"r":"D-ABEF","t":"B733"},"8A8":{"r":"D-ABEH","t":"B733"},"8A9":{"r":"D-ABEI","t":"B733"},"8AB":{"r":"D-ABEK","t":"B733"},"8AC":{"r":"D-ABEL","t":"B733"},"8AD":{"r":"D-ABEM","t":"B733"},"8AE":{"r":"D-ABEN","t":"B733"},"8AF":{"r":"D-ABEO","t":"B733"},"8B0":{"r":"D-ABEP","t":"B733"},"8B2":{"r":"D-ABER","t":"B733"},"8B3":{"r":"D-ABES","t":"B733"},"8B4":{"r":"D-ABET","t":"B733"},"8B5":{"r":"D-ABEU","t":"B733"},"8B7":{"r":"D-ABEW","t":"B733"},"8B9":{"r":"D-ABEY","t":"CL60"},"8C1":{"r":"D-ABFA","t":"A320"},"8C2":{"r":"D-ABFB","t":"A320"},"8C3":{"r":"D-ABFC","t":"A320"},"8C5":{"r":"D-ABFE","t":"A320"},"8C6":{"r":"D-ABFF","t":"A320"},"8C7":{"r":"D-ABFG","t":"A320"},"8C8":{"r":"D-ABFH","t":"A320"},"8CB":{"r":"D-ABFK","t":"A320"},"8CC":{"r":"D-ABFL","t":"A320"},"8CD":{"r":"D-ABFM","t":"A320"},"8CE":{"r":"D-ABFN","t":"A320"},"8CF":{"r":"D-ABFO","t":"A320"},"8D0":{"r":"D-ABFP","t":"A320"},"8D4":{"r":"D-ABFT","t":"A320"},"8D5":{"r":"D-ABFU","t":"A320"},"8DA":{"r":"D-ABFZ","t":"A320"},"8E1":{"r":"D-ABGA","t":"A319"},"8E2":{"r":"D-ABGB","t":"A319"},"8E3":{"r":"D-ABGC","t":"A319"},"8E8":{"r":"D-ABGH","t":"A319"},"8E9":{"r":"D-ABGI","t":"A319"},"8EA":{"r":"D-ABGJ","t":"A319"},"8EB":{"r":"D-ABGK","t":"A319"},"8EC":{"r":"D-ABGL","t":"A319"},"8EE":{"r":"D-ABGN","t":"A319"},"8EF":{"r":"D-ABGO","t":"A319"},"8F0":{"r":"D-ABGP","t":"A319"},"8F1":{"r":"D-ABGQ","t":"A319"},"8F2":{"r":"D-ABGR","t":"A319"},"8F3":{"r":"D-ABGS","t":"A319"},"921":{"r":"D-ABIA","t":"B735"},"922":{"r":"D-ABIB","t":"B735"},"923":{"r":"D-ABIC","t":"B735"},"924":{"r":"D-ABID","t":"B735"},"925":{"r":"D-ABIE","t":"B735"},"926":{"r":"D-ABIF","t":"B735"},"928":{"r":"D-ABIH","t":"B735"},"929":{"r":"D-ABII","t":"B735"},"92B":{"r":"D-ABIK","t":"B735"},"92C":{"r":"D-ABIL","t":"B735"},"92D":{"r":"D-ABIM","t":"B735"},"92E":{"r":"D-ABIN","t":"B735"},"92F":{"r":"D-ABIO","t":"B735"},"930":{"r":"D-ABIP","t":"B735"},"932":{"r":"D-ABIR","t":"B735"},"933":{"r":"D-ABIS","t":"B735"},"934":{"r":"D-ABIT","t":"B735"},"935":{"r":"D-ABIU","t":"B735"},"937":{"r":"D-ABIW","t":"B735"},"938":{"r":"D-ABIX","t":"B735"},"939":{"r":"D-ABIY","t":"B735"},"93A":{"r":"D-ABIZ","t":"B735"},"941":{"r":"D-ABJA","t":"B735"},"942":{"r":"D-ABJB","t":"B735"},"943":{"r":"D-ABJC","t":"B735"},"944":{"r":"D-ABJD","t":"B735"},"945":{"r":"D-ABJE","t":"B735"},"946":{"r":"D-ABJF","t":"B735"},"948":{"r":"D-ABJH","t":"B735"},"949":{"r":"D-ABJI","t":"B735"},"961":{"r":"D-ABKA","t":"B738"},"962":{"r":"D-ABKB","t":"B738"},"963":{"r":"D-ABKC","t":"B738"},"964":{"r":"D-ABKD","t":"B738"},"965":{"r":"D-ABKE","t":"B738"},"966":{"r":"D-ABKF","t":"B738"},"967":{"r":"D-ABKG","t":"B738"},"968":{"r":"D-ABKH","t":"B738"},"969":{"r":"D-ABKI","t":"B738"},"96A":{"r":"D-ABKJ","t":"B738"},"96B":{"r":"D-ABKK","t":"B738"},"96C":{"r":"D-ABKL","t":"B738"},"96D":{"r":"D-ABKM","t":"B738"},"96E":{"r":"D-ABKN","t":"B738"},"96F":{"r":"D-ABKO","t":"B738"},"970":{"r":"D-ABKP","t":"B738"},"971":{"r":"D-ABKQ","t":"B738"},"973":{"r":"D-ABKS","t":"B738"},"974":{"r":"D-ABKT","t":"B738"},"975":{"r":"D-ABKU","t":"B738"},"977":{"r":"D-ABKW","t":"B738"},"979":{"r":"D-ABKY","t":"B738"},"981":{"r":"D-ABLA","t":"B737"},"982":{"r":"D-ABLB","t":"B737"},"983":{"r":"D-ABLC","t":"B737"},"984":{"r":"D-ABLD","t":"B737"},"985":{"r":"D-ABLE","t":"B737"},"986":{"r":"D-ABLF","t":"B737"},"9A2":{"r":"D-ABMB","t":"B738"},"9A3":{"r":"D-ABMC","t":"B738"},"9A4":{"r":"D-ABMD","t":"B738"},"9A5":{"r":"D-ABME","t":"B738"},"9A6":{"r":"D-ABMF","t":"B738"},"9A7":{"r":"D-ABMG","t":"B738"},"9A8":{"r":"D-ABMH","t":"B738"},"9A9":{"r":"D-ABMI","t":"B738"},"9AA":{"r":"D-ABMJ","t":"B738"},"9AB":{"r":"D-ABMK","t":"B738"},"9AC":{"r":"D-ABML","t":"B738"},"9AF":{"r":"D-ABMO","t":"B738"},"9B0":{"r":"D-ABMP","t":"B738"},"9B1":{"r":"D-ABMQ","t":"B738"},"9B2":{"r":"D-ABMR","t":"B738"},"9B3":{"r":"D-ABMS","t":"B738"},"9B5":{"r":"D-ABMU","t":"B738"},"9B6":{"r":"D-ABMV","t":"B738"},"9B7":{"r":"D-ABMW","t":"GLF5"},"9C1":{"r":"D-ABNA","t":"A320"},"9C2":{"r":"D-ABNB","t":"A320"},"9C3":{"r":"D-ABNC","t":"A320"},"9E1":{"r":"D-ABOA","t":"B753"},"9E2":{"r":"D-ABOB","t":"B753"},"9E3":{"r":"D-ABOC","t":"B753"},"9E5":{"r":"D-ABOE","t":"B753"},"9E6":{"r":"D-ABOF","t":"B753"},"9E7":{"r":"D-ABOG","t":"B753"},"9E8":{"r":"D-ABOH","t":"B753"},"9E9":{"r":"D-ABOI","t":"B753"},"9EA":{"r":"D-ABOJ","t":"B753"},"9EB":{"r":"D-ABOK","t":"B753"},"9EC":{"r":"D-ABOL","t":"B753"},"9ED":{"r":"D-ABOM","t":"B753"},"9EE":{"r":"D-ABON","t":"B753"},"A21":{"r":"D-ABQA","t":"DH8D"},"A22":{"r":"D-ABQB","t":"DH8D"},"A23":{"r":"D-ABQC","t":"DH8D"},"A24":{"r":"D-ABQD","t":"DH8D"},"A25":{"r":"D-ABQE","t":"DH8D"},"A26":{"r":"D-ABQF","t":"DH8D"},"A27":{"r":"D-ABQG","t":"DH8D"},"A28":{"r":"D-ABQH","t":"DH8D"},"A29":{"r":"D-ABQI","t":"DH8D"},"A2A":{"r":"D-ABQJ","t":"DH8D"},"A2B":{"r":"D-ABQK","t":"DH8D"},"A2C":{"r":"D-ABQL","t":"DH8D"},"A45":{"r":"D-ABRE","t":"B734"},"A81":{"r":"D-ABTA","t":"B744"},"A82":{"r":"D-ABTB","t":"B744"},"A83":{"r":"D-ABTC","t":"B744"},"A84":{"r":"D-ABTD","t":"B744"},"A85":{"r":"D-ABTE","t":"B744"},"A86":{"r":"D-ABTF","t":"B744"},"A88":{"r":"D-ABTH","t":"B744"},"A8B":{"r":"D-ABTK","t":"B744"},"A8C":{"r":"D-ABTL","t":"B744"},"AA1":{"r":"D-ABUA","t":"B763"},"AA2":{"r":"D-ABUB","t":"B763"},"AA3":{"r":"D-ABUC","t":"B763"},"AA4":{"r":"D-ABUD","t":"B763"},"AA5":{"r":"D-ABUE","t":"B763"},"AA6":{"r":"D-ABUF","t":"B763"},"AA8":{"r":"D-ABUH","t":"B763"},"AA9":{"r":"D-ABUI","t":"B763"},"AAB":{"r":"D-ABUK","t":"B763"},"AAC":{"r":"D-ABUL","t":"B763"},"AAD":{"r":"D-ABUM","t":"B763"},"AB3":{"r":"D-ABUS","t":"B763"},"ABA":{"r":"D-ABUZ","t":"B763"},"AC1":{"r":"D-ABVA","t":"B744"},"AC2":{"r":"D-ABVB","t":"B744"},"AC3":{"r":"D-ABVC","t":"B744"},"AC4":{"r":"D-ABVD","t":"B744"},"AC5":{"r":"D-ABVE","t":"B744"},"AC6":{"r":"D-ABVF","t":"B744"},"AC8":{"r":"D-ABVH","t":"B744"},"ACB":{"r":"D-ABVK","t":"B744"},"ACC":{"r":"D-ABVL","t":"B744"},"ACD":{"r":"D-ABVM","t":"B744"},"ACE":{"r":"D-ABVN","t":"B744"},"ACF":{"r":"D-ABVO","t":"B744"},"AD0":{"r":"D-ABVP","t":"B744"},"AD2":{"r":"D-ABVR","t":"B744"},"AD3":{"r":"D-ABVS","t":"B744"},"AD4":{"r":"D-ABVT","t":"B744"},"AD5":{"r":"D-ABVU","t":"B744"},"AD7":{"r":"D-ABVW","t":"B744"},"AD8":{"r":"D-ABVX","t":"B744"},"AD9":{"r":"D-ABVY","t":"B744"},"ADA":{"r":"D-ABVZ","t":"B744"},"AE8":{"r":"D-ABWH","t":"B733"},"B01":{"r":"D-ABXA","t":"A332"},"B02":{"r":"D-ABXB","t":"A332"},"B03":{"r":"D-ABXC","t":"A332"},"B04":{"r":"D-ABXD","t":"A332"},"B0C":{"r":"D-ABXL","t":"B733"},"B0D":{"r":"D-ABXM","t":"B733"},"B0E":{"r":"D-ABXN","t":"B733"},"B0F":{"r":"D-ABXO","t":"B733"},"B10":{"r":"D-ABXP","t":"B733"},"B12":{"r":"D-ABXR","t":"B733"},"B13":{"r":"D-ABXS","t":"B733"},"B14":{"r":"D-ABXT","t":"B733"},"B15":{"r":"D-ABXU","t":"B733"},"B17":{"r":"D-ABXW","t":"B733"},"B18":{"r":"D-ABXX","t":"B733"},"B19":{"r":"D-ABXY","t":"B733"},"B1A":{"r":"D-ABXZ","t":"B733"},"B21":{"r":"D-ABYA","t":"B748"},"B23":{"r":"D-ABYC","t":"B748"},"B24":{"r":"D-ABYD","t":"B748"},"B26":{"r":"D-ABYF","t":"B748"},"B27":{"r":"D-ABYG","t":"B748"},"B28":{"r":"D-ABYH","t":"B748"},"B29":{"r":"D-ABYI","t":"B748"},"B2A":{"r":"D-ABYJ","t":"B748"},"B2B":{"r":"D-ABYK","t":"B748"},"B2C":{"r":"D-ABYL","t":"B748"},"B2D":{"r":"D-ABYM","t":"B748"},"B2E":{"r":"D-ABYN","t":"B748"},"B2F":{"r":"D-ABYO","t":"B748"},"B30":{"r":"D-ABYP","t":"B748"},"B31":{"r":"D-ABYQ","t":"B748"},"B32":{"r":"D-ABYR","t":"B748"},"B34":{"r":"D-ABYT","t":"B748"},"B35":{"r":"D-ABYU","t":"B748"},"C4A":{"r":"D-ACBJ","t":"B737"},"C4E":{"r":"D-ACBN","t":"A319"},"C4F":{"r":"D-ACBO","t":"GLEX"},"C85":{"r":"D-ACDE","t":"GLEX"},"CC1":{"r":"D-ACFA","t":"B462"},"CE1":{"r":"D-ACGA","t":"B744"},"CE2":{"r":"D-ACGB","t":"B744"},"CE3":{"r":"D-ACGC","t":"B744"},"CE4":{"r":"D-ACGD","t":"B744"},"D01":{"r":"D-ACHA","t":"CRJ2"},"D02":{"r":"D-ACHB","t":"CRJ2"},"D03":{"r":"D-ACHC","t":"CRJ2"},"D04":{"r":"D-ACHD","t":"CRJ2"},"D05":{"r":"D-ACHE","t":"CRJ2"},"D06":{"r":"D-ACHF","t":"CRJ2"},"D09":{"r":"D-ACHI","t":"CRJ2"},"D0B":{"r":"D-ACHK","t":"CRJ2"},"D43":{"r":"D-ACJC","t":"CRJ1"},"D45":{"r":"D-ACJE","t":"CRJ1"},"D46":{"r":"D-ACJF","t":"CRJ1"},"D61":{"r":"D-ACKA","t":"CRJ9"},"D62":{"r":"D-ACKB","t":"CRJ9"},"D63":{"r":"D-ACKC","t":"CRJ9"},"D64":{"r":"D-ACKD","t":"CRJ9"},"D65":{"r":"D-ACKE","t":"CRJ9"},"D66":{"r":"D-ACKF","t":"CRJ9"},"D67":{"r":"D-ACKG","t":"CRJ9"},"D68":{"r":"D-ACKH","t":"CRJ9"},"D69":{"r":"D-ACKI","t":"CRJ9"},"D6A":{"r":"D-ACKJ","t":"CRJ9"},"D6B":{"r":"D-ACKK","t":"CRJ9"},"D6C":{"r":"D-ACKL","t":"CRJ9"},"D97":{"r":"D-ACLW","t":"CRJ1"},"D99":{"r":"D-ACLY","t":"CRJ1"},"DC1":{"r":"D-ACNA","t":"CRJ9"},"DC2":{"r":"D-ACNB","t":"CRJ9"},"DC3":{"r":"D-ACNC","t":"CRJ9"},"DC4":{"r":"D-ACND","t":"CRJ9"},"DC5":{"r":"D-ACNE","t":"CRJ9"},"DC6":{"r":"D-ACNF","t":"CRJ9"},"DC7":{"r":"D-ACNG","t":"CRJ9"},"DC8":{"r":"D-ACNH","t":"CRJ9"},"DC9":{"r":"D-ACNI","t":"CRJ9"},"DCA":{"r":"D-ACNJ","t":"CRJ9"},"DCB":{"r":"D-ACNK","t":"CRJ9"},"DCC":{"r":"D-ACNL","t":"CRJ9"},"DCD":{"r":"D-ACNM","t":"CRJ9"},"DCE":{"r":"D-ACNN","t":"CRJ9"},"DCF":{"r":"D-ACNO","t":"CRJ9"},"DD0":{"r":"D-ACNP","t":"CRJ9"},"DD1":{"r":"D-ACNQ","t":"CRJ9"},"DD2":{"r":"D-ACNR","t":"CRJ9"},"DD4":{"r":"D-ACNT","t":"CRJ9"},"DD5":{"r":"D-ACNU","t":"CRJ9"},"DD6":{"r":"D-ACNV","t":"CRJ9"},"DD7":{"r":"D-ACNW","t":"CRJ9"},"DD8":{"r":"D-ACNX","t":"CRJ9"},"E01":{"r":"D-ACPA","t":"CRJ7"},"E02":{"r":"D-ACPB","t":"CRJ7"},"E03":{"r":"D-ACPC","t":"CRJ7"},"E04":{"r":"D-ACPD","t":"CRJ7"},"E05":{"r":"D-ACPE","t":"CRJ7"},"E06":{"r":"D-ACPF","t":"CRJ7"},"E07":{"r":"D-ACPG","t":"CRJ7"},"E08":{"r":"D-ACPH","t":"CRJ7"},"E09":{"r":"D-ACPI","t":"CRJ7"},"E0A":{"r":"D-ACPJ","t":"CRJ7"},"E0B":{"r":"D-ACPK","t":"CRJ7"},"E0C":{"r":"D-ACPL","t":"CRJ7"},"E0D":{"r":"D-ACPM","t":"CRJ7"},"E0E":{"r":"D-ACPN","t":"CRJ7"},"E0F":{"r":"D-ACPO","t":"CRJ7"},"E10":{"r":"D-ACPP","t":"CRJ7"},"E11":{"r":"D-ACPQ","t":"CRJ7"},"E12":{"r":"D-ACPR","t":"CRJ7"},"E13":{"r":"D-ACPS","t":"CRJ7"},"E14":{"r":"D-ACPT","t":"CRJ7"},"E41":{"r":"D-ACRA","t":"CRJ2"},"E42":{"r":"D-ACRB","t":"CRJ2"},"E43":{"r":"D-ACRC","t":"CRJ2"},"E44":{"r":"D-ACRD","t":"CRJ2"},"E45":{"r":"D-ACRE","t":"CRJ2"},"E46":{"r":"D-ACRF","t":"CRJ2"},"E47":{"r":"D-ACRG","t":"CRJ2"},"E48":{"r":"D-ACRH","t":"CRJ2"},"E49":{"r":"D-ACRI","t":"CRJ2"},"E4A":{"r":"D-ACRJ","t":"CRJ2"},"E4B":{"r":"D-ACRK","t":"CRJ2"},"E4C":{"r":"D-ACRL","t":"CRJ2"},"E4D":{"r":"D-ACRM","t":"CRJ2"},"E4E":{"r":"D-ACRN","t":"CRJ2"},"E4F":{"r":"D-ACRO","t":"CRJ2"},"E50":{"r":"D-ACRP","t":"CRJ2"},"E51":{"r":"D-ACRQ","t":"CRJ2"},"E52":{"r":"D-ACRR","t":"CRJ2"},"E62":{"r":"D-ACSB","t":"CRJ7"},"E63":{"r":"D-ACSC","t":"CRJ7"},"EA1":{"r":"D-ACUA","t":"CL60"}}