{"024":{"r":"D-AHAD","t":"A319"},"0B2":{"r":"D-AHER","t":"F900"},"0C1":{"r":"D-AHFA","t":"B738"},"0C2":{"r":"D-AHFB","t":"B738"},"0C3":{"r":"D-AHFC","t":"B738"},"0C4":{"r":"D-AHFD","t":"B738"},"0C5":{"r":"D-AHFE","t":"B738"},"0C8":{"r":"D-AHFH","t":"B738"},"0C9":{"r":"D-AHFI","t":"B738"},"0CB":{"r":"D-AHFK","t":"B738"},"0CC":{"r":"D-AHFL","t":"B738"},"0CD":{"r":"D-AHFM","t":"B738"},"0CE":{"r":"D-AHFN","t":"B738"},"0CF":{"r":"D-AHFO","t":"B738"},"0D0":{"r":"D-AHFP","t":"B738"},"0D1":{"r":"D-AHFQ","t":"B738"},"0D2":{"r":"D-AHFR","t":"B738"},"0D3":{"r":"D-AHFS","t":"B738"},"0D4":{"r":"D-AHFT","t":"B738"},"0D5":{"r":"D-AHFU","t":"B738"},"0D6":{"r":"D-AHFV","t":"B738"},"0D7":{"r":"D-AHFW","t":"B738"},"0D8":{"r":"D-AHFX","t":"B738"},"0D9":{"r":"D-AHFY","t":"B738"},"0DA":{"r":"D-AHFZ","t":"B738"},"101":{"r":"D-AHHA","t":"A319"},"102":{"r":"D-AHHB","t":"A319"},"103":{"r":"D-AHHC","t":"A320"},"104":{"r":"D-AHHD","t":"A320"},"105":{"r":"D-AHHE","t":"A319"},"106":{"r":"D-AHHF","t":"A320"},"107":{"r":"D-AHHG","t":"A320"},"108":{"r":"D-AHHH","t":"A320"},"121":{"r":"D-AHIA","t":"B737"},"129":{"r":"D-AHII","t":"A319"},"12A":{"r":"D-AHIJ","t":"A319"},"12B":{"r":"D-AHIK","t":"A319"},"12C":{"r":"D-AHIL","t":"A319"},"12D":{"r":"D-AHIM","t":"A319"},"12E":{"r":"D-AHIN","t":"A319"},"12F":{"r":"D-AHIO","t":"A319"},"185":{"r":"D-AHLE","t":"CL60"},"18B":{"r":"D-AHLK","t":"B738"},"192":{"r":"D-AHLR","t":"B738"},"1E9":{"r":"D-AHOI","t":"B463"},"24E":{"r":"D-AHRN","t":"F900"},"301":{"r":"D-AHXA","t":"B737"},"302":{"r":"D-AHXB","t":"B737"},"303":{"r":"D-AHXC","t":"B737"},"304":{"r":"D-AHXD","t":"B737"},"305":{"r":"D-AHXE","t":"B737"},"306":{"r":"D-AHXF","t":"B737"},"307":{"r":"D-AHXG","t":"B737"},"308":{"r":"D-AHXH","t":"B737"},"309":{"r":"D-AHXI","t":"B737"},"30A":{"r":"D-AHXJ","t":"B737"},"421":{"r":"D-AIAA","t":"A321"},"422":{"r":"D-AIAB","t":"A321"},"423":{"r":"D-AIAC","t":"A321"},"441":{"r":"D-AIBA","t":"A319"},"442":{"r":"D-AIBB","t":"A319"},"443":{"r":"D-AIBC","t":"A319"},"444":{"r":"D-AIBD","t":"A319"},"445":{"r":"D-AIBE","t":"A319"},"446":{"r":"D-AIBF","t":"A319"},"447":{"r":"D-AIBG","t":"A319"},"448":{"r":"D-AIBH","t":"A319"},"449":{"r":"D-AIBI","t":"A319"},"44A":{"r":"D-AIBJ","t":"A319"},"461":{"r":"D-AICA","t":"A320"},"463":{"r":"D-AICC","t":"A320"},"464":{"r":"D-AICD","t":"A320"},"465":{"r":"D-AICE","t":"A320"},"466":{"r":"D-AICF","t":"A320"},"467":{"r":"D-AICG","t":"A320"},"468":{"r":"D-AICH","t":"A320"},"469":{"r":"D-AICI","t":"A320"},"46A":{"r":"D-AICJ","t":"A320"},"46B":{"r":"D-AICK","t":"A320"},"46C":{"r":"D-AICL","t":"A320"},"46E":{"r":"D-AICN","t":"A320"},"481":{"r":"D-AIDA","t":"A320"},"482":{"r":"D-AIDB","t":"A321"},"483":{"r":"D-AIDC","t":"A310"},"484":{"r":"D-AIDD","t":"A321"},"485":{"r":"D-AIDE","t":"A321"},"486":{"r":"D-AIDF","t":"A321"},"487":{"r":"D-AIDG","t":"A321"},"488":{"r":"D-AIDH","t":"A321"},"489":{"r":"D-AIDI","t":"A321"},"48A":{"r":"D-AIDJ","t":"A321"},"48B":{"r":"D-AIDK","t":"A321"},"48C":{"r":"D-AIDL","t":"A321"},"48D":{"r":"D-AIDM","t":"A321"},"48E":{"r":"D-AIDN","t":"A321"},"48F":{"r":"D-AIDO","t":"A321"},"490":{"r":"D-AIDP","t":"A321"},"491":{"r":"D-AIDQ","t":"A321"},"494":{"r":"D-AIDT","t":"A321"},"495":{"r":"D-AIDU","t":"A321"},"496":{"r":"D-AIDV","t":"A321"},"497":{"r":"D-AIDW","t":"A321"},"498":{"r":"D-AIDX","t":"A321"},"4C1":{"r":"D-AIFA","t":"A343"},"4C2":{"r":"D-AIFB","t":"A343"},"4C3":{"r":"D-AIFC","t":"A343"},"4C4":{"r":"D-AIFD","t":"A343"},"4C5":{"r":"D-AIFE","t":"A343"},"4C6":{"r":"D-AIFF","t":"A343"},"4E1":{"r":"D-AIGA","t":"A343"},"4E2":{"r":"D-AIGB","t":"A343"},"4E3":{"r":"D-AIGC","t":"A343"},"4E4":{"r":"D-AIGD","t":"A343"},"4E6":{"r":"D-AIGF","t":"A343"},"4E8":{"r":"D-AIGH","t":"A343"},"4E9":{"r":"D-AIGI","t":"A343"},"4EB":{"r":"D-AIGK","t":"A343"},"4EC":{"r":"D-AIGL","t":"A343"},"4ED":{"r":"D-AIGM","t":"A343"},"4EE":{"r":"D-AIGN","t":"A343"},"4EF":{"r":"D-AIGO","t":"A343"},"4F0":{"r":"D-AIGP","t":"A343"},"4F3":{"r":"D-AIGS","t":"A343"},"4F4":{"r":"D-AIGT","t":"A343"},"4F5":{"r":"D-AIGU","t":"A343"},"4F6":{"r":"D-AIGV","t":"A343"},"4F7":{"r":"D-AIGW","t":"A343"},"4F8":{"r":"D-AIGX","t":"A343"},"4F9":{"r":"D-AIGY","t":"A343"},"4FA":{"r":"D-AIGZ","t":"A343"},"501":{"r":"D-AIHA","t":"A346"},"502":{"r":"D-AIHB","t":"A346"},"503":{"r":"D-AIHC","t":"A346"},"504":{"r":"D-AIHD","t":"A346"},"505":{"r":"D-AIHE","t":"A346"},"506":{"r":"D-AIHF","t":"A346"},"508":{"r":"D-AIHH","t":"A346"},"509":{"r":"D-AIHI","t":"A346"},"50B":{"r":"D-AIHK","t":"A346"},"50C":{"r":"D-AIHL","t":"A346"},"50D":{"r":"D-AIHM","t":"A346"},"50E":{"r":"D-AIHN","t":"A346"},"50F":{"r":"D-AIHO","t":"A346"},"510":{"r":"D-AIHP","t":"A346"},"511":{"r":"D-AIHQ","t":"A346"},"512":{"r":"D-AIHR","t":"A346"},"513":{"r":"D-AIHS","t":"A346"},"514":{"r":"D-AIHT","t":"A346"},"515":{"r":"D-AIHU","t":"A346"},"516":{"r":"D-AIHV","t":"A346"},"517":{"r":"D-AIHW","t":"A346"},"518":{"r":"D-AIHX","t":"A346"},"519":{"r":"D-AIHY","t":"A346"},"51A":{"r":"D-AIHZ","t":"A346"},"561":{"r":"D-AIKA","t":"A333"},"562":{"r":"D-AIKB","t":"A333"},"563":{"r":"D-AIKC","t":"A333"},"564":{"r":"D-AIKD","t":"A333"},"565":{"r":"D-AIKE","t":"A333"},"566":{"r":"D-AIKF","t":"A333"},"567":{"r":"D-AIKG","t":"A333"},"568":{"r":"D-AIKH","t":"A333"},"569":{"r":"D-AIKI","t":"A333"},"56A":{"r":"D-AIKJ","t":"A333"},"56B":{"r":"D-AIKK"},"56C":{"r":"D-AIKL"},"56D":{"r":"D-AIKM"},"56E":{"r":"D-AIKN","t":"A333"},"56F":{"r":"D-AIKO","t":"A333"},"570":{"r":"D-AIKP","t":"A333"},"571":{"r":"D-AIKQ","t":"A333"},"572":{"r":"D-AIKR","t":"A333"},"573":{"r":"D-AIKS","t":"A333"},"581":{"r":"D-AILA","t":"A319"},"582":{"r":"D-AILB","t":"A319"},"583":{"r":"D-AILC","t":"A319"},"584":{"r":"D-AILD","t":"A319"},"585":{"r":"D-AILE","t":"A319"},"586":{"r":"D-AILF","t":"A319"},"588":{"r":"D-AILH","t":"A319"},"589":{"r":"D-AILI","t":"A319"},"58B":{"r":"D-AILK","t":"A319"},"58C":{"r":"D-AILL","t":"A319"},"58D":{"r":"D-AILM","t":"A319"},"58E":{"r":"D-AILN","t":"A319"},"590":{"r":"D-AILP","t":"A319"},"592":{"r":"D-AILR","t":"A319"},"593":{"r":"D-AILS","t":"A319"},"594":{"r":"D-AILT","t":"A319"},"595":{"r":"D-AILU","t":"A319"},"597":{"r":"D-AILW","t":"A319"},"598":{"r":"D-AILX","t":"A319"},"599":{"r":"D-AILY","t":"A319"},"5A1":{"r":"D-AIMA","t":"A388"},"5A2":{"r":"D-AIMB","t":"A388"},"5A3":{"r":"D-AIMC","t":"A388"},"5A4":{"r":"D-AIMD","t":"A388"},"5A5":{"r":"D-AIME","t":"A388"},"5A6":{"r":"D-AIMF","t":"A388"},"5A7":{"r":"D-AIMG","t":"A388"},"5A8":{"r":"D-AIMH","t":"A388"},"5A9":{"r":"D-AIMI","t":"A388"},"5AA":{"r":"D-AIMJ","t":"A388"},"5AB":{"r":"D-AIMK","t":"A388"},"5AC":{"r":"D-AIML","t":"A388"},"5AD":{"r":"D-AIMM","t":"A318"},"5C4":{"r":"D-AIND","t":"CL60"},"601":{"r":"D-AIPA","t":"A320"},"602":{"r":"D-AIPB","t":"A320"},"603":{"r":"D-AIPC","t":"A320"},"604":{"r":"D-AIPD","t":"A320"},"605":{"r":"D-AIPE","t":"A320"},"606":{"r":"D-AIPF","t":"A320"},"608":{"r":"D-AIPH","t":"A320"},"60B":{"r":"D-AIPK","t":"A320"},"60C":{"r":"D-AIPL","t":"A320"},"60D":{"r":"D-AIPM","t":"A320"},"610":{"r":"D-AIPP","t":"A320"},"612":{"r":"D-AIPR","t":"A320"},"613":{"r":"D-AIPS","t":"A320"},"614":{"r":"D-AIPT","t":"A320"},"615":{"r":"D-AIPU","t":"A320"},"617":{"r":"D-AIPW","t":"A320"},"618":{"r":"D-AIPX","t":"A320"},"619":{"r":"D-AIPY","t":"A320"},"61A":{"r":"D-AIPZ","t":"A320"},"621":{"r":"D-AIQA","t":"A320"},"622":{"r":"D-AIQB","t":"A320"},"623":{"r":"D-AIQC","t":"A320"},"624":{"r":"D-AIQD","t":"A320"},"625":{"r":"D-AIQE","t":"A320"},"626":{"r":"D-AIQF","t":"A320"},"628":{"r":"D-AIQH","t":"A320"},"62B":{"r":"D-AIQK","t":"A320"},"62C":{"r":"D-AIQL","t":"A320"},"62D":{"r":"D-AIQM","t":"A320"},"62E":{"r":"D-AIQN","t":"A320"},"630":{"r":"D-AIQP","t":"A320"},"632":{"r":"D-AIQR","t":"A320"},"633":{"r":"D-AIQS","t":"A320"},"634":{"r":"D-AIQT","t":"A320"},"635":{"r":"D-AIQU","t":"A320"},"637":{"r":"D-AIQW","t":"A320"},"641":{"r":"D-AIRA","t":"A321"},"642":{"r":"D-AIRB","t":"A321"},"643":{"r":"D-AIRC","t":"A321"},"644":{"r":"D-AIRD","t":"A321"},"645":{"r":"D-AIRE","t":"A321"},"646":{"r":"D-AIRF","t":"A321"},"648":{"r":"D-AIRH","t":"A321"},"64B":{"r":"D-AIRK","t":"A321"},"64C":{"r":"D-AIRL","t":"A321"},"64D":{"r":"D-AIRM","t":"A321"},"64E":{"r":"D-AIRN","t":"A321"},"64F":{"r":"D-AIRO","t":"A321"},"650":{"r":"D-AIRP","t":"A321"},"652":{"r":"D-AIRR","t":"A321"},"653":{"r":"D-AIRS","t":"A321"},"654":{"r":"D-AIRT","t":"A321"},"655":{"r":"D-AIRU","t":"A321"},"657":{"r":"D-AIRW","t":"A321"},"658":{"r":"D-AIRX","t":"A321"},"659":{"r":"D-AIRY","t":"A321"},"662":{"r":"D-AISB","t":"A321"},"663":{"r":"D-AISC","t":"A321"},"664":{"r":"D-AISD","t":"A321"},"665":{"r":"D-AISE","t":"A321"},"666":{"r":"D-AISF","t":"A321"},"667":{"r":"D-AISG","t":"A321"},"668":{"r":"D-AISH","t":"A321"},"669":{"r":"D-AISI","t":"A321"},"66A":{"r":"D-AISJ","t":"A321"},"66B":{"r":"D-AISK","t":"A321"},"66C":{"r":"D-AISL","t":"A321"},"66E":{"r":"D-AISN","t":"A321"},"66F":{"r":"D-AISO","t":"A321"},"670":{"r":"D-AISP","t":"A321"},"671":{"r":"D-AISQ","t":"A321"},"672":{"r":"D-AISR","t":"A321"},"674":{"r":"D-AIST","t":"A321"},"675":{"r":"D-AISU","t":"A321"},"676":{"r":"D-AISV","t":"A321"},"677":{"r":"D-AISW","t":"A321"},"678":{"r":"D-AISX","t":"A321"},"67A":{"r":"D-AISZ","t":"A321"},"6A1":{"r":"D-AIUA","t":"A320"},"6A2":{"r":"D-AIUB","t":"A320"},"6A3":{"r":"D-AIUC","t":"A320"},"6A4":{"r":"D-AIUD","t":"A320"},"6A5":{"r":"D-AIUE","t":"A320"},"6A6":{"r":"D-AIUF","t":"A320"},"6A7":{"r":"D-AIUG","t":"A320"},"6A8":{"r":"D-AIUH","t":"A320"},"6A9":{"r":"D-AIUI","t":"A320"},"6AA":{"r":"D-AIUJ","t":"A320"},"6AB":{"r":"D-AIUK","t":"A320"},"6AC":{"r":"D-AIUL","t":"A320"},"6AD":{"r":"D-AIUM","t":"A320"},"6AE":{"r":"D-AIUN","t":"A320"},"6AF":{"r":"D-AIUO","t":"A320"},"741":{"r":"D-AIZA","t":"A320"},"742":{"r":"D-AIZB","t":"A320"},"743":{"r":"D-AIZC","t":"A320"},"744":{"r":"D-AIZD","t":"A320"},"745":{"r":"D-AIZE","t":"A320"},"746":{"r":"D-AIZF","t":"A320"},"747":{"r":"D-AIZG","t":"A320"},"748":{"r":"D-AIZH","t":"A320"},"749":{"r":"D-AIZI","t":"A320"},"74A":{"r":"D-AIZJ","t":"A320"},"74B":{"r":"D-AIZK","t":"A320"},"74C":{"r":"D-AIZL","t":"A320"},"74D":{"r":"D-AIZM","t":"A320"},"74E":{"r":"D-AIZN","t":"A320"},"74F":{"r":"D-AIZO","t":"A320"},"750":{"r":"D-AIZP","t":"A320"},"751":{"r":"D-AIZQ","t":"A320"},"752":{"r":"D-AIZR","t":"A320"},"753":{"r":"D-AIZS","t":"A320"},"754":{"r":"D-AIZT","t":"A320"},"755":{"r":"D-AIZU","t":"A320"},"756":{"r":"D-AIZV","t":"A320"},"757":{"r":"D-AIZW","t":"A320"},"758":{"r":"D-AIZX","t":"A320"},"759":{"r":"D-AIZY","t":"A320"},"75A":{"r":"D-AIZZ","t":"A320"},"824":{"r":"D-AJAD","t":"F900"},"82E":{"r":"D-AJAN","t":"CL60"},"8B4":{"r":"D-AJET","t":"B462"},"8EB":{"r":"D-AJGK","t":"GLF4"},"94B":{"r":"D-AJJK","t":"GLF4"},"9F9":{"r":"D-AJOY","t":"CRJ2"},"C32":{"r":"D-AKAR","t":"GLF5"},"C34":{"r":"D-AKAT","t":"E135"},"C3A":{"r":"D-AKAZ","t":"GLEX"},"C48":{"r":"D-AKBH","t":"CL60"},"DC6":{"r":"D-AKNF","t":"A319"},"DC7":{"r":"D-AKNG","t":"A319"},"DC8":{"r":"D-AKNH","t":"A319"},"DC9":{"r":"D-AKNI","t":"A319"},"DCA":{"r":"D-AKNJ","t":"A319"},"DCB":{"r":"D-AKNK","t":"A319"},"DCC":{"r":"D-AKNL","t":"A319"},"DCD":{"r":"D-AKNM","t":"A319"},"DCE":{"r":"D-AKNN","t":"A319"},"DCF":{"r":"D-AKNO","t":"A319"},"DD0":{"r":"D-AKNP","t":"A319"},"DD1":{"r":"D-AKNQ","t":"A319"},"DD2":{"r":"D-AKNR","t":"A319"},"DD3":{"r":"D-AKNS","t":"A319"},"DD4":{"r":"D-AKNT","t":"A319"},"DD5":{"r":"D-AKNU","t":"A319"},"DD6":{"r":"D-AKNV","t":"A319"},"EA5":{"r":"D-AKUE","t":"CL60"}}