{"2010":{"r":"G-BKBV","t":"TOBA"},"2011":{"r":"G-BKBW","t":"TOBA"},"2012":{"r":"G-BKCC","t":"P28A"},"201D":{"r":"G-HELN","t":"PA18"},"201E":{"r":"G-BKDH","t":"DR40"},"2025":{"r":"G-POPI","t":"TOBA"},"2038":{"r":"G-BKGA","t":"RALL"},"2047":{"r":"G-BKIJ","t":"C172"},"204A":{"r":"G-BKIT","t":"TAMP"},"2054":{"r":"G-BKLO","t":"C172"},"2057":{"r":"G-MANN","t":"GAZL"},"2058":{"r":"G-BKMB","t":"M20P"},"2089":{"r":"G-BKVL","t":"DR40"},"20A0":{"r":"G-BKZI","t":"B06"},"20A6":{"r":"G-IIIP","t":"PTS1"},"20C4":{"r":"G-BLFZ","t":"PA31"},"20C7":{"r":"G-BLGV","t":"B06"},"20EC":{"r":"G-BLMG","t":"G109"},"20FC":{"r":"G-BLOS","t":"C185"},"2110":{"r":"G-BLTK","t":"AC11"},"2118":{"r":"G-BLUV","t":"G109"},"2126":{"r":"G-BMKR","t":"P28A"},"2127":{"r":"G-BMSB","t":"SPIT"},"212D":{"r":"G-BOLT","t":"AC11"},"2132":{"r":"G-IEJH","t":"D150"},"2140":{"r":"G-BSDL","t":"TOBA"},"2143":{"r":"G-RVRZ","t":"PA27"},"2151":{"r":"G-NWFT","t":"C172"},"2168":{"r":"G-CHIK","t":"C152"},"216C":{"r":"G-ETUS","t":"B06"},"2171":{"r":"G-CLUX","t":"C172"},"2172":{"r":"G-OAMG","t":"B06"},"2176":{"r":"G-JESI","t":"AS50"},"217A":{"r":"G-WENA","t":"AS55"},"217D":{"r":"G-PRFI","t":"B06"},"218E":{"r":"G-DAAH","t":"P28T"},"2190":{"r":"G-DAND","t":"TOBA"},"2193":{"r":"G-DCKK","t":"C172"},"219B":{"r":"G-DODD","t":"C172"},"219C":{"r":"G-DOVE","t":"C182"},"219E":{"r":"G-DUVL","t":"C172"},"21AB":{"r":"G-EGLE"},"21BA":{"r":"G-ERRY","t":"AA5"},"21CD":{"r":"G-FRAG","t":"PA32"},"21CF":{"r":"G-FULL","t":"P28R"},"21D6":{"r":"G-GBSL","t":"BE76"},"21DA":{"r":"G-GEEP"},"21E8":{"r":"G-GWYN","t":"C172"},"21F0":{"r":"G-HFCT","t":"C152"},"2206":{"r":"G-JDEE","t":"TRIN"},"220B":{"r":"G-JFWI","t":"C172"},"2210":{"r":"G-DTAR","t":"B06"},"2213":{"r":"G-GFIF","t":"C152"},"2219":{"r":"G-PIIX","t":"P210"},"222D":{"r":"G-SERL","t":"TOBA"},"2231":{"r":"G-LEAM","t":"P28B"},"2236":{"r":"G-LFIX","t":"SPIT"},"2248":{"r":"G-NROY","t":"P32R"},"224D":{"r":"G-MALA","t":"P28A"},"224E":{"r":"G-MALC","t":"AA5"},"2251":{"r":"G-FFRI","t":"AS55"},"226F":{"r":"G-TOTO","t":"C177"},"2272":{"r":"G-OBMW","t":"AA5"},"227A":{"r":"G-BURS","t":"S76"},"2280":{"r":"G-OJVH","t":"C150"},"2284":{"r":"G-WDKR","t":"AS55"},"2286":{"r":"G-OMNI","t":"P28A"},"228B":{"r":"G-OPAT","t":"BE76"},"228E":{"r":"G-OPSF","t":"PA38"},"229C":{"r":"G-PAXX","t":"PA20"},"22B6":{"r":"G-POWL","t":"C182"},"22C7":{"r":"G-RATE","t":"AA5"},"22D7":{"r":"G-ROLF","t":"P32R"},"22FE":{"r":"G-OPUB","t":"RF6"},"2302":{"r":"G-EJOC","t":"AS50"},"2310":{"r":"G-SUZY","t":"ULAC"},"2316":{"r":"G-NBEL","t":"AS55"},"231A":{"r":"G-TBXX","t":"TRIN"},"231B":{"r":"G-TBZO","t":"TB20"},"2323":{"r":"G-TIMK","t":"P28A"},"2326":{"r":"G-OHCP","t":"AS55"},"232C":{"r":"G-TRUK"},"232F":{"r":"G-TWEL","t":"P28A"},"2330":{"r":"G-TYGA","t":"AA5"},"2331":{"r":"G-TYRE","t":"C172"},"2337":{"r":"G-BAEE","t":"DR10"},"233B":{"r":"G-VITE"},"234A":{"r":"G-WOOD","t":"BE58"},"234E":{"r":"G-PING","t":"AA5"},"2355":{"r":"G-YULL","t":"P28A"},"2356":{"r":"G-ZAZA","t":"PA11"},"239C":{"r":"G-OJPS","t":"B06"},"23B1":{"r":"G-BCTK","t":"C172"},"240A":{"r":"G-MJUX"},"2424":{"r":"G-HELE","t":"B06"},"24F8":{"r":"G-BLYD","t":"TRIN"},"251B":{"r":"G-IOOI","t":"DR40"},"2526":{"r":"G-AZDG","t":"PUP"},"2542":{"r":"G-SUET","t":"B06"},"2583":{"r":"G-GOTC","t":"GA7"},"2586":{"r":"G-TSGA","t":"P28R"},"25AA":{"r":"G-JWCM","t":"BDOG"},"25B8":{"r":"G-JPEG","t":"BN2P"},"25BA":{"r":"G-BEOL","t":"SC7"},"25C5":{"r":"G-BDPJ","t":"PA25"},"25C9":{"r":"G-EMLS","t":"C210"},"25CD":{"r":"G-BCUO","t":"BDOG"},"25D6":{"r":"G-OAMI","t":"B06"},"25FF":{"r":"G-AKSY","t":"AUS5"},"2614":{"r":"G-IBED","t":"R22"},"262A":{"r":"G-ANMY","t":"DH82"},"262E":{"r":"G-BMFP","t":"P28A"},"2633":{"r":"G-OCMM","t":"A109"},"2634":{"r":"G-OSMD","t":"B06"},"2638":{"r":"G-LZZY","t":"P28T"},"2645":{"r":"G-BMGR","t":"G109"},"264C":{"r":"G-BMIX","t":"TRIN"},"2651":{"r":"G-BMIW","t":"P28A"},"26CF":{"r":"G-BMOI","t":"P68"},"2703":{"r":"G-BMOE","t":"P28R"},"2708":{"r":"G-BVTM","t":"C152"},"270D":{"r":"G-KATT","t":"C152"},"273A":{"r":"G-VVIP","t":"C421"},"2748":{"r":"G-BMXB","t":"C152"},"274B":{"r":"G-WIZY","t":"R22"},"2774":{"r":"G-BMTB","t":"C152"},"2777":{"r":"G-AZDJ","t":"PA32"},"277F":{"r":"G-BMYC","t":"TOBA"},"2791":{"r":"G-CVXN","t":"F406"},"27A5":{"r":"G-WACB","t":"C152"},"27AA":{"r":"G-WACE","t":"C152"},"27AE":{"r":"G-FIFI","t":"TRIN"},"27AF":{"r":"G-BMNL","t":"P28R"},"27BD":{"r":"G-WACY","t":"C172"},"27EE":{"r":"G-WACG","t":"C152"},"27FE":{"r":"G-BYNA","t":"C172"},"2801":{"r":"G-TSKY","t":"PUP"},"2863":{"r":"G-BNEE","t":"P28A"},"286C":{"r":"G-JANA","t":"P28A"},"2886":{"r":"G-OPAG","t":"PA34"},"28CA":{"r":"G-BNJC","t":"C152"},"28D8":{"r":"G-BNKH","t":"PA38"},"28DB":{"r":"G-BNKR","t":"C152"},"28DE":{"r":"G-CLAC","t":"P28A"},"28E5":{"r":"G-BNKI","t":"C152"},"28EB":{"r":"G-BNKC","t":"C152"},"2901":{"r":"G-BNHJ","t":"C152"},"2909":{"r":"G-RVRA","t":"P28A"},"290C":{"r":"G-TREE","t":"B06"},"2916":{"r":"G-OEAT","t":"R22"},"291D":{"r":"G-ESME","t":"C182"},"2935":{"r":"G-BNMO","t":"C82R"},"2939":{"r":"G-BNRG","t":"P28A"},"2948":{"r":"G-OODW","t":"P28A"},"2949":{"r":"G-BNRA","t":"TOBA"},"2956":{"r":"G-BNSN","t":"C152"},"295D":{"r":"G-BNNZ","t":"P28A"},"295F":{"r":"G-BNPM","t":"PA38"},"2960":{"r":"G-BNPO","t":"P28A"},"2964":{"r":"G-BNSG","t":"P28R"},"2967":{"r":"G-OONE","t":"M20P"},"2981":{"r":"G-VOID","t":"P28T"},"2988":{"r":"G-BNSP","t":"RF6"},"2989":{"r":"G-BNSR","t":"RF6"},"298F":{"r":"G-BNUT","t":"C152"},"29CD":{"r":"G-BNUL","t":"C152"},"29D1":{"r":"G-SVIP","t":"C421"},"29D7":{"r":"G-VIPU","t":"PA31"},"29E1":{"r":"G-BNYP","t":"P28A"},"29E2":{"r":"G-OKEN","t":"P28R"},"2A17":{"r":"G-OPSL","t":"P32R"},"2A1B":{"r":"G-SKYV","t":"P28T"},"2A3D":{"r":"G-PDSI","t":"C172"},"2A7B":{"r":"G-BOJK","t":"PA34"},"2A8E":{"r":"G-BOFW","t":"C150"},"2A9B":{"r":"G-BOHM","t":"P28A"},"2A9C":{"r":"G-BOHH","t":"C172"},"2AA2":{"r":"G-BOHO","t":"P28A"},"2AB5":{"r":"G-RARB","t":"C172"},"2AC9":{"r":"G-BOIX","t":"C172"},"2ACA":{"r":"G-OGEM","t":"P28A"},"2ACC":{"r":"G-FTIL","t":"DR40"},"2ACD":{"r":"G-BOIT","t":"TOBA"},"2AE1":{"r":"G-BOHA","t":"P28A"},"2AE2":{"r":"G-OALD","t":"TRIN"},"2AEE":{"r":"G-BOJW","t":"P28A"},"2AF3":{"r":"G-BOJS","t":"C172"},"2B04":{"r":"G-BOJI","t":"P28T"},"2B06":{"r":"G-BOKY","t":"C152"},"2B08":{"r":"G-MOVI","t":"P32R"},"2B1C":{"r":"G-OKAG","t":"P28R"},"2B1D":{"r":"G-JRCR","t":"B06"},"2B1E":{"r":"G-BONW","t":"C152"},"2B1F":{"r":"G-BONR","t":"C172"},"2B24":{"r":"G-DONS","t":"P28T"},"2B62":{"r":"G-BOSE","t":"P28A"},"2B65":{"r":"G-OLNT","t":"AS65"},"2B98":{"r":"G-BOTF","t":"P28A"},"2BAB":{"r":"G-BORK","t":"P28A"},"2BB7":{"r":"G-OPST","t":"C182"},"2BC8":{"r":"G-TUNE","t":"R22"},"2BD2":{"r":"G-BWEF","t":"SV4"},"2BD3":{"r":"G-BOMY","t":"P28A"},"2BF6":{"r":"G-LBRC","t":"P28T"},"2BF7":{"r":"G-BYEE","t":"M20T"},"2C1A":{"r":"G-FNLD","t":"C172"},"2C26":{"r":"G-BOYH","t":"P28A"},"2C37":{"r":"G-VILL","t":"ULAC"},"2C40":{"r":"G-BOYL","t":"C152"},"2C48":{"r":"G-BOSN","t":"AS55"},"2C4B":{"r":"G-BOOI","t":"C152"},"2C68":{"r":"G-BOYV","t":"P28R"},"2CA4":{"r":"G-XBOX","t":"B06"},"2CDB":{"r":"G-BPCX","t":"P28B"},"2D03":{"r":"G-CSGT","t":"P28A"},"2D20":{"r":"G-OETI","t":"B06"},"2D40":{"r":"G-FPSA","t":"P28A"},"2D60":{"r":"G-KOTA","t":"P28B"},"2D62":{"r":"G-BPIU","t":"P28A"},"2D67":{"r":"G-JDPB","t":"P28R"},"2D68":{"r":"G-BPCI","t":"C172"},"2D72":{"r":"G-BPKM","t":"P28A"},"2D8C":{"r":"G-GFIB","t":"C152"},"2DB1":{"r":"G-BPOT","t":"P28A"},"2DCD":{"r":"G-MXVI","t":"SPIT"},"2DDB":{"r":"G-SDAY","t":"AS50"},"2DDC":{"r":"G-BPRI","t":"AS55"},"2DDD":{"r":"G-BPRL","t":"AS55"},"2DEC":{"r":"G-BPSL","t":"C177"},"2E03":{"r":"G-JBDH","t":"DR40"},"2E06":{"r":"G-BPTL","t":"C172"},"2E2F":{"r":"G-SLYN","t":"P28A"},"2E30":{"r":"G-BPUL","t":"PA18"},"2E43":{"r":"G-BPWI","t":"B06"},"2E49":{"r":"G-BPWP","t":"LGEZ"},"2E5B":{"r":"G-BPWS","t":"C172"},"2E65":{"r":"G-GFCA","t":"P28A"},"2E70":{"r":"G-BPWE","t":"P28A"},"2E91":{"r":"G-BPCF","t":"J3"},"2E93":{"r":"G-MUNI","t":"M20P"},"2EA4":{"r":"G-SHED","t":"P28A"},"2EAF":{"r":"G-SACO","t":"P28A"},"2ECC":{"r":"G-BRBP","t":"C152"},"2EE0":{"r":"G-JANN","t":"PA34"},"2EE4":{"r":"G-BRDF","t":"P28A"},"2EE6":{"r":"G-BRBD","t":"P28A"},"2EE7":{"r":"G-OOMA","t":"P28A"},"2EE9":{"r":"G-BRDM","t":"P28A"},"2EEB":{"r":"G-BRBW","t":"P28A"},"2EF4":{"r":"G-BRBL","t":"DR40"},"2EF5":{"r":"G-BRBM","t":"DR40"},"2EF9":{"r":"G-BRBI","t":"C172"},"2F1B":{"r":"G-LUSK","t":"L8"},"2F24":{"r":"G-BRGI","t":"P28A"},"2F2A":{"r":"G-OONY","t":"P28A"},"2F2E":{"r":"G-SACI","t":"P28A"},"2F34":{"r":"G-BRHA","t":"P32T"},"2F38":{"r":"G-PEKT","t":"TRIN"},"2F47":{"r":"G-TILE","t":"R22"},"2F53":{"r":"G-OGAZ","t":"GAZL"},"2F75":{"r":"G-OFIT","t":"TOBA"},"2F7B":{"r":"G-BRKH","t":"P28B"},"2F90":{"r":"G-BRLG","t":"P28T"},"2F9A":{"r":"G-BROZ","t":"PA18"},"2FBC":{"r":"G-OPJD","t":"P28T"},"2FBD":{"r":"G-TAKE","t":"AS55"},"2FD7":{"r":"G-BRFM","t":"P28A"},"2FDF":{"r":"G-BRPS","t":"C177"},"2FF0":{"r":"G-BRRK","t":"C182"},"2FF5":{"r":"G-BRNU","t":"DR40"},"3012":{"r":"G-MKXI","t":"SPIT"},"3026":{"r":"G-BRPK","t":"P28A"},"3049":{"r":"G-TOAK","t":"TRIN"},"3067":{"r":"G-OFER","t":"PA18"},"3071":{"r":"G-EFTE"},"3074":{"r":"G-BRTL","t":"H500"},"307E":{"r":"G-BRTD","t":"C152"},"30CF":{"r":"G-CHEZ","t":"BN2P"},"310D":{"r":"G-BSCZ","t":"C152"},"3123":{"r":"G-GOSL","t":"DR40"},"312D":{"r":"G-BSCS","t":"P28A"},"3162":{"r":"G-ENNA","t":"P28A"},"3163":{"r":"G-BSEU","t":"P28A"},"3169":{"r":"G-BSGD","t":"P28A"},"3170":{"r":"G-BSFP","t":"C152"},"3182":{"r":"G-BSII","t":"PA34"},"319D":{"r":"G-BSJX","t":"P28A"},"31A2":{"r":"G-BSKW","t":"P28A"},"31BC":{"r":"G-BSDP","t":"C152"},"31BD":{"r":"G-IRPC","t":"C182"},"31C4":{"r":"G-RONG","t":"P28R"},"31C9":{"r":"G-BSLK","t":"P28A"},"31D4":{"r":"G-BSLA","t":"DR40"},"3203":{"r":"G-BSOG","t":"C172"},"320A":{"r":"G-VFAS","t":"P28R"},"3233":{"r":"G-BSRI","t":"LNC2"},"3248":{"r":"G-EWAW","t":"B06"},"3258":{"r":"G-BSTE","t":"AS55"},"3267":{"r":"G-BSVB","t":"P28A"},"3281":{"r":"G-BSTM","t":"C172"},"3283":{"r":"G-BSUW","t":"PA34"},"3287":{"r":"G-BRZS","t":"C172"},"329D":{"r":"G-NIOS","t":"P32R"},"329F":{"r":"G-BSTR","t":"AA5"},"32A5":{"r":"G-GASP","t":"P28A"},"32CF":{"r":"G-CPCD","t":"DR22"},"32E8":{"r":"G-JLHS","t":"BE36"},"3301":{"r":"G-OOTC","t":"P28R"},"331F":{"r":"G-BSZT","t":"P28A"},"3321":{"r":"G-BSYY","t":"P28A"},"3327":{"r":"G-BSZD","t":"DR40"},"3335":{"r":"G-JMTS","t":"DR40"},"3339":{"r":"G-WINK","t":"AA5"},"333A":{"r":"G-WINS","t":"PA32"},"336E":{"r":"G-WMTM","t":"AA5"},"33BD":{"r":"G-BTGO","t":"P28A"},"33BE":{"r":"G-CHAS","t":"P28A"},"33D8":{"r":"G-BTGW","t":"C152"},"33D9":{"r":"G-BTGX","t":"C152"},"33DA":{"r":"G-BTGY","t":"P28A"},"33F3":{"r":"G-OPWS","t":"M20T"},"3406":{"r":"G-BYYG","t":"RF6"},"3421":{"r":"G-BTKL","t":"B105"},"3434":{"r":"G-BTLG","t":"P28R"},"3438":{"r":"G-BTMA","t":"C172"},"3440":{"r":"G-BTMT"},"3441":{"r":"G-BTLP","t":"AA1"},"3450":{"r":"G-BTNA","t":"R22"},"3456":{"r":"G-BTNE","t":"P28A"},"347D":{"r":"G-CPTM","t":"P28A"},"34A2":{"r":"G-BTRS","t":"P28A"},"34A3":{"r":"G-BTRT","t":"P28R"},"34BB":{"r":"G-OAHC","t":"BE33"},"34E2":{"r":"G-DRZF","t":"DR30"},"34FF":{"r":"G-BTVW","t":"C152"},"352E":{"r":"G-BTZB","t":"YK50"},"353D":{"r":"G-DLDL","t":"R22"},"3540":{"r":"G-BTZE","t":"YK11"},"3544":{"r":"G-BTZU","t":"BALL"},"3560":{"r":"G-COLA","t":"BE33"},"3580":{"r":"G-TIMM","t":"GNAT"},"35C4":{"r":"G-BUEC","t":"RV6"},"35E1":{"r":"G-BUFY","t":"P28A"},"3610":{"r":"G-OJAN","t":"R22"},"361B":{"r":"G-BUJN","t":"C172"},"361F":{"r":"G-BUIJ","t":"P28A"},"362A":{"r":"G-RAFV","t":"ULAC"},"36AF":{"r":"G-OMCC","t":"AS50"},"36F2":{"r":"G-CONB","t":"DR40"},"370E":{"r":"G-BUVA","t":"PA22"},"37C3":{"r":"G-BUYS","t":"DR40"},"37FB":{"r":"G-BVDH","t":"P28T"},"3811":{"r":"G-BVDP","t":"F8L"},"383A":{"r":"G-JSAT","t":"BN2T"},"3844":{"r":"G-YKSZ","t":"YK52"},"3847":{"r":"G-BVFZ","t":"M5"},"3870":{"r":"G-DOGI","t":"R22"},"389B":{"r":"G-BVIK","t":"M7"},"389D":{"r":"G-BVIW","t":"PA18"},"38D9":{"r":"G-KONG","t":"RF6"},"390A":{"r":"G-BVOK","t":"YK52"},"3920":{"r":"G-KITT"},"3952":{"r":"G-VONE","t":"AS55"},"3972":{"r":"G-TOYZ","t":"B06"},"397C":{"r":"G-BVXS","t":"TAYB"},"398B":{"r":"G-FOZZ","t":"BE36"},"39A1":{"r":"G-BVUZ","t":"C120"},"39BE":{"r":"G-BWAB","t":"D140"},"39E6":{"r":"G-GAII","t":"HUNT"},"39EB":{"r":"G-BVXM","t":"AS50"},"3A06":{"r":"G-BVXD","t":"BALL"},"3A11":{"r":"G-PIGY"},"3A22":{"r":"G-BVZV","t":"COY2"},"3A2B":{"r":"G-BVYX","t":"ULAC"},"3A6A":{"r":"G-ITII","t":"PTS2"},"3A7D":{"r":"G-IPUP","t":"PUP"},"3AA6":{"r":"G-OSZB","t":"PTS2"},"3ABB":{"r":"G-ISDB","t":"P28A"},"3AC3":{"r":"G-FLOX","t":"EUPA"},"3AFD":{"r":"G-BWGL","t":"HUNT"},"3B12":{"r":"G-RIFN","t":"CP10"},"3B17":{"r":"G-BWHF","t":"PA31"},"3B38":{"r":"G-BWIJ","t":"EUPA"},"3B41":{"r":"G-YAKU","t":"YK50"},"3B4A":{"r":"G-BWMF","t":"METR"},"3B57":{"r":"G-JOYZ","t":"P28A"},"3B64":{"r":"G-HOPY","t":"RV6"},"3BAB":{"r":"G-LEAF","t":"F406"},"3BB0":{"r":"G-ONUN","t":"RV6"},"3BB3":{"r":"G-CVIX"},"3BC3":{"r":"G-ZAPH","t":"B06"},"3BF5":{"r":"G-BWXT","t":"RF6"},"3C0B":{"r":"G-PASH","t":"AS55"},"3C16":{"r":"G-PMNF","t":"SPIT"},"3C1C":{"r":"G-ODJG","t":"EUPA"},"3C38":{"r":"G-BWTW","t":"M20P"},"3C3B":{"r":"G-BWTH","t":"R22"},"3C50":{"r":"G-BWUT","t":"DHC1"},"3C61":{"r":"G-FILL","t":"PA31"},"3C75":{"r":"G-BWUH","t":"P28A"},"3C7C":{"r":"G-HAPY","t":"DHC1"},"3C93":{"r":"G-SELY","t":"B06"},"3C94":{"r":"G-IFFR","t":"PA32"},"3C9D":{"r":"G-SKYN","t":"AS55"},"3CEE":{"r":"G-BXBU","t":"CP10"},"3CEF":{"r":"G-BXFE","t":"CP10"},"3CF9":{"r":"G-BWYO","t":"F8L"},"3CFC":{"r":"G-BWYR","t":"COY2"},"3D20":{"r":"G-BXAY","t":"B06"},"3D28":{"r":"G-PSST","t":"HUNT"},"3D3A":{"r":"G-XOIL","t":"AS55"},"3D46":{"r":"G-TOSH","t":"R22"},"3D75":{"r":"G-BXDI","t":"DHC1"},"3D79":{"r":"G-ILDA","t":"SPIT"},"3D80":{"r":"G-BXDH","t":"DHC1"},"3D92":{"r":"G-JETZ","t":"H500"},"3D97":{"r":"G-BXDY","t":"EUPA"},"3DA1":{"r":"G-BXIF","t":"P28A"},"3DA2":{"r":"G-TALH","t":"P28A"},"3DAF":{"r":"G-GDER"},"3DB7":{"r":"G-OJIL","t":"PA31"},"3DBC":{"r":"G-RVAN","t":"RV6"},"3DE1":{"r":"G-BXHH","t":"AA5"},"3DE8":{"r":"G-BXGX","t":"DHC1"},"3DEB":{"r":"G-HMBJ","t":"AC11"},"3DF1":{"r":"G-WPAS","t":"EXPL"},"3DF2":{"r":"G-JFER","t":"AC11"},"3DFD":{"r":"G-BXHY","t":"EUPA"},"3E09":{"r":"G-HDTV","t":"A109"},"3E21":{"r":"G-PRII","t":"HUNT"},"3E31":{"r":"G-KEVB","t":"P28A"},"3E3A":{"r":"G-ODOC","t":"R44"},"3E54":{"r":"G-WARU","t":"P28A"},"3E56":{"r":"G-WARZ","t":"P28A"},"3E5C":{"r":"G-BXKL","t":"B06"},"3E74":{"r":"G-PMGG","t":"B06"},"3E82":{"r":"G-HACK","t":"PA18"},"3E87":{"r":"G-NOTE","t":"P28A"},"3E8A":{"r":"G-CBCL","t":"GLST"},"3E91":{"r":"G-BXOA","t":"R22"},"3EBA":{"r":"G-NEWZ","t":"B06"},"3EBB":{"r":"G-OWAP","t":"P28A"},"3EBF":{"r":"G-TYNE","t":"TRIN"},"3ED3":{"r":"G-BXOJ","t":"P28A"},"3ED4":{"r":"G-BXOI","t":"C172"},"3EE4":{"r":"G-OPEP","t":"P28T"},"3F00":{"r":"G-RNBW","t":"B06"},"3F03":{"r":"G-RVIV","t":"RV4"},"3F11":{"r":"G-BXRG","t":"P28A"},"3F20":{"r":"G-FMLY","t":"AC11"},"3F28":{"r":"G-FUNK","t":"YK50"},"3F2A":{"r":"G-CXSM","t":"C172"},"3F2D":{"r":"G-GHZJ","t":"TAMP"},"3F34":{"r":"G-BXSR","t":"C172"},"3F35":{"r":"G-BXSI","t":"JABI"},"3F39":{"r":"G-BXSE","t":"C172"},"3F3A":{"r":"G-NPKJ","t":"RV6"},"3F46":{"r":"G-BXTT","t":"AA5"},"3F74":{"r":"G-SIXD","t":"PA32"},"3F8F":{"r":"G-XLTG","t":"C182"},"3F9E":{"r":"G-BXVY","t":"C152"},"3FA5":{"r":"G-RADI","t":"P28A"},"3FA9":{"r":"G-SSCL","t":"H500"},"3FAA":{"r":"G-OACA","t":"PA44"},"3FB2":{"r":"G-BXVO","t":"RV6"},"3FB3":{"r":"G-GFEY","t":"PA34"},"3FC8":{"r":"G-RVGA","t":"RV6"},"3FD9":{"r":"G-FEZZ","t":"B06"},"3FEA":{"r":"G-IJBB","t":"EN48"},"3FF3":{"r":"G-WARV","t":"P28A"},"3FF4":{"r":"G-WARX","t":"P28A"},"3FF6":{"r":"G-OJGT","t":"M5"},"3FFD":{"r":"G-OBIO","t":"R22"},"3FFF":{"r":"G-CAHA","t":"PA34"},"4001":{"r":"G-NWPS","t":"EC35"},"4003":{"r":"G-BYMH","t":"C152"},"400A":{"r":"G-EKOS","t":"C182"},"4027":{"r":"G-KEMI","t":"P28A"},"403F":{"r":"G-BXYT","t":"P28T"},"4059":{"r":"G-BXZK","t":"EXPL"},"406D":{"r":"G-LACD","t":"P28A"},"4075":{"r":"G-BYBI","t":"B06"},"4076":{"r":"G-GHER","t":"AS55"},"4081":{"r":"G-DIGI","t":"PA32"},"408A":{"r":"G-KAAT","t":"EXPL"},"409C":{"r":"G-DRGS","t":"C182"},"40AB":{"r":"G-SKUA","t":"GLST"},"40AF":{"r":"G-FORZ","t":"PTS1"},"40B7":{"r":"G-IGGL","t":"TOBA"},"40BF":{"r":"G-TIMY","t":"GY80"},"40C9":{"r":"G-BYJS","t":"TRIN"},"40CC":{"r":"G-BYEM","t":"C182"},"40EC":{"r":"G-HRNT","t":"C182"},"40F5":{"r":"G-GIRY","t":"AA5"},"4107":{"r":"G-XSDJ","t":"EUPA"},"4129":{"r":"G-BYKK","t":"R44"},"4140":{"r":"G-BYHH","t":"P28A"},"4158":{"r":"G-CORB","t":"TRIN"},"415F":{"r":"G-RICO","t":"AA5"},"4162":{"r":"G-STON","t":"AS55"},"4166":{"r":"G-ELZY","t":"P28A"},"4168":{"r":"G-HKHM","t":"H500"},"4176":{"r":"G-BYJH","t":"G109"},"4181":{"r":"G-TRAC","t":"R44"},"41AD":{"r":"G-ETME","t":"ME08"},"41AE":{"r":"G-NSEW","t":"R44"},"41C7":{"r":"G-BYMJ","t":"C152"},"41DF":{"r":"G-BYNE","t":"PC6T"},"41E1":{"r":"G-IRKB","t":"P28R"},"41F6":{"r":"G-WRWR","t":"R22"},"4205":{"r":"G-BYNS","t":"JABI"},"4211":{"r":"G-IOWE","t":"EUPA"},"4219":{"r":"G-SLTN","t":"TRIN"},"4225":{"r":"G-BYPB","t":"ULAC"},"422D":{"r":"G-BYTI","t":"PA24"},"4232":{"r":"G-BYSS"},"423B":{"r":"G-BYPU","t":"P32R"},"4254":{"r":"G-DCSE","t":"R44"},"4256":{"r":"G-KSSH","t":"EXPL"},"425D":{"r":"G-LAOL","t":"P28T"},"4278":{"r":"G-SUSX","t":"EXPL"},"42AA":{"r":"G-JEFA","t":"R44"},"42BD":{"r":"G-BYYO","t":"P28R"},"42D1":{"r":"G-BZEC","t":"C152"},"42DC":{"r":"G-IANH","t":"TOBA"},"42E2":{"r":"G-BZAH","t":"C208"},"42EB":{"r":"G-ODAK","t":"P28A"},"42EF":{"r":"G-GCYC","t":"C182"},"4309":{"r":"G-LYNC","t":"R22"},"430C":{"r":"G-FMKA"},"431D":{"r":"G-EOLD","t":"P28A"},"4322":{"r":"G-BZDH","t":"P28R"},"4328":{"r":"G-EGLS","t":"P28A"},"4333":{"r":"G-SIJW","t":"BDOG"},"433B":{"r":"G-NEON","t":"PA32"},"4342":{"r":"G-BZKL","t":"P28A"},"4348":{"r":"G-BZFN","t":"BDOG"},"4349":{"r":"G-CBKA","t":"GAZL"},"4363":{"r":"G-BZMB","t":"P28A"},"436D":{"r":"G-BZFR","t":"E300"},"436F":{"r":"G-JJEN","t":"P28A"},"43AD":{"r":"G-EHMS","t":"EXPL"},"43B1":{"r":"G-BZTH","t":"EUPA"},"43CB":{"r":"G-TAMS","t":"BE23"},"43F8":{"r":"G-LNAA","t":"EXPL"},"4401":{"r":"G-FEDA","t":"EC20"},"440D":{"r":"G-PFSL","t":"C152"},"4428":{"r":"G-PBEE","t":"R44"},"4436":{"r":"G-MFEF","t":"C172"},"4469":{"r":"G-CMED","t":"TAMP"},"447A":{"r":"G-RRFC","t":"TRIN"},"447E":{"r":"G-GHOW","t":"C182"},"448B":{"r":"G-HAAT","t":"EXPL"},"44AB":{"r":"G-BZPG","t":"BE24"},"44CD":{"r":"G-SCHI","t":"AS50"},"44D1":{"r":"G-URMS","t":"EUPA"},"4507":{"r":"G-RAVN","t":"R44"},"4508":{"r":"G-DATG","t":"C182"},"4515":{"r":"G-ZZOE","t":"EC20"},"452A":{"r":"G-TATS","t":"AS50"},"455D":{"r":"G-EEJE","t":"PA31"},"4563":{"r":"G-KPTT","t":"TRIN"},"4573":{"r":"G-OJRM","t":"C182"},"4577":{"r":"G-GGRR","t":"BDOG"},"457B":{"r":"G-EZZL","t":"GAZL"},"459D":{"r":"G-BZYK","t":"JAB4"},"45A2":{"r":"G-OPRC","t":"EUPA"},"45A7":{"r":"G-CBAX","t":"ECHO"},"45B6":{"r":"G-PRAH","t":"FDCT"},"45BD":{"r":"G-CBBA","t":"DR40"},"45DD":{"r":"G-HXTD","t":"DR40"},"45F1":{"r":"G-ISSY","t":"EC20"},"45F2":{"r":"G-OIHC","t":"P32R"},"45F7":{"r":"G-WINI","t":"BDOG"},"4603":{"r":"G-CBCY","t":"BE24"},"4605":{"r":"G-CBFA","t":"DA40"},"4608":{"r":"G-TTMB","t":"B06"},"4609":{"r":"G-CBDG","t":"ULAC"},"460C":{"r":"G-DOIT","t":"AS50"},"460D":{"r":"G-CBHA","t":"TOBA"},"460E":{"r":"G-CBGC","t":"TOBA"},"4611":{"r":"G-CBDJ","t":"ULAC"},"461B":{"r":"G-IANW","t":"AS50"},"461D":{"r":"G-JPAL","t":"AS50"},"461E":{"r":"G-VGMC","t":"AS55"},"4634":{"r":"G-DBMK","t":"C42"},"463D":{"r":"G-OARO","t":"P28R"},"463E":{"r":"G-OOIO","t":"AS50"},"4640":{"r":"G-CBFO","t":"C172"},"4644":{"r":"G-CBGZ","t":"GAZL"},"464F":{"r":"G-CBFN","t":"HR10"},"4659":{"r":"G-IZZI","t":"C182"},"465D":{"r":"G-OPET","t":"P28A"},"465E":{"r":"G-GDRV","t":"RV6"},"468B":{"r":"G-CBHY","t":"ULAC"},"4692":{"r":"G-OAVA","t":"R22"},"46A9":{"r":"G-WHAM"},"46AD":{"r":"G-GURU","t":"P28A"},"46B4":{"r":"G-IVJM","t":"A109"},"46B5":{"r":"G-HTEL","t":"R44"},"46BC":{"r":"G-OTFL","t":"EC20"},"46D6":{"r":"G-CBME","t":"C172"},"46D9":{"r":"G-KELS","t":"RV7"},"46DE":{"r":"G-CBLY","t":"G109"},"46E7":{"r":"G-ZUMI","t":"RV8"},"46EC":{"r":"G-OBEI","t":"TRIN"},"4708":{"r":"G-TRNG","t":"A109"},"4714":{"r":"G-WCAO","t":"EC35"},"4715":{"r":"G-CPSH","t":"EC35"},"4720":{"r":"G-CTZO","t":"TRIN"},"472C":{"r":"G-XMII","t":"EC35"},"4769":{"r":"G-YAKZ","t":"YK50"},"476A":{"r":"G-YAKM","t":"YK50"},"476B":{"r":"G-CBPE","t":"TOBA"},"476F":{"r":"G-ZELE","t":"GAZL"},"4770":{"r":"G-LEDR","t":"GAZL"},"4776":{"r":"G-CBSI","t":"GAZL"},"4781":{"r":"G-CBPI","t":"P28R"},"479A":{"r":"G-DEVL","t":"EC20"},"47BE":{"r":"G-CBSO","t":"P28A"},"47C0":{"r":"G-HAMM","t":"YK50"},"47C4":{"r":"G-CBSS","t":"YK52"},"47C9":{"r":"G-PWUL","t":"RV6"},"47CA":{"r":"G-OBAK","t":"P28A"},"47CB":{"r":"G-CEEN","t":"P28A"},"47CD":{"r":"G-CBZR","t":"P28R"},"47D4":{"r":"G-ELDR","t":"PA32"},"47DE":{"r":"G-RROB","t":"R44"},"47F8":{"r":"G-CBVM","t":"EV97"},"4807":{"r":"G-MODE","t":"EC20"},"4816":{"r":"G-TAGR","t":"EUPA"},"481E":{"r":"G-LASU","t":"EC35"},"482F":{"r":"G-XSAM","t":"RV9"},"4844":{"r":"G-EROM","t":"R22"},"4845":{"r":"G-CTIO","t":"TRIN"},"4854":{"r":"G-GYAT","t":"GY80"},"485E":{"r":"G-CBXC","t":"C42"},"4861":{"r":"G-PERE","t":"R22"},"4865":{"r":"G-PBYA","t":"CAT"},"4866":{"r":"G-SEXX","t":"P28A"},"488F":{"r":"G-CBYH","t":"AP22"},"4896":{"r":"G-OJEH","t":"P28A"},"48AB":{"r":"G-OOON","t":"PA34"},"48AD":{"r":"G-SIJJ","t":"P51"},"48B4":{"r":"G-PACT","t":"P28A"},"48BF":{"r":"G-JBBZ","t":"AS50"},"48D4":{"r":"G-CCBH","t":"P28B"},"48D5":{"r":"G-VTAL","t":"BE35"},"48D7":{"r":"G-TDVB","t":"MCR1"},"48ED":{"r":"G-KENW","t":"DR40"},"48F0":{"r":"G-UFCF","t":"C172"},"48F2":{"r":"G-DDBD","t":"EUPA"},"4918":{"r":"G-PFCL","t":"C172"},"4933":{"r":"G-CTDH","t":"FDCT"},"4934":{"r":"G-CHOX","t":"EUPA"},"4937":{"r":"G-VAAC","t":"P28A"},"495C":{"r":"G-ONIG","t":"RBEL"},"4973":{"r":"G-KAOS","t":"RV7"},"4981":{"r":"G-GEHL","t":"C172"},"4987":{"r":"G-IIXI","t":"E300"},"4988":{"r":"G-OSJN","t":"EUPA"},"4990":{"r":"G-LIMO","t":"B06"},"499A":{"r":"G-SURY","t":"EC35"},"499D":{"r":"G-RVIS","t":"RV8"},"49A6":{"r":"G-NPPL","t":"C42"},"49C4":{"r":"G-CCHL","t":"P28A"},"49C6":{"r":"G-FJTH","t":"AP22"},"49C8":{"r":"G-RVRP","t":"RV7"},"49C9":{"r":"G-CCIJ","t":"P28R"},"49E3":{"r":"G-KEMY","t":"C182"},"49EF":{"r":"G-HEVN","t":"TRIN"},"4A07":{"r":"G-WBVS","t":"DA40"},"4A16":{"r":"G-CCJX","t":"EUPA"},"4A19":{"r":"G-DEMM","t":"AS50"},"4A21":{"r":"G-FLYB","t":"C42"},"4A49":{"r":"G-KETH","t":"B06"},"4A59":{"r":"G-LGCA","t":"DR40"},"4A64":{"r":"G-GBUN","t":"C182"},"4A6C":{"r":"G-CCLW","t":"DA40"},"4A79":{"r":"G-CZMI","t":"ULAC"},"4A9B":{"r":"G-CCOR","t":"F8L"},"4AAA":{"r":"G-FBII","t":"ULAC"},"4ABA":{"r":"G-NUKA","t":"P28A"},"4AC0":{"r":"G-OSFS","t":"C177"},"4AC6":{"r":"G-JACH","t":"P28A"},"4ACC":{"r":"G-ZITZ","t":"AS55"},"4AEF":{"r":"G-OMGH","t":"R44"},"4AF9":{"r":"G-OLLS","t":"C206"},"4B39":{"r":"G-DSPZ","t":"R44"},"4B3D":{"r":"G-PJCC","t":"P28A"},"4B3E":{"r":"G-TOPK","t":"EUPA"},"4B47":{"r":"G-IHOT"},"4B62":{"r":"G-CZAC","t":"ULAC"},"4B69":{"r":"G-PIXX","t":"R44"},"4B80":{"r":"G-UKAT","t":"AAT3"},"4BAA":{"r":"G-URUS","t":"M7"},"4BC1":{"r":"G-TAPS","t":"P28T"},"4BC2":{"r":"G-CCYY","t":"P28A"},"4BC5":{"r":"G-CIBO","t":"C180"},"4BCB":{"r":"G-VVBR","t":"R22"},"4BD4":{"r":"G-CDPD","t":"ULAC"},"4BD5":{"r":"G-CCXB","t":"ST75"},"4BD7":{"r":"G-SHWK","t":"C172"},"4BF0":{"r":"G-EMLE","t":"EV97"},"4C0A":{"r":"G-CCXW","t":"ULAC"},"4C15":{"r":"G-DEFY","t":"R22"},"4C18":{"r":"G-DSKI","t":"EV97"},"4C2B":{"r":"G-TGGR","t":"EC20"},"4C3C":{"r":"G-PETH","t":"PA24"},"4C3D":{"r":"G-EWME","t":"P28A"},"4C47":{"r":"G-CCYR","t":"C42"},"4C4D":{"r":"G-CDAI","t":"DR40"},"4C54":{"r":"G-NIOG","t":"R44"},"4C67":{"r":"G-CDAC","t":"EV97"},"4C7B":{"r":"G-LONE","t":"B06"},"4C83":{"r":"G-ZWIP","t":"ULAC"},"4C8D":{"r":"G-EZUB","t":"CH60"},"4CA3":{"r":"G-VORN","t":"EV97"},"4CBB":{"r":"G-CDDA","t":"TRIN"},"4CC3":{"r":"G-CDDF","t":"ULAC"},"4CC4":{"r":"G-SKKY","t":"C172"},"4CD4":{"r":"G-OWRD","t":"A109"},"4CE0":{"r":"G-HPSF","t":"AC11"},"4CE4":{"r":"G-CDDT","t":"TRIN"},"4CE9":{"r":"G-CDER","t":"P28A"},"4CEA":{"r":"G-RVSG","t":"RV9"},"4CF8":{"r":"G-CDEP"},"4CF9":{"r":"G-CDDK","t":"C172"},"4D15":{"r":"G-TREX","t":"PNR3"},"4D2F":{"r":"G-TVEE","t":"H500"},"4D46":{"r":"G-LCPL","t":"AS65"},"4D47":{"r":"G-RVDG","t":"RV9"},"4D4A":{"r":"G-CDGS","t":"AA5"},"4D61":{"r":"G-MAYE","t":"B407"},"4D63":{"r":"G-RTMY","t":"C42"},"4D64":{"r":"G-FDPS","t":"PTS2"},"4D6D":{"r":"G-CDJF","t":"FDCT"},"4D82":{"r":"G-RISY","t":"RV7"},"4D83":{"r":"G-SOAF","t":"JPRO"},"4D91":{"r":"G-WRSY","t":"EN48"},"4D94":{"r":"G-FLYC","t":"C42"},"4DB5":{"r":"G-CSKW","t":"RV7"},"4DB8":{"r":"G-MLLA","t":"TRIN"},"4DBD":{"r":"G-EETG","t":"C172"},"4DC8":{"r":"G-EDLY"},"4DCB":{"r":"G-OJAG","t":"C172"},"4DD6":{"r":"G-OLFA","t":"AS50"},"4DEA":{"r":"G-CDMA","t":"P28A"},"4E04":{"r":"G-WILT","t":"C42"},"4E1C":{"r":"G-CDNI"},"4E31":{"r":"G-MAUS","t":"EUPA"},"4E36":{"r":"G-CDMF","t":"RV9"},"4E3B":{"r":"G-CDND","t":"GA7"},"4E42":{"r":"G-TRYX","t":"EN48"},"4E61":{"r":"G-IAJS","t":"C42"},"4E6D":{"r":"G-TSUE","t":"EUPA"},"4E70":{"r":"G-KCIN","t":"P28A"},"4E72":{"r":"G-EDGA","t":"P28A"},"4E75":{"r":"G-XSEA","t":"RV8"},"4E78":{"r":"G-CDPA","t":"PNR3"},"4E86":{"r":"G-HHII","t":"HURI"},"4E87":{"r":"G-RVAC","t":"RV7"},"4EB1":{"r":"G-SMRS","t":"C172"},"4EEC":{"r":"G-OOSH","t":"ULAC"},"4EEF":{"r":"G-FCKD","t":"EC20"},"4EF5":{"r":"G-NIKK"},"4F21":{"r":"G-CDTU"},"4F2A":{"r":"G-VIVS","t":"P28A"},"4F38":{"r":"G-CECI"},"4F6C":{"r":"G-LUDM","t":"RV8"},"4F7B":{"r":"G-CDXS","t":"EV97"},"4FA7":{"r":"G-CDZG","t":"C42"},"4FBC":{"r":"G-GTFC","t":"ULAC"},"4FC4":{"r":"G-CDXT","t":"RV9"},"4FC8":{"r":"G-NIEN","t":"RV9"},"4FDF":{"r":"G-CECJ","t":"RF10"},"4FF7":{"r":"G-CEAK","t":"C42"},"4FFC":{"r":"G-CEAM"},"children":["400","401","405","406"]}