{"00F":{"r":"ZJ516","t":"NIM"},"010":{"r":"ZJ518","t":"NIM"},"042":{"r":"VP-CEB","t":"GLEX"},"044":{"r":"VP-CME","t":"B762"},"047":{"r":"VP-CDA","t":"F900"},"048":{"r":"VP-CGS","t":"GLEX"},"049":{"r":"VP-CBA","t":"B732"},"04A":{"r":"VP-CFT","t":"CL60"},"04B":{"r":"VP-CBB","t":"B738"},"04C":{"r":"VP-CDF","t":"GLEX"},"04D":{"r":"VP-CLX","t":"H25B"},"04E":{"r":"VP-CLO","t":"F900"},"050":{"r":"VP-CVP","t":"BE40"},"051":{"r":"VP-CIE","t":"A319"},"053":{"r":"VP-CJA","t":"F2TH"},"055":{"r":"VP-CCL","t":"FA20"},"05A":{"r":"VP-CFA","t":"E135"},"05B":{"r":"VP-CKN","t":"H25B"},"05D":{"r":"VP-CAB","t":"F900"},"05E":{"r":"VP-CSF","t":"GLF4"},"064":{"r":"VP-CAR","t":"C650"},"066":{"r":"VP-CNI","t":"MD87"},"067":{"r":"VP-CIF","t":"GLF5"},"068":{"r":"VP-CCJ","t":"A319"},"06B":{"r":"VP-CLV","t":"CL30"},"06E":{"r":"VP-CAP","t":"CL60"},"072":{"r":"VP-CMP","t":"H25B"},"079":{"r":"VP-CLR","t":"B737"},"07B":{"r":"VP-CMB","t":"CL60"},"07D":{"r":"VP-CFD","t":"CL60"},"07F":{"r":"VP-CVI","t":"GLF5"},"080":{"r":"VP-CLU","t":"H25A"},"081":{"r":"VP-CCR","t":"CL60"},"08D":{"r":"VP-BUS","t":"GLF4"},"091":{"r":"VP-BMS","t":"F900"},"092":{"r":"VP-BKZ","t":"GLF5"},"0A2":{"r":"VP-BOK","t":"GLEX"},"0A5":{"r":"VP-BLB","t":"F900"},"0A7":{"r":"VP-BLM","t":"F900"},"0AA":{"r":"VP-BUB","t":"B752"},"0AD":{"r":"VP-BUD","t":"B752"},"0BA":{"r":"VP-BUA","t":"B763"},"0BC":{"r":"VP-BUZ","t":"B763"},"0BD":{"r":"VP-BBR","t":"B752"},"0D8":{"r":"VP-BEE","t":"F900"},"0D9":{"r":"VP-BZL","t":"B738"},"0DB":{"r":"VP-BOA","t":"CL60"},"0DE":{"r":"VP-BYA","t":"B737"},"0DF":{"r":"VP-BNL","t":"GLF5"},"0E9":{"r":"VP-BAC","t":"GLF5"},"0EC":{"r":"VP-BCC","t":"CRJ2"},"0EE":{"r":"VP-BBW","t":"B737"},"0F0":{"r":"VP-BFF","t":"GLF2"},"0F5":{"r":"VP-BDI","t":"B763"},"0F6":{"r":"VP-BCX","t":"F900"},"0F9":{"r":"VP-BWA","t":"A319"},"0FA":{"r":"VP-BDK","t":"A320"},"0FB":{"r":"VP-BDM","t":"A319"},"0FF":{"r":"VP-BUE","t":"B763"},"104":{"r":"VP-BJD","t":"GLF4"},"106":{"r":"VP-BWB","t":"GL5T"},"107":{"r":"VP-BTJ","t":"A310"},"108":{"r":"VP-BPO","t":"PRM1"},"10B":{"r":"VP-BAM","t":"GL5T"},"10C":{"r":"VP-BEG","t":"F900"},"10D":{"r":"VP-BSI","t":"GLF5"},"110":{"r":"VP-BNK","t":"H25B"},"111":{"r":"VP-BCL","t":"CRJ7"},"112":{"r":"VP-BEA","t":"F900"},"113":{"r":"VP-BMP","t":"FA50"},"11A":{"r":"VP-BLS","t":"PC12"},"12A":{"r":"VP-BDL","t":"F2TH"},"13D":{"r":"VP-BAT","t":"B74S"},"13E":{"r":"VP-BBJ","t":"B737"},"140":{"r":"VP-BWD","t":"A320"},"141":{"r":"VP-BKS","t":"B763"},"143":{"r":"VP-BWR","t":"B737"},"144":{"r":"VP-BRM","t":"B737"},"145":{"r":"VP-BAV","t":"B763"},"146":{"r":"VP-BAX","t":"B763"},"147":{"r":"VP-BAY","t":"B763"},"148":{"r":"VP-BAZ","t":"B763"},"14B":{"r":"VP-BDJ","t":"B722"},"150":{"r":"VP-BDN","t":"A319"},"152":{"r":"VP-BWE","t":"A320"},"154":{"r":"VP-BWF","t":"A320"},"155":{"r":"VP-BWG","t":"A319"},"156":{"r":"VP-BYY","t":"GLEX"},"157":{"r":"VP-BBS","t":"B752"},"158":{"r":"VP-BDO","t":"A319"},"159":{"r":"VP-BWH","t":"A320"},"15B":{"r":"VP-BHN","t":"B738"},"15C":{"r":"VP-BKQ","t":"B430"},"15D":{"r":"VP-BWI","t":"A320"},"15E":{"r":"VP-BWJ","t":"A319"},"160":{"r":"VP-BWK","t":"A319"},"165":{"r":"VP-BDS","t":"C525"},"166":{"r":"VP-BWL","t":"A319"},"168":{"r":"VP-BCT","t":"AC95"},"16C":{"r":"VP-BEL","t":"B737"},"175":{"r":"VP-BEF","t":"F900"},"178":{"r":"VP-BWM","t":"A320"},"179":{"r":"VP-BWN","t":"A321"},"17A":{"r":"VP-BWO","t":"A321"},"17B":{"r":"VP-BWP","t":"A321"},"17C":{"r":"VP-BWQ","t":"B763"},"181":{"r":"VP-BFH","t":"F900"},"183":{"r":"VP-BUF","t":"B763"},"185":{"r":"VP-BCV","t":"F2TH"},"187":{"r":"VP-BUH","t":"B752"},"188":{"r":"VP-BUI","t":"B752"},"189":{"r":"VP-BUJ","t":"B752"},"18B":{"r":"VP-BRT","t":"B737"},"191":{"r":"VP-BNM","t":"S76"},"192":{"r":"VP-BNR","t":"GLF5"},"199":{"r":"VP-BNE","t":"GLF5"},"19A":{"r":"VP-BOW","t":"GLEX"},"19D":{"r":"VP-BZI","t":"CL60"},"1A5":{"r":"VP-BNO","t":"GLF5"},"1A6":{"r":"VP-BMH","t":"H25B"},"1A7":{"r":"VP-BJM","t":"CL60"},"1A8":{"r":"VP-BBF","t":"CL60"},"1A9":{"r":"VP-BWT","t":"B763"},"1AA":{"r":"VP-BWU","t":"B763"},"1AB":{"r":"VP-BWV","t":"B763"},"1AC":{"r":"VP-BWW","t":"B763"},"1AD":{"r":"VP-BWX","t":"B763"},"1AE":{"r":"VP-BSO","t":"F900"},"1B1":{"r":"VP-BOS","t":"GLEX"},"1B2":{"r":"VP-BSP","t":"F900"},"1B3":{"r":"VP-BMZ","t":"AC90"},"1B6":{"r":"VP-BCY","t":"LJ60"},"1BA":{"r":"VP-BQE","t":"B742"},"1BB":{"r":"VP-BQH","t":"B742"},"1BC":{"r":"VP-BCW","t":"H25B"},"1BD":{"r":"VP-BIF","t":"B721"},"1BE":{"r":"VP-BEM","t":"GLEX"},"1C2":{"r":"VP-CIC","t":"CL60"},"1C8":{"r":"VP-CGO","t":"GLEX"},"1C9":{"r":"VP-CFR","t":"F900"},"1D1":{"r":"VP-CBX","t":"GLF5"},"1DA":{"r":"VP-CZY","t":"B722"},"1DB":{"r":"VP-CLB","t":"F900"},"1DD":{"r":"VP-CRB","t":"LJ60"},"1EA":{"r":"VP-CEC","t":"B737"},"1EF":{"r":"VP-CJN","t":"B721"},"1F0":{"r":"VP-CGB","t":"F900"},"1F3":{"r":"VP-CED","t":"C550"},"1F8":{"r":"VP-CGA","t":"F2TH"},"1F9":{"r":"VP-CGC","t":"F2TH"},"1FC":{"r":"VP-CVX","t":"A319"},"400":{"r":"G-BNLA","t":"B744"},"403":{"r":"G-BNLD","t":"B744"},"404":{"r":"G-BNLE","t":"B744"},"405":{"r":"G-BNLF","t":"B744"},"406":{"r":"G-BNLG","t":"B744"},"407":{"r":"G-BNLH","t":"B744"},"408":{"r":"G-BNLI","t":"B744"},"409":{"r":"G-BNLJ","t":"B744"},"40A":{"r":"G-BNLK","t":"B744"},"40B":{"r":"G-BNLL","t":"B744"},"40C":{"r":"G-BNLM","t":"B744"},"40D":{"r":"G-BNLN","t":"B744"},"40E":{"r":"G-BNLO","t":"B744"},"40F":{"r":"G-BNLP","t":"B744"},"410":{"r":"G-BNLR","t":"B744"},"416":{"r":"G-BUSG","t":"A320"},"417":{"r":"G-BUSH","t":"A320"},"418":{"r":"G-BUSI","t":"A320"},"419":{"r":"G-BUSJ","t":"A320"},"41A":{"r":"G-BUSK","t":"A320"},"41B":{"r":"G-BNWA","t":"B763"},"41C":{"r":"G-BNWB","t":"B763"},"41D":{"r":"G-BNWC","t":"B763"},"41E":{"r":"G-BNWD","t":"B763"},"422":{"r":"G-BNWH","t":"B763"},"423":{"r":"G-BNWI","t":"B763"},"426":{"r":"G-BNLS","t":"B744"},"427":{"r":"G-BNLT","t":"B744"},"428":{"r":"G-LSAD","t":"B752"},"429":{"r":"G-CPEL","t":"B752"},"42C":{"r":"G-MONR","t":"A30B"},"42D":{"r":"G-MONS","t":"A30B"},"432":{"r":"G-LSAA","t":"B752"},"437":{"r":"G-LSAJ","t":"B752"},"439":{"r":"G-BPEC","t":"B752"},"462":{"r":"G-MKLA","t":"B742"},"471":{"r":"G-DAJB","t":"B752"},"473":{"r":"G-MONJ","t":"B752"},"474":{"r":"G-MONK","t":"B752"},"47D":{"r":"G-OJIB","t":"B752"},"48E":{"r":"G-BPED","t":"B752"},"48F":{"r":"G-BPEE","t":"B752"},"490":{"r":"G-BNWM","t":"B763"},"492":{"r":"G-CELC","t":"B733"},"493":{"r":"G-CELD","t":"B733"},"4BB":{"r":"G-MAJS","t":"A30B"},"4BC":{"r":"G-OJMR","t":"A30B"},"4C3":{"r":"G-BNLU","t":"B744"},"4C4":{"r":"G-BNLV","t":"B744"},"4C5":{"r":"G-BNLW","t":"B744"},"4C6":{"r":"G-BNLX","t":"B744"},"4C7":{"r":"G-BNLY","t":"B744"},"4C8":{"r":"G-BNLZ","t":"B744"},"4C9":{"r":"G-DOCA","t":"B734"},"4CA":{"r":"G-DOCB","t":"B734"},"4CD":{"r":"G-DOCE","t":"B734"},"4CE":{"r":"G-DOCF","t":"B734"},"4CF":{"r":"G-DOCG","t":"B734"},"4DE":{"r":"G-BNWN","t":"B763"},"4DF":{"r":"G-BNWO","t":"B763"},"4E1":{"r":"G-BNWR","t":"B763"},"4E2":{"r":"G-BNWS","t":"B763"},"4E6":{"r":"G-DOCH","t":"B734"},"4EA":{"r":"G-DOCL","t":"B734"},"4EC":{"r":"G-DOCN","t":"B734"},"4ED":{"r":"G-DOCO","t":"B734"},"501":{"r":"G-BYAD","t":"B752"},"50A":{"r":"G-OBMP","t":"B733"},"510":{"r":"G-BYAH","t":"B752"},"511":{"r":"G-BYAI","t":"B752"},"512":{"r":"G-DOCS","t":"B734"},"513":{"r":"G-DOCT","t":"B734"},"514":{"r":"G-DOCU","t":"B734"},"515":{"r":"G-DOCV","t":"B734"},"516":{"r":"G-DOCW","t":"B734"},"517":{"r":"G-DOCX","t":"B734"},"518":{"r":"G-CSVS","t":"B752"},"519":{"r":"G-OOAN","t":"B763"},"51C":{"r":"G-OOOZ","t":"B752"},"523":{"r":"G-BNWT","t":"B763"},"524":{"r":"G-BNWU","t":"B763"},"525":{"r":"G-BNWV","t":"B763"},"532":{"r":"G-VIPI","t":"H25B"},"533":{"r":"G-OOOX","t":"B752"},"537":{"r":"G-BYAL","t":"B752"},"541":{"r":"G-MONX","t":"A320"},"54D":{"r":"G-CIVA","t":"B744"},"54E":{"r":"G-BNWW","t":"B763"},"54F":{"r":"G-BNWX","t":"B763"},"550":{"r":"G-CIVC","t":"B744"},"551":{"r":"G-CIVB","t":"B744"},"555":{"r":"G-BPEI","t":"B752"},"556":{"r":"G-BPEJ","t":"B752"},"557":{"r":"G-BPEK","t":"B752"},"55F":{"r":"G-DOCY","t":"B734"},"560":{"r":"G-DOCZ","t":"B734"},"561":{"r":"G-GBTA","t":"B734"},"562":{"r":"G-GBTB","t":"B734"},"568":{"r":"G-VFAB","t":"B744"},"56B":{"r":"G-FINK","t":"H25C"},"56E":{"r":"G-OOBR","t":"B752"},"56F":{"r":"G-BYAO","t":"B752"},"570":{"r":"G-BYAP","t":"B752"},"573":{"r":"G-BYAT","t":"B752"},"574":{"r":"G-BYAU","t":"B752"},"575":{"r":"G-VHOT","t":"B744"},"57D":{"r":"G-CIVD","t":"B744"},"57E":{"r":"G-CIVE","t":"B744"},"57F":{"r":"G-TCCA","t":"B763"},"580":{"r":"G-DAJC","t":"B763"},"584":{"r":"G-BIKC","t":"B752"},"586":{"r":"G-BIKG","t":"B752"},"587":{"r":"G-BIKJ","t":"B752"},"58A":{"r":"G-ZZZA","t":"B772"},"58B":{"r":"G-ZZZB","t":"B772"},"58C":{"r":"G-ZZZC","t":"B772"},"590":{"r":"G-MPCD","t":"A320"},"591":{"r":"G-OZBB","t":"A320"},"598":{"r":"G-BVKD","t":"B735"},"599":{"r":"G-BVKB","t":"B735"},"59C":{"r":"G-FTDF","t":"A320"},"5A4":{"r":"G-BYAW","t":"B752"},"5A5":{"r":"G-CIVF","t":"B744"},"5A6":{"r":"G-CIVG","t":"B744"},"5A9":{"r":"G-BVRJ","t":"RJ70"},"5AC":{"r":"G-BVZE","t":"B735"},"5B9":{"r":"G-VIIA","t":"B772"},"5BA":{"r":"G-VIIB","t":"B772"},"5BB":{"r":"G-VIIC","t":"B772"},"5BC":{"r":"G-VIID","t":"B772"},"5BD":{"r":"G-VIIE","t":"B772"},"5BE":{"r":"G-VIIF","t":"B772"},"5BF":{"r":"G-VIIG","t":"B772"},"5C0":{"r":"G-VIIH","t":"B772"},"5C1":{"r":"G-RAES","t":"B772"},"5C2":{"r":"G-BNWY","t":"B763"},"5C8":{"r":"G-CRPH","t":"A320"},"5D2":{"r":"G-VBIG","t":"B744"},"5D6":{"r":"G-OBYD","t":"B763"},"5E2":{"r":"G-CIVI","t":"B744"},"5E3":{"r":"G-CIVH","t":"B744"},"5ED":{"r":"G-VSUN","t":"A343"},"5F0":{"r":"G-BWIR","t":"D328"},"5F3":{"r":"G-GDEZ","t":"H25C"},"606":{"r":"G-ZAPO","t":"B462"},"60A":{"r":"G-WOWC","t":"DH8C"},"610":{"r":"G-VIIJ","t":"B772"},"612":{"r":"G-CIVJ","t":"B744"},"613":{"r":"G-CIVK","t":"B744"},"614":{"r":"G-CIVL","t":"B744"},"615":{"r":"G-CIVM","t":"B744"},"617":{"r":"G-FCLA","t":"B752"},"618":{"r":"G-FCLB","t":"B752"},"619":{"r":"G-FCLC","t":"B752"},"61A":{"r":"G-FCLD","t":"B752"},"61B":{"r":"G-BNWZ","t":"B763"},"61D":{"r":"G-TOYF","t":"B733"},"620":{"r":"G-BTPA","t":"ATP"},"644":{"r":"G-BTPC","t":"ATP"},"646":{"r":"G-BTPE","t":"ATP"},"647":{"r":"G-BTPF","t":"ATP"},"648":{"r":"G-BTPG","t":"ATP"},"649":{"r":"G-BTPH","t":"ATP"},"652":{"r":"G-BIKB","t":"B752"},"653":{"r":"G-BIKF","t":"B752"},"655":{"r":"G-BIKI","t":"B752"},"656":{"r":"G-BIKK","t":"B752"},"658":{"r":"G-BIKM","t":"B752"},"659":{"r":"G-BIKN","t":"B752"},"65A":{"r":"G-BIKO","t":"B752"},"65B":{"r":"G-BIKP","t":"B752"},"65D":{"r":"G-BIKS","t":"B752"},"65F":{"r":"G-BIKU","t":"B752"},"660":{"r":"G-BIKV","t":"B752"},"662":{"r":"G-BIKZ","t":"B752"},"663":{"r":"G-BMRA","t":"B752"},"664":{"r":"G-BMRB","t":"B752"},"665":{"r":"G-BMRC","t":"B752"},"666":{"r":"G-BMRD","t":"B752"},"667":{"r":"G-BMRE","t":"B752"},"668":{"r":"G-BMRF","t":"B752"},"66A":{"r":"G-BMRH","t":"B752"},"66C":{"r":"G-BMRJ","t":"B752"},"671":{"r":"G-CPEM","t":"B752"},"672":{"r":"G-CPEN","t":"B752"},"673":{"r":"G-CPEO","t":"B752"},"674":{"r":"G-VHOL","t":"A343"},"675":{"r":"G-VSEA","t":"A343"},"676":{"r":"G-VAIR","t":"A343"},"677":{"r":"G-VTOP","t":"B744"},"678":{"r":"G-VAST","t":"B744"},"67C":{"r":"G-OMYJ","t":"A321"},"67F":{"r":"G-TCCB","t":"B763"},"680":{"r":"G-WJAN","t":"B752"},"681":{"r":"G-BYOM","t":"S76"},"682":{"r":"G-BWWT","t":"D328"},"683":{"r":"G-VIIK","t":"B772"},"684":{"r":"G-VIIL","t":"B772"},"685":{"r":"G-VIIM","t":"B772"},"68A":{"r":"G-VCED","t":"A320"},"68D":{"r":"G-BXAS","t":"RJ1H"},"68F":{"r":"G-CIVN","t":"B744"},"690":{"r":"G-CIVO","t":"B744"},"691":{"r":"G-CIVP","t":"B744"},"699":{"r":"G-CPEP","t":"B752"},"69C":{"r":"G-ODSK","t":"B733"},"6A4":{"r":"G-OBYE","t":"B763"},"6A6":{"r":"G-BZAT","t":"RJ1H"},"6A8":{"r":"G-CIVR","t":"B744"},"6A9":{"r":"G-CIVS","t":"B744"},"6AA":{"r":"G-CIVT","t":"B744"},"6AB":{"r":"G-CIVU","t":"B744"},"6AC":{"r":"G-CIVV","t":"B744"},"6AD":{"r":"G-CIVW","t":"B744"},"6AE":{"r":"G-CIVX","t":"B744"},"6AF":{"r":"G-CIVY","t":"B744"},"6B0":{"r":"G-CIVZ","t":"B744"},"6B1":{"r":"G-BYGA","t":"B744"},"6B2":{"r":"G-BYGB","t":"B744"},"6B3":{"r":"G-BYGC","t":"B744"},"6B4":{"r":"G-OBYF","t":"B763"},"6B5":{"r":"G-TCBA","t":"B752"},"6B6":{"r":"G-BLRA","t":"B461"},"6B9":{"r":"G-OMYA","t":"A320"},"6BD":{"r":"G-CPER","t":"B752"},"6BE":{"r":"G-CPES","t":"B752"},"6BF":{"r":"G-CPET","t":"B752"},"6C0":{"r":"G-VIIN","t":"B772"},"6C1":{"r":"G-VIIO","t":"B772"},"6C2":{"r":"G-VIIP","t":"B772"},"6C3":{"r":"G-VIIR","t":"B772"},"6C4":{"r":"G-VIIS","t":"B772"},"6C5":{"r":"G-OOPH","t":"A321"},"6C6":{"r":"G-BZHA","t":"B763"},"6C7":{"r":"G-BZHB","t":"B763"},"6C8":{"r":"G-BZHC","t":"B763"},"6C9":{"r":"G-BXPM","t":"BE58"},"6D0":{"r":"G-VELD","t":"A343"},"6D6":{"r":"G-OGBD","t":"B733"},"6DB":{"r":"G-OOPE","t":"A321"},"6E3":{"r":"G-VFAR","t":"A343"},"6E5":{"r":"G-VXLG","t":"B744"},"6E6":{"r":"G-BZAU","t":"RJ1H"},"6E7":{"r":"G-BZAV","t":"RJ1H"},"6EB":{"r":"G-GDFK","t":"B733"},"6EE":{"r":"G-TOYM","t":"B733"},"6F5":{"r":"G-ZAPV","t":"B733"},"711":{"r":"G-FCLE","t":"B752"},"717":{"r":"G-MIDC","t":"A321"},"718":{"r":"G-OZBL","t":"A321"},"720":{"r":"G-LGND","t":"SF34"},"721":{"r":"G-LGNE","t":"SF34"},"722":{"r":"G-LGNF","t":"SF34"},"728":{"r":"G-MAFA","t":"F406"},"729":{"r":"G-MAFB","t":"F406"},"72B":{"r":"G-GDFN","t":"B733"},"72E":{"r":"G-THOO","t":"B733"},"73C":{"r":"G-BYGD","t":"B744"},"73D":{"r":"G-BYGE","t":"B744"},"73E":{"r":"G-BYGF","t":"B744"},"73F":{"r":"G-BYGG","t":"B744"},"749":{"r":"G-MANH","t":"ATP"},"74C":{"r":"G-MANM","t":"ATP"},"74D":{"r":"G-MANO","t":"ATP"},"754":{"r":"G-BYAX","t":"B752"},"755":{"r":"G-BYAY","t":"B752"},"756":{"r":"G-OBYG","t":"B763"},"757":{"r":"G-OBYH","t":"B763"},"758":{"r":"G-XXEA","t":"S76"},"75A":{"r":"G-MLJL","t":"A332"},"75B":{"r":"G-MDBD","t":"A332"},"75E":{"r":"G-TOYG","t":"B733"},"75F":{"r":"G-THOL","t":"B733"},"760":{"r":"G-THON","t":"B733"},"76A":{"r":"G-MARA","t":"A321"},"76B":{"r":"G-OJEG","t":"A321"},"76C":{"r":"G-SMAN","t":"A332"},"76D":{"r":"G-EOMA","t":"A332"},"771":{"r":"G-VIIT","t":"B772"},"772":{"r":"G-VIIU","t":"B772"},"773":{"r":"G-VIIV","t":"B772"},"774":{"r":"G-VIIW","t":"B772"},"775":{"r":"G-VIIX","t":"B772"},"776":{"r":"G-VIIY","t":"B772"},"781":{"r":"G-GNTB","t":"SF34"},"785":{"r":"G-GNTF","t":"SF34"},"788":{"r":"G-CPEU","t":"B752"},"789":{"r":"G-CPEV","t":"B752"},"78A":{"r":"G-OOBG","t":"B752"},"78B":{"r":"G-BYDY","t":"BE58"},"795":{"r":"G-EMBI","t":"E145"},"796":{"r":"G-EMBJ","t":"E145"},"79D":{"r":"G-WOWE","t":"DH8C"},"79F":{"r":"G-WOWA","t":"DH8C"},"7A0":{"r":"G-WOWB","t":"DH8C"},"7B2":{"r":"G-BZAX","t":"RJ1H"},"7B3":{"r":"G-SPUR","t":"C550"},"7B5":{"r":"G-FCLF","t":"B752"},"7BB":{"r":"G-TBAE","t":"B462"},"7D4":{"r":"G-BYHG","t":"D328"},"7DA":{"r":"G-RJXA","t":"E145"},"7DB":{"r":"G-RJXB","t":"E145"},"7DC":{"r":"G-RJXC","t":"E145"},"7DD":{"r":"G-LGNA","t":"SF34"},"7DE":{"r":"G-LGNB","t":"SF34"},"7DF":{"r":"G-FCLJ","t":"B752"},"7E0":{"r":"G-FCLK","t":"B752"},"7E1":{"r":"G-FCLH","t":"B752"},"7E2":{"r":"G-FCLI","t":"B752"},"7E4":{"r":"G-MIDY","t":"A320"},"7E5":{"r":"G-OZBM","t":"A321"},"7E8":{"r":"G-TCDZ","t":"A321"},"7EA":{"r":"G-OBYI","t":"B763"},"7EB":{"r":"G-OBYJ","t":"B763"},"7EC":{"r":"G-YMMA","t":"B772"},"7ED":{"r":"G-YMMB","t":"B772"},"7EE":{"r":"G-YMMC","t":"B772"},"7EF":{"r":"G-YMMD","t":"B772"},"7F0":{"r":"G-YMME","t":"B772"},"7F1":{"r":"G-YMMF","t":"B772"},"7F2":{"r":"G-YMMG","t":"B772"},"7F3":{"r":"G-YMMH","t":"B772"},"7F4":{"r":"G-YMMI","t":"B772"},"7F5":{"r":"G-YMMJ","t":"B772"},"7F6":{"r":"G-YMMK","t":"B772"},"7F7":{"r":"G-YMML","t":"B772"},"7F9":{"r":"G-YMMN","t":"B772"},"7FA":{"r":"G-YMMO","t":"B772"},"7FB":{"r":"G-YMMP","t":"B772"},"7FD":{"r":"G-BYMK","t":"D328"},"7FF":{"r":"G-JCBJ","t":"S76"},"801":{"r":"G-EUPA","t":"A319"},"802":{"r":"G-EUPB","t":"A319"},"803":{"r":"G-EUPC","t":"A319"},"804":{"r":"G-EUPD","t":"A319"},"806":{"r":"G-CDZM","t":"B738"},"807":{"r":"G-CDZL","t":"B738"},"80F":{"r":"G-EMBN","t":"E145"},"811":{"r":"G-SPOR","t":"BE20"},"81A":{"r":"G-LUXE","t":"B463"},"81B":{"r":"G-OMYT","t":"A332"},"81D":{"r":"G-CBHT","t":"F900"},"82E":{"r":"G-OFOA","t":"B461"},"82F":{"r":"G-DPJR","t":"S76"},"830":{"r":"G-OZBN","t":"A321"},"831":{"r":"G-MIDL","t":"A321"},"832":{"r":"G-OZBO","t":"A321"},"834":{"r":"G-MIDX","t":"A320"},"836":{"r":"G-MSKS","t":"CRJ2"},"83B":{"r":"G-EUPE","t":"A319"},"83C":{"r":"G-EUPF","t":"A319"},"83F":{"r":"G-SMLA","t":"B462"},"840":{"r":"G-COBH","t":"BE20"},"841":{"r":"G-FPLB","t":"BE20"},"846":{"r":"G-RJXD","t":"E145"},"847":{"r":"G-BYTH","t":"A320"},"84A":{"r":"G-LOFB","t":"L188"},"84B":{"r":"G-LOFC","t":"L188"},"84C":{"r":"G-LOFD","t":"L188"},"84D":{"r":"G-LOFE","t":"L188"},"84E":{"r":"G-FIJR","t":"L188"},"850":{"r":"G-FIZU","t":"L188"},"853":{"r":"G-LGNC","t":"SF34"},"867":{"r":"G-DHJH","t":"A321"},"868":{"r":"G-NIKO","t":"A321"},"871":{"r":"G-BZAY","t":"RJ1H"},"872":{"r":"G-BZAZ","t":"RJ1H"},"873":{"r":"G-CFAA","t":"RJ1H"},"875":{"r":"G-JMCD","t":"B752"},"876":{"r":"G-JMCE","t":"B752"},"877":{"r":"G-EUPG","t":"A319"},"878":{"r":"G-EUPH","t":"A319"},"879":{"r":"G-EUPJ","t":"A319"},"87A":{"r":"G-EUPK","t":"A319"},"87B":{"r":"G-EUPL","t":"A319"},"87C":{"r":"G-EUPM","t":"A319"},"880":{"r":"G-RJXE","t":"E145"},"881":{"r":"G-MEDE","t":"A320"},"889":{"r":"G-BWDB"},"890":{"r":"G-GFFH","t":"B735"},"891":{"r":"G-GFFI","t":"B735"},"892":{"r":"G-PJPJ","t":"B735"},"895":{"r":"G-BTTO","t":"ATP"},"896":{"r":"G-RJXF","t":"E145"},"89A":{"r":"G-EZJA","t":"B737"},"89B":{"r":"G-EZJB","t":"B737"},"89C":{"r":"G-EZJC","t":"B737"},"8A4":{"r":"G-JMCF","t":"B752"},"8A5":{"r":"G-JMCG","t":"B752"},"8AA":{"r":"G-TOYD","t":"B733"},"8AD":{"r":"G-EUPN","t":"A319"},"8AE":{"r":"G-EUPO","t":"A319"},"8B0":{"r":"G-EUPV","t":"A319"},"8B1":{"r":"G-EUPP","t":"A319"},"8B2":{"r":"G-EUPR","t":"A319"},"8B3":{"r":"G-EUPS","t":"A319"},"8B4":{"r":"G-EUPT","t":"A319"},"8B5":{"r":"G-EUPU","t":"A319"},"8B8":{"r":"G-OOAR","t":"A320"},"8B9":{"r":"G-EMBP","t":"E145"},"8BA":{"r":"G-OFOM","t":"B461"},"8C3":{"r":"G-JANV","t":"LJ45"},"8C8":{"r":"G-FIRM","t":"C550"},"8CB":{"r":"G-OZBS","t":"A321"},"8CC":{"r":"G-OZBP","t":"A321"},"8CF":{"r":"G-SOVB","t":"LJ45"},"8D0":{"r":"G-PFCT","t":"LJ45"},"8D1":{"r":"G-BZRS","t":"EC35"},"8D2":{"r":"G-WMAS","t":"EC35"},"8D3":{"r":"G-KRNW","t":"EC35"},"8DE":{"r":"G-RJXG","t":"E145"},"8DF":{"r":"G-BZNE","t":"BE30"},"8E0":{"r":"G-JMAA","t":"B753"},"8E1":{"r":"G-JMAB","t":"B753"},"8E2":{"r":"G-ZAPN","t":"B462"},"8E3":{"r":"G-ZAPK","t":"B462"},"8E5":{"r":"G-MIDT","t":"A320"},"8E6":{"r":"G-MIDS","t":"A320"},"8EF":{"r":"G-LGTE","t":"B733"},"8F1":{"r":"G-EUPW","t":"A319"},"8F2":{"r":"G-EUPY","t":"A319"},"8F3":{"r":"G-BUUP","t":"ATP"},"8F5":{"r":"G-SJCH","t":"BN2T"},"8F6":{"r":"G-VROS","t":"B744"},"8F7":{"r":"G-VGAL","t":"B744"},"8F8":{"r":"G-VLIP","t":"B744"},"8F9":{"r":"G-VROM","t":"B744"},"8FA":{"r":"G-VROY","t":"B744"},"8FB":{"r":"G-BZOG","t":"D328"},"8FC":{"r":"G-ZIZI","t":"C525"},"8FF":{"r":"G-WWBB","t":"A332"},"900":{"r":"G-WWBD","t":"A332"},"901":{"r":"G-CHTZ","t":"A332"},"905":{"r":"G-OSOE","t":"A748"},"90D":{"r":"G-OOBA","t":"B752"},"90E":{"r":"G-OOBB","t":"B752"},"915":{"r":"G-OJMB","t":"A332"},"916":{"r":"G-OJMC","t":"A332"},"91C":{"r":"G-KDMA","t":"C560"},"921":{"r":"G-VWOW","t":"B744"},"923":{"r":"G-VSHY","t":"A346"},"924":{"r":"G-VMEG","t":"A346"},"925":{"r":"G-VOGE","t":"A346"},"926":{"r":"G-VFOX","t":"A346"},"927":{"r":"G-VEIL","t":"A346"},"928":{"r":"G-IPAX","t":"C560"},"92B":{"r":"G-RJXH","t":"E145"},"92E":{"r":"G-JEDI","t":"DH8D"},"92F":{"r":"G-JEDJ","t":"DH8D"},"930":{"r":"G-JEDK","t":"DH8D"},"931":{"r":"G-JEDL","t":"DH8D"},"932":{"r":"G-GSSA","t":"B744"},"934":{"r":"G-EUPX","t":"A319"},"935":{"r":"G-EUPZ","t":"A319"},"936":{"r":"G-EUOA","t":"A319"},"937":{"r":"G-EUOB","t":"A319"},"938":{"r":"G-EUOC","t":"A319"},"939":{"r":"G-FCDB","t":"C550"},"93B":{"r":"G-CJAD","t":"C525"},"93D":{"r":"G-EUOD","t":"A319"},"93E":{"r":"G-EUOE","t":"A319"},"93F":{"r":"G-EUOG","t":"A319"},"940":{"r":"G-EUOH","t":"A319"},"941":{"r":"G-EUOI","t":"A319"},"942":{"r":"G-EUOF","t":"A319"},"944":{"r":"G-RJXI","t":"E145"},"947":{"r":"G-RJXJ","t":"E135"},"953":{"r":"G-OOPP","t":"A320"},"954":{"r":"G-OOPT","t":"A320"},"955":{"r":"G-OOPU","t":"A320"},"956":{"r":"G-REYS","t":"CL60"},"95D":{"r":"G-TTOB","t":"A320"},"960":{"r":"G-TTOE","t":"A320"},"964":{"r":"G-SIRS","t":"C560"},"965":{"r":"G-MEDG","t":"A321"},"966":{"r":"G-MEDF","t":"A321"},"969":{"r":"G-RJXK","t":"E135"},"972":{"r":"G-MIDR","t":"A320"},"973":{"r":"G-MIDP","t":"A320"},"976":{"r":"G-GMAA","t":"LJ45"},"978":{"r":"G-FPLD","t":"BE20"},"97C":{"r":"G-EUUA","t":"A320"},"97D":{"r":"G-EUUB","t":"A320"},"97E":{"r":"G-EUUC","t":"A320"},"97F":{"r":"G-EUUD","t":"A320"},"980":{"r":"G-EUUE","t":"A320"},"981":{"r":"G-EUUF","t":"A320"},"982":{"r":"G-EUUG","t":"A320"},"983":{"r":"G-MAJA","t":"JS41"},"984":{"r":"G-MAJB","t":"JS41"},"985":{"r":"G-MAJC","t":"JS41"},"986":{"r":"G-MAJD","t":"JS41"},"987":{"r":"G-MAJE","t":"JS41"},"988":{"r":"G-MAJF","t":"JS41"},"989":{"r":"G-MAJG","t":"JS41"},"98A":{"r":"G-MAJH","t":"JS41"},"98B":{"r":"G-MAJI","t":"JS41"},"98C":{"r":"G-MAJJ","t":"JS41"},"98D":{"r":"G-MAJK","t":"JS41"},"98E":{"r":"G-MAJL","t":"JS41"},"98F":{"r":"G-MAJM","t":"JS41"},"992":{"r":"G-OZBE","t":"A321"},"993":{"r":"G-OZBF","t":"A321"},"994":{"r":"G-BSWR","t":"BN2T"},"995":{"r":"G-GMAB","t":"H25C"},"997":{"r":"G-ZAPW","t":"B733"},"998":{"r":"G-NETA","t":"C56X"},"99F":{"r":"G-DWJM","t":"C550"},"9A0":{"r":"G-TOYH","t":"B733"},"9A1":{"r":"G-GHPG","t":"C550"},"9AC":{"r":"G-EZJS","t":"B737"},"9AE":{"r":"G-LCYA","t":"F900"},"9B1":{"r":"G-EVLN","t":"GLF4"},"9B2":{"r":"G-VGOA","t":"A346"},"9B3":{"r":"G-VATL","t":"A346"},"9B4":{"r":"G-GMPB","t":"BN2T"},"9B9":{"r":"G-CELU","t":"B733"},"9BA":{"r":"G-CELS","t":"B733"},"9BB":{"r":"G-CELW","t":"B733"},"9BC":{"r":"G-CELV","t":"B733"},"9BE":{"r":"G-XLGB","t":"C560"},"9C0":{"r":"G-TTIC","t":"A321"},"9C1":{"r":"G-TTOF","t":"A320"},"9C2":{"r":"G-GSSB","t":"B744"},"9C3":{"r":"G-LGNG","t":"SF34"},"9C4":{"r":"G-CBRG","t":"C560"},"9C5":{"r":"G-EUUH","t":"A320"},"9C6":{"r":"G-EUUI","t":"A320"},"9C7":{"r":"G-EUUJ","t":"A320"},"9C8":{"r":"G-FFRA","t":"FA20"},"9C9":{"r":"G-FRAF","t":"FA20"},"9CA":{"r":"G-FRAH","t":"FA20"},"9CB":{"r":"G-FRAI","t":"FA20"},"9CC":{"r":"G-FRAJ","t":"FA20"},"9CD":{"r":"G-FRAK","t":"FA20"},"9CE":{"r":"G-FRAL","t":"FA20"},"9D0":{"r":"G-FRAO","t":"FA20"},"9D1":{"r":"G-FRAP","t":"FA20"},"9D2":{"r":"G-FRAR","t":"FA20"},"9D3":{"r":"G-FRAS","t":"FA20"},"9D4":{"r":"G-FRAT","t":"FA20"},"9D5":{"r":"G-FRAU","t":"FA20"},"9D6":{"r":"G-FRAW","t":"FA20"},"9D8":{"r":"G-EUUK","t":"A320"},"9D9":{"r":"G-EUUL","t":"A320"},"9DA":{"r":"G-EUUM","t":"A320"},"9DB":{"r":"G-EUUN","t":"A320"},"9DD":{"r":"G-OOBC","t":"B752"},"9DE":{"r":"G-OOBD","t":"B752"},"9DF":{"r":"G-OOBE","t":"B752"},"9E3":{"r":"G-TTOG","t":"A320"},"9E4":{"r":"G-TTOH","t":"A320"},"9EB":{"r":"G-REDS","t":"C560"},"9ED":{"r":"G-TOYA","t":"B733"},"9EE":{"r":"G-TOYB","t":"B733"},"9EF":{"r":"G-TOYC","t":"B733"},"9F0":{"r":"G-THOE","t":"B733"},"9F1":{"r":"G-THOF","t":"B733"},"9F4":{"r":"G-TCDX","t":"A321"},"9F5":{"r":"G-DHRG","t":"A320"},"9F9":{"r":"G-MIDO","t":"A320"},"9FB":{"r":"G-EZJT","t":"B737"},"9FD":{"r":"G-SPHU","t":"EC35"},"9FF":{"r":"G-MEDH","t":"A320"},"B00":{"r":"G-EUXH","t":"A321"},"B01":{"r":"G-HMEI","t":"F900"},"B02":{"r":"G-ROKT","t":"C172"},"B03":{"r":"G-CPSS","t":"C208"},"B04":{"r":"G-JEDW","t":"DH8D"},"B06":{"r":"G-GOTH","t":"P28A"},"B0A":{"r":"G-ASOH","t":"BE58"},"B0C":{"r":"G-CCYG","t":"R44"},"B0D":{"r":"G-BTZO","t":"TRIN"},"B0F":{"r":"G-CSIX","t":"PA32"},"B11":{"r":"G-BXWA","t":"BE76"},"B14":{"r":"G-FRYL","t":"PRM1"},"B15":{"r":"G-BHRO","t":"AC11"},"B17":{"r":"G-ISHA","t":"P28A"},"B18":{"r":"G-JECE","t":"DH8D"},"B1C":{"r":"G-BZTN","t":"EUPA"},"B1F":{"r":"G-CZNE","t":"BN2P"},"B21":{"r":"G-MAFE","t":"D228"},"B22":{"r":"G-OMAF","t":"D228"},"B23":{"r":"G-MAFI","t":"D228"},"B24":{"r":"G-WVIP","t":"BE20"},"B25":{"r":"G-BOHR","t":"P28A"},"B26":{"r":"G-CELF","t":"B733"},"B27":{"r":"G-CELG","t":"B733"},"B29":{"r":"G-CELH","t":"B733"},"B2D":{"r":"G-SHUG","t":"P28A"},"B2E":{"r":"G-CBBF","t":"BE76"},"B30":{"r":"G-HMEV","t":"F900"},"B33":{"r":"G-RJXR","t":"E145"},"B36":{"r":"G-STUY","t":"R44"},"B39":{"r":"G-DMRS","t":"R44"},"B3A":{"r":"G-RGNT","t":"R44"},"B40":{"r":"G-AMPY","t":"DC3"},"B44":{"r":"G-CELI","t":"B733"},"B45":{"r":"G-CELJ","t":"B733"},"B46":{"r":"G-CELK","t":"B733"},"B48":{"r":"G-REAL","t":"AS50"},"B49":{"r":"G-FLOW","t":"C172"},"B4A":{"r":"G-INDX","t":"R44"},"B4B":{"r":"G-OOBK","t":"B763"},"B4C":{"r":"G-JECF","t":"DH8D"},"B4D":{"r":"G-VUEA","t":"C550"},"B4F":{"r":"G-SALA","t":"PA32"},"B50":{"r":"G-BRUX","t":"PA44"},"B52":{"r":"G-BBIF","t":"PA27"},"B53":{"r":"G-CCTB","t":"RJ1H"},"B54":{"r":"G-GATT","t":"R44"},"B57":{"r":"G-TTID","t":"A321"},"B58":{"r":"G-BTGV","t":"PA34"},"B5A":{"r":"G-MUVG","t":"C421"},"B5B":{"r":"G-BEUD","t":"HR10"},"B5E":{"r":"G-OLCP","t":"AS55"},"B5F":{"r":"G-VIPP","t":"PA31"},"B60":{"r":"G-BCKT","t":"SUBA"},"B62":{"r":"G-DIZY","t":"P28A"},"B64":{"r":"G-JMAX","t":"H25B"},"B65":{"r":"G-BHZT","t":"BDOG"},"B68":{"r":"G-NATT","t":"AC11"},"B6A":{"r":"G-COVA","t":"P28A"},"B6D":{"r":"G-VGAS","t":"A346"},"B6E":{"r":"G-TRIN","t":"TRIN"},"B6F":{"r":"G-CPMS","t":"TRIN"},"B70":{"r":"G-OJAC","t":"M20P"},"B72":{"r":"G-BYZA","t":"AS50"},"B74":{"r":"G-FCED","t":"PA31"},"B75":{"r":"G-JMDW","t":"C550"},"B76":{"r":"G-AZOL","t":"PA34"},"B77":{"r":"G-OCFM","t":"PA34"},"B78":{"r":"G-LOLA","t":"BE36"},"B7D":{"r":"G-SEIL","t":"BN2P"},"B7E":{"r":"G-BAKJ","t":"PA30"},"B7F":{"r":"G-BBRA","t":"PA27"},"B80":{"r":"G-BTRK","t":"P28A"},"B81":{"r":"G-FTSL","t":"CL60"},"B82":{"r":"G-DBCD","t":"A319"},"B83":{"r":"G-DBCE","t":"A319"},"B84":{"r":"G-DBCF","t":"A319"},"B87":{"r":"G-CBYU","t":"P28A"},"B88":{"r":"G-BHFH","t":"PA34"},"B89":{"r":"G-ASYJ","t":"BE95"},"B8A":{"r":"G-CDEG","t":"B738"},"B8B":{"r":"G-DLCH","t":"B738"},"B8C":{"r":"G-SAAW","t":"B738"},"B8F":{"r":"G-BJHB","t":"M20P"},"B90":{"r":"G-OART","t":"PA27"},"B91":{"r":"G-CRUZ","t":"C303"},"B92":{"r":"G-PSNI","t":"EC35"},"B93":{"r":"G-RJXL","t":"E135"},"B94":{"r":"G-VERN","t":"P32R"},"B96":{"r":"G-HPSB","t":"AC11"},"BA1":{"r":"G-HHOG","t":"R44"},"BA2":{"r":"G-CDEA","t":"SB20"},"BA3":{"r":"G-BSGT","t":"C210"},"BA4":{"r":"G-XINE","t":"P28A"},"BA6":{"r":"G-CDED","t":"R22"},"BA8":{"r":"G-CDCV","t":"R44"},"BAC":{"r":"G-HAIB","t":"HUSK"},"BAE":{"r":"G-UTZI","t":"R44"},"BB2":{"r":"G-CDEB","t":"SB20"},"BB4":{"r":"G-JJSI","t":"H25B"},"BB7":{"r":"G-JECG","t":"DH8D"},"BB9":{"r":"G-ORAY","t":"C182"},"BBA":{"r":"G-GDMW","t":"BE76"},"BBB":{"r":"G-GRYZ","t":"BE33"},"BBC":{"r":"G-BBHI","t":"C177"},"BBF":{"r":"G-VMJM","t":"TOBA"},"BC0":{"r":"G-OLDT","t":"LJ45"},"BC1":{"r":"G-PART","t":"P68"},"BC3":{"r":"G-VIPY","t":"PA31"},"BC4":{"r":"G-HRDS","t":"GLF5"},"BC7":{"r":"G-CCPW","t":"JS31"},"BC8":{"r":"G-BNUN","t":"BE58"},"BC9":{"r":"G-DAFY","t":"BE58"},"BCB":{"r":"G-EJTC","t":"R44"},"BD2":{"r":"G-EMDM","t":"DA40"},"BD3":{"r":"G-BUJP","t":"P28A"},"BD4":{"r":"G-GHRW","t":"P28T"},"BD5":{"r":"G-JUIN","t":"C303"},"BD6":{"r":"G-EELS","t":"C208"},"BD8":{"r":"G-EZMS","t":"A319"},"BD9":{"r":"G-EJJB","t":"A319"},"BDB":{"r":"G-EZPG","t":"A319"},"BDC":{"r":"G-OTBY","t":"PA32"},"BDD":{"r":"G-CCST","t":"P32R"},"BDE":{"r":"G-CDFY","t":"BE20"},"BE1":{"r":"G-JAJK","t":"PA31"},"BE2":{"r":"G-LIDE","t":"PA31"},"BE4":{"r":"G-CITY","t":"PA31"},"BE5":{"r":"G-MEDK","t":"A320"},"BE6":{"r":"G-RJXP","t":"E135"},"BE8":{"r":"G-WERY","t":"TRIN"},"BEF":{"r":"G-MULT","t":"BE76"},"BF3":{"r":"G-BHFE","t":"PA44"},"BF4":{"r":"G-BNUO","t":"BE76"},"BF6":{"r":"G-BHSE","t":"AC11"},"BF8":{"r":"G-BEZL","t":"PA31"},"BF9":{"r":"G-STHA","t":"PA31"},"BFB":{"r":"G-LDFM","t":"C560"},"BFE":{"r":"G-RVRE","t":"P68"},"BFF":{"r":"G-RVRJ","t":"PA23"},"children":["400A","400C","400D","400E","400F"]}