{"00":{"r":"G-NIVA","t":"EC55"},"01":{"r":"G-CBTN","t":"PA31"},"02":{"r":"G-OAPE","t":"C303"},"05":{"r":"G-OWAL","t":"PA34"},"06":{"r":"G-JETJ","t":"C550"},"07":{"r":"G-ZARI","t":"AA5"},"08":{"r":"G-DMAH","t":"TRIN"},"09":{"r":"G-THOG","t":"B733"},"0A":{"r":"G-THOH","t":"B733"},"0C":{"r":"G-MACA","t":"R22"},"10":{"r":"G-RVRW","t":"PA23"},"11":{"r":"G-MAXI","t":"PA34"},"12":{"r":"G-KWIN","t":"F2TH"},"13":{"r":"G-KWLI","t":"C421"},"16":{"r":"G-TREC","t":"C421"},"18":{"r":"G-OTUI","t":"TRIN"},"19":{"r":"G-DMCS","t":"P28A"},"1A":{"r":"G-BYDF","t":"S76"},"1E":{"r":"G-SVEA","t":"P28A"},"1F":{"r":"G-BGHJ","t":"C172"},"20":{"r":"G-IJYS","t":"JS31"},"21":{"r":"G-BHKJ","t":"C421"},"22":{"r":"G-OSCC","t":"PA32"},"24":{"r":"G-POPA","t":"BE36"},"25":{"r":"G-BVYF","t":"PA31"},"27":{"r":"G-BMMC","t":"C310"},"29":{"r":"G-OBAL","t":"M20P"},"2A":{"r":"G-ATHR","t":"P28A"},"2B":{"r":"G-BTNT","t":"P28A"},"2C":{"r":"G-CBAL","t":"P28A"},"2D":{"r":"G-BNMB","t":"P28A"},"2E":{"r":"G-UAVA","t":"PA30"},"2F":{"r":"G-KVIP","t":"BE20"},"30":{"r":"G-FIFA","t":"C404"},"31":{"r":"G-DIPM","t":"P46T"},"32":{"r":"G-HWAA","t":"EC35"},"33":{"r":"G-BHLX","t":"AA5"},"35":{"r":"G-SAPM","t":"TRIN"},"37":{"r":"G-ATSR","t":"BE35"},"38":{"r":"G-BVES","t":"C340"},"3F":{"r":"G-RVRD","t":"PA23"},"41":{"r":"G-EZNM","t":"A319"},"42":{"r":"G-EJAR","t":"A319"},"43":{"r":"G-EZIA","t":"A319"},"44":{"r":"G-EZIB","t":"A319"},"45":{"r":"G-EZID","t":"A319"},"46":{"r":"G-EZIC","t":"A319"},"47":{"r":"G-EZIE","t":"A319"},"48":{"r":"G-EZIF","t":"A319"},"49":{"r":"G-EZIG","t":"A319"},"4A":{"r":"G-EZIH","t":"A319"},"4B":{"r":"G-EZII","t":"A319"},"4C":{"r":"G-EZIJ","t":"A319"},"4D":{"r":"G-EZIK","t":"A319"},"4E":{"r":"G-EZIL","t":"A319"},"4F":{"r":"G-EZIM","t":"A319"},"50":{"r":"G-EZIN","t":"A319"},"51":{"r":"G-AVNU","t":"P28A"},"52":{"r":"G-OOBL","t":"B763"},"53":{"r":"G-GTDL","t":"A320"},"54":{"r":"G-TCAC","t":"A320"},"55":{"r":"G-OSEA","t":"BN2P"},"56":{"r":"G-TERY","t":"P28A"},"57":{"r":"G-PZAZ","t":"PA31"},"58":{"r":"G-CDHV","t":"R44"},"5A":{"r":"G-STRL","t":"AS50"},"5C":{"r":"G-CDKA","t":"SB20"},"5D":{"r":"G-CDKB","t":"SB20"},"5E":{"r":"G-CGET","t":"B733"},"5F":{"r":"G-ECJM","t":"P28A"},"62":{"r":"G-BWNZ","t":"A109"},"63":{"r":"G-ISAY","t":"JS41"},"67":{"r":"G-NSUK","t":"PA34"},"6A":{"r":"G-GAFA","t":"PA34"},"6B":{"r":"G-BGRE","t":"BE20"},"6C":{"r":"G-VIPV","t":"PA31"},"70":{"r":"G-JECH","t":"DH8D"},"72":{"r":"G-BAVL","t":"PA27"},"73":{"r":"G-EFBP","t":"C172"},"75":{"r":"G-MRJK","t":"A320"},"76":{"r":"G-OZBK","t":"A320"},"79":{"r":"G-BTFT","t":"BE58"},"7A":{"r":"G-JETX","t":"B06"},"7D":{"r":"G-STRI","t":"B733"},"7F":{"r":"G-BOIC","t":"P28R"},"80":{"r":"G-ISHK","t":"C172"},"81":{"r":"G-BYBP","t":"C185"},"83":{"r":"G-BZIT","t":"BE58"},"85":{"r":"G-BOFC","t":"BE76"},"86":{"r":"G-UMMI","t":"PA31"},"89":{"r":"G-ORVR","t":"P68"},"8B":{"r":"G-HUBB","t":"P68"},"8F":{"r":"G-STRJ","t":"B733"},"90":{"r":"G-SCIP","t":"TRIN"},"91":{"r":"G-VALY","t":"TRIN"},"94":{"r":"G-GURN","t":"PA31"},"A2":{"r":"G-BTNC","t":"AS65"},"A4":{"r":"G-GBEN","t":"R44"},"A5":{"r":"G-WOWD","t":"DH8C"},"A6":{"r":"G-CCXJ","t":"C340"},"A9":{"r":"G-FIND","t":"F406"},"AA":{"r":"G-TURF","t":"F406"},"AC":{"r":"G-NOSE","t":"C402"},"AD":{"r":"G-MIND","t":"C404"},"AF":{"r":"G-SOUL","t":"C310"},"B0":{"r":"G-BODY","t":"C310"},"B2":{"r":"G-TWIN","t":"PA44"},"B4":{"r":"G-WLDN","t":"R44"},"B9":{"r":"G-LGNI","t":"SF34"},"BA":{"r":"G-BRNV","t":"P28A"},"BB":{"r":"G-JREE","t":"M7"},"BC":{"r":"G-DSID","t":"PA34"},"BD":{"r":"G-BJCW","t":"P32R"},"C0":{"r":"G-ILET","t":"R44"},"C3":{"r":"G-AZWY","t":"PA24"},"C5":{"r":"G-BMJO","t":"PA34"},"C6":{"r":"G-CIEL","t":"C560"},"C9":{"r":"G-REST","t":"BE35"},"CA":{"r":"G-BRDO","t":"C177"},"CB":{"r":"G-CDLT","t":"H25B"},"CC":{"r":"G-BJNZ","t":"PA27"},"CF":{"r":"G-EZIO","t":"A319"},"D0":{"r":"G-EZIP","t":"A319"},"D1":{"r":"G-EZIR","t":"A319"},"D2":{"r":"G-EZIS","t":"A319"},"D3":{"r":"G-EZIT","t":"A319"},"D4":{"r":"G-EZIU","t":"A319"},"D5":{"r":"G-EZIV","t":"A319"},"D6":{"r":"G-EZIW","t":"A319"},"D7":{"r":"G-EZIX","t":"A319"},"D8":{"r":"G-EZIY","t":"A319"},"D9":{"r":"G-OEWD","t":"PRM1"},"DA":{"r":"G-BYKP","t":"P28T"},"DB":{"r":"G-EMCA","t":"AC11"},"DC":{"r":"G-LARE","t":"PA30"},"DE":{"r":"G-HANG","t":"DA42"},"DF":{"r":"G-CDKR","t":"DA42"},"E1":{"r":"G-SLCT","t":"DA42"},"E2":{"r":"G-SELC","t":"DA42"},"E3":{"r":"G-RALA","t":"R44"},"E7":{"r":"G-BNYB","t":"P28A"},"E8":{"r":"G-MSPT","t":"EC35"},"EA":{"r":"G-REGE","t":"R44"},"EB":{"r":"G-EUXI","t":"A321"},"EE":{"r":"G-LGNJ","t":"SF34"},"EF":{"r":"G-LGNK","t":"SF34"},"F2":{"r":"G-CDDG","t":"P28A"},"F3":{"r":"G-RAGT","t":"PA32"},"F4":{"r":"G-JUPP","t":"P32T"},"F5":{"r":"G-AZGL","t":"RALL"},"F9":{"r":"G-JECI","t":"DH8D"},"FB":{"r":"G-GYMM","t":"P28A"},"FD":{"r":"G-UIST","t":"JS31"},"FE":{"r":"G-LNKS","t":"JS31"}}