{"00":{"r":"G-EZBF","t":"A319"},"01":{"r":"G-EZBG","t":"A319"},"02":{"r":"G-EZBH","t":"A319"},"03":{"r":"G-JOAL","t":"BE20"},"06":{"r":"G-CCVP","t":"BE58"},"08":{"r":"G-GSYJ","t":"DA42"},"0A":{"r":"G-NTWK","t":"AS55"},"0B":{"r":"G-VRED","t":"A346"},"10":{"r":"G-CLIF","t":"C42"},"11":{"r":"G-SARM","t":"C42"},"12":{"r":"G-TBEA","t":"C25A"},"14":{"r":"G-ARJU","t":"PA23"},"15":{"r":"G-DIAM","t":"DA40"},"18":{"r":"G-RASA","t":"DA42"},"1C":{"r":"G-ZUMO","t":"PC12"},"1F":{"r":"G-YBAA","t":"C172"},"20":{"r":"G-CEAU","t":"R44"},"21":{"r":"G-HDEW","t":"P32R"},"22":{"r":"G-MAJW","t":"JS41"},"25":{"r":"G-MAJX","t":"JS41"},"26":{"r":"G-MAJZ","t":"JS41"},"28":{"r":"G-MPSA","t":"BK17"},"29":{"r":"G-MPSB","t":"BK17"},"2A":{"r":"G-MPSC","t":"BK17"},"2B":{"r":"G-CDZT","t":"BE20"},"2C":{"r":"G-YEOM","t":"PA31"},"30":{"r":"G-SPYS","t":"R44"},"31":{"r":"G-TCXA","t":"A332"},"32":{"r":"G-SAIG","t":"R44"},"34":{"r":"G-HTRL","t":"PA34"},"36":{"r":"G-EEBB","t":"S76"},"3A":{"r":"G-NETB","t":"SR22"},"3C":{"r":"G-CBZX","t":"MCR1"},"3D":{"r":"G-FSEU","t":"BE20"},"3E":{"r":"G-ISSW","t":"EC55"},"3F":{"r":"G-ISSV","t":"EC55"},"40":{"r":"G-ISSU","t":"EC55"},"41":{"r":"G-MAMD","t":"BE20"},"42":{"r":"G-PDGK","t":"AS65"},"43":{"r":"G-FBEB","t":"E190"},"44":{"r":"G-JIBO","t":"JS31"},"46":{"r":"G-MAJY","t":"JS41"},"47":{"r":"G-VUEM","t":"C501"},"48":{"r":"G-RVMB","t":"RV9"},"4A":{"r":"G-PLAL","t":"EC35"},"4B":{"r":"G-BIMU","t":"S61"},"4C":{"r":"G-LSAE","t":"B752"},"4D":{"r":"G-BYTB","t":"TRIN"},"4E":{"r":"G-TAAB","t":"SR22"},"52":{"r":"G-CDXK","t":"DA42"},"53":{"r":"G-OWAR","t":"P28A"},"61":{"r":"G-GSSO","t":"GLF5"},"62":{"r":"G-BURT","t":"P28A"},"63":{"r":"G-VWEB","t":"A346"},"65":{"r":"G-BSPK","t":"C195"},"67":{"r":"G-DOLY","t":"C303"},"68":{"r":"G-MOOR","t":"TOBA"},"6A":{"r":"G-CCEJ","t":"EV97"},"6B":{"r":"G-RVCL","t":"RV6"},"6D":{"r":"G-CBMP","t":"C82R"},"6F":{"r":"G-BPGU","t":"P28A"},"70":{"r":"G-GUYS","t":"PA34"},"76":{"r":"G-XELA","t":"R44"},"77":{"r":"G-EEZR","t":"R44"},"78":{"r":"G-LOVB","t":"JS31"},"7B":{"r":"G-BEVG","t":"PA34"},"7F":{"r":"G-CDYK","t":"RJ85"},"82":{"r":"G-OCCY","t":"DA42"},"83":{"r":"G-OCCZ","t":"DA42"},"86":{"r":"G-WOFM","t":"A109"},"8C":{"r":"G-DAKM","t":"DA40"},"8D":{"r":"G-VEZE","t":"VEZE"},"8E":{"r":"G-AEDU","t":"DH90"},"91":{"r":"G-MEET","t":"LJ45"},"96":{"r":"G-CGFD","t":"CL60"},"99":{"r":"G-DBCJ","t":"A319"},"9A":{"r":"G-DBCK","t":"A319"},"9D":{"r":"G-GTJM","t":"EC20"},"A4":{"r":"G-WJCJ","t":"EC55"},"A5":{"r":"G-BHDX","t":"C172"},"A6":{"r":"G-INDC","t":"C303"},"A7":{"r":"G-KALS","t":"CL30"},"A8":{"r":"G-OLDK","t":"LJ45"},"A9":{"r":"G-SVSB","t":"C680"},"AA":{"r":"G-PKRG","t":"C560"},"AE":{"r":"G-AXZP","t":"PA23"},"AF":{"r":"G-CEDG","t":"R44"},"B1":{"r":"G-SAMJ","t":"P68"},"B5":{"r":"G-LLMW","t":"DA42"},"B6":{"r":"G-JKMH","t":"DA42"},"B7":{"r":"G-PETS","t":"DA42"},"B8":{"r":"G-OCCD","t":"DA40"},"B9":{"r":"G-OCCE","t":"DA40"},"BA":{"r":"G-JECP","t":"DH8D"},"BB":{"r":"G-BMKD","t":"BE9L"},"BC":{"r":"G-VVTV","t":"DA42"},"BD":{"r":"G-OCCF","t":"DA40"},"BE":{"r":"G-OCCG","t":"DA40"},"C1":{"r":"G-GFEA","t":"C172"},"C2":{"r":"G-CEFG","t":"B763"},"C3":{"r":"G-JVBP","t":"EV97"},"C4":{"r":"G-AZAB","t":"PA30"},"C5":{"r":"G-BHBG","t":"P32R"},"C7":{"r":"G-OUNI","t":"SR20"},"C8":{"r":"G-TAAC","t":"SR20"},"CB":{"r":"G-PURL","t":"P32R"},"CE":{"r":"G-HARK","t":"CL60"},"CF":{"r":"G-SFCJ","t":"C525"},"D2":{"r":"G-BMDK","t":"PA34"},"D3":{"r":"G-LEVO","t":"R44"},"D5":{"r":"G-CECX","t":"R44"},"D6":{"r":"G-GENI","t":"R44"},"D9":{"r":"G-JJAB","t":"JAB4"},"DA":{"r":"G-EZBI","t":"A319"},"DB":{"r":"G-EZBJ","t":"A319"},"DC":{"r":"G-EZBK","t":"A319"},"DD":{"r":"G-EZBL","t":"A319"},"DE":{"r":"G-EZBM","t":"A319"},"DF":{"r":"G-EZBN","t":"A319"},"E0":{"r":"G-EZBO","t":"A319"},"E1":{"r":"G-EZBP","t":"A319"},"E2":{"r":"G-EZBR","t":"A319"},"E3":{"r":"G-EZBT","t":"A319"},"E5":{"r":"G-ILLG","t":"R44"},"E6":{"r":"G-BRME","t":"P28A"},"E7":{"r":"G-EDCS","t":"BE40"},"E8":{"r":"G-ULES","t":"AS50"},"E9":{"r":"G-RJXN","t":"E145"},"EA":{"r":"G-RJXO","t":"E145"},"EB":{"r":"G-BUUR","t":"ATP"},"ED":{"r":"G-OMRH","t":"C550"},"EE":{"r":"G-SARV","t":"RV4"},"EF":{"r":"G-AIST","t":"SPIT"},"F0":{"r":"G-OCCH","t":"DA40"},"F1":{"r":"G-OCCK","t":"DA40"},"F2":{"r":"G-FDZA","t":"B738"},"F3":{"r":"G-FDZB","t":"B738"},"F4":{"r":"G-FDZD","t":"B738"},"F5":{"r":"G-OCCL","t":"DA40"},"F6":{"r":"G-OCCM","t":"DA40"},"F7":{"r":"G-OCCN","t":"DA40"},"F8":{"r":"G-TRUE","t":"H500"},"FD":{"r":"G-BHIB","t":"C182"},"FE":{"r":"G-FBEC","t":"E190"}}