{"020":{"r":"G-RVUK","t":"RV7"},"027":{"r":"G-HILZ","t":"RV8"},"02A":{"r":"G-PIXL","t":"R44"},"02B":{"r":"G-TORN","t":"FDCT"},"048":{"r":"G-RVNH","t":"RV9"},"04A":{"r":"G-CVAL","t":"C42"},"051":{"r":"G-HAMR","t":"P28A"},"052":{"r":"G-EGAG","t":"TRIN"},"053":{"r":"G-IWRB","t":"A109"},"07E":{"r":"G-RINZ","t":"RV7"},"08B":{"r":"G-FIXX","t":"RV7"},"08C":{"r":"G-IDOL","t":"EV97"},"092":{"r":"G-ENES","t":"B06"},"095":{"r":"G-CEGZ","t":"C42"},"099":{"r":"G-JBTR","t":"RV8"},"0A4":{"r":"G-XALT","t":"PA38"},"0B5":{"r":"G-RVDH","t":"RV8"},"0B6":{"r":"G-CEHV","t":"C42"},"0C2":{"r":"G-IUII","t":"YK52"},"0D6":{"r":"G-OOGL","t":"H500"},"0D9":{"r":"G-HIYA","t":"ULAC"},"0E6":{"r":"G-TRAX","t":"C172"},"0E7":{"r":"G-XRVX","t":"RV10"},"0EE":{"r":"G-OORV","t":"RV6"},"0F4":{"r":"G-ESSL","t":"C182"},"0FC":{"r":"G-CEHL"},"102":{"r":"G-KFLY","t":"FDCT"},"108":{"r":"G-RRVX","t":"RV10"},"10F":{"r":"G-CMOS","t":"C303"},"11C":{"r":"G-EVIP","t":"A109"},"121":{"r":"G-HVRZ","t":"EC20"},"126":{"r":"G-IOOP","t":"EAGL"},"128":{"r":"G-CEIZ","t":"P28A"},"135":{"r":"G-CEKW","t":"JAB4"},"13E":{"r":"G-CEJN","t":"M20P"},"144":{"r":"G-UILA","t":"A210"},"149":{"r":"G-CSPR","t":"RV6"},"14C":{"r":"G-TYMS","t":"C172"},"155":{"r":"G-EVIG"},"15E":{"r":"G-CLEG","t":"FDCT"},"166":{"r":"G-OWAN","t":"C210"},"167":{"r":"G-ICDM","t":"JAB4"},"16E":{"r":"G-TEGS","t":"B06"},"178":{"r":"G-SKPP","t":"EC20"},"17A":{"r":"G-CEKI","t":"C172"},"17B":{"r":"G-HABI","t":"SKYR"},"183":{"r":"G-CEKT","t":"FDCT"},"18B":{"r":"G-IIXF","t":"RV7"},"18E":{"r":"G-CEKV","t":"EUPA"},"198":{"r":"G-FKOS","t":"P28A"},"1A0":{"r":"G-SFAR","t":"C42"},"1AA":{"r":"G-CEMZ","t":"ULAC"},"1AB":{"r":"G-NFLY","t":"SIRA"},"1AC":{"r":"G-CKJD","t":"GLID"},"1AF":{"r":"G-CEIX","t":"PNR3"},"1BC":{"r":"G-CENE","t":"FDCT"},"1D4":{"r":"G-WRBI","t":"A109"},"1E2":{"r":"G-CGXL","t":"DR40"},"1F4":{"r":"G-CEPX","t":"C152"},"1F9":{"r":"G-GDEF","t":"DR40"},"200":{"r":"G-OCEG","t":"BE20"},"202":{"r":"G-CEOG","t":"P28R"},"204":{"r":"G-RMRV","t":"RV7"},"20C":{"r":"G-EGSJ","t":"JAB4"},"216":{"r":"G-OJHC","t":"C182"},"219":{"r":"G-CTDW","t":"FDCT"},"21C":{"r":"G-JOTA","t":"BE9L"},"226":{"r":"G-FCBI","t":"H269"},"227":{"r":"G-DCBI","t":"H269"},"22A":{"r":"G-NWFG","t":"C172"},"22B":{"r":"G-NWFC","t":"C172"},"253":{"r":"G-CETT"},"25B":{"r":"G-CEVC","t":"RV4"},"262":{"r":"G-DDGJ","t":"BL8"},"272":{"r":"G-LREE","t":"G109"},"275":{"r":"G-CEVM","t":"SIRA"},"289":{"r":"G-PBEC","t":"RV7"},"292":{"r":"G-CESV"},"2B9":{"r":"G-SCRZ","t":"CRUZ"},"2CA":{"r":"G-CETP","t":"RV9"},"2FF":{"r":"G-CEZZ","t":"FDCT"},"301":{"r":"G-MUTT","t":"CRUZ"},"31B":{"r":"G-TJDM","t":"RV6"},"33C":{"r":"G-VVBA","t":"AS55"},"35A":{"r":"G-MACL","t":"SR22"},"369":{"r":"G-OCSH","t":"CL60"},"3A2":{"r":"G-CTEN","t":"C750"},"3A5":{"r":"G-OJWB","t":"H25B"},"3BF":{"r":"G-PHVM","t":"RV8"},"3C4":{"r":"G-ECOA","t":"DH8D"},"3E0":{"r":"G-LULI","t":"R44"},"3E4":{"r":"G-WATJ","t":"BE20"},"3F4":{"r":"G-DCHO","t":"A210"},"400":{"r":"G-WIWI","t":"S76"},"402":{"r":"G-ZZZS","t":"EC20"},"408":{"r":"G-LGNL","t":"SF34"},"409":{"r":"G-LGNM","t":"SF34"},"40D":{"r":"G-CEVS"},"426":{"r":"G-LULV","t":"DA42"},"42A":{"r":"G-PDGT","t":"AS55"},"42B":{"r":"G-DAVZ","t":"C182"},"43B":{"r":"G-CHRS"},"43F":{"r":"G-FBEI","t":"E190"},"455":{"r":"G-EUUU","t":"A320"},"456":{"r":"G-EUUV","t":"A320"},"457":{"r":"G-EUUW","t":"A320"},"47E":{"r":"G-CIZZ","t":"BE58"},"47F":{"r":"G-IFRH","t":"A109"},"49A":{"r":"G-STME","t":"GLID"},"4A5":{"r":"G-TOLI","t":"R44"},"4A6":{"r":"G-FDZG","t":"B738"},"4A7":{"r":"G-FDZE","t":"B738"},"4A8":{"r":"G-FDZF","t":"B738"},"4B0":{"r":"G-LGNN","t":"SF34"},"4B7":{"r":"G-NIKX","t":"R44"},"4C3":{"r":"G-DBLX","t":"HUSK"},"4CF":{"r":"G-CEWK","t":"C172"},"4F0":{"r":"G-RJCC","t":"C172"},"4F3":{"r":"G-DYMC"},"4FC":{"r":"G-RVCH","t":"RV8"},"504":{"r":"G-CGIJ","t":"A139"},"505":{"r":"G-SARD","t":"A139"},"506":{"r":"G-CGWB","t":"A139"},"518":{"r":"G-ECOB","t":"DH8D"},"51D":{"r":"G-RVTT","t":"RV7"},"522":{"r":"G-CEWN","t":"DA42"},"540":{"r":"G-RSHI","t":"PA34"},"545":{"r":"G-OMEA","t":"C560"},"574":{"r":"G-CEYZ","t":"S76"},"580":{"r":"G-SMMB","t":"F406"},"588":{"r":"G-RIDA","t":"AS55"},"595":{"r":"G-SRDG"},"596":{"r":"G-MAML","t":"R44"},"5A3":{"r":"G-ONED"},"5A6":{"r":"G-CMBL","t":"CL60"},"5A9":{"r":"G-KPEI","t":"C560"},"5AA":{"r":"G-OSVM","t":"C560"},"5B7":{"r":"G-JASS","t":"BE20"},"5BA":{"r":"G-TOYI","t":"B733"},"5BB":{"r":"G-TGTT","t":"R44"},"5DE":{"r":"G-ZGZG","t":"C182"},"5EC":{"r":"G-CRWZ","t":"CRUZ"},"5FF":{"r":"G-CJCC","t":"C680"},"60B":{"r":"G-MEDN","t":"A321"},"62A":{"r":"G-CEYN","t":"G109"},"62F":{"r":"G-CEYH","t":"C152"},"631":{"r":"G-EZDA","t":"A319"},"632":{"r":"G-EZDB","t":"A319"},"633":{"r":"G-EZDD","t":"A319"},"634":{"r":"G-EZDE","t":"A319"},"635":{"r":"G-EZDF","t":"A319"},"636":{"r":"G-EZDH","t":"A319"},"637":{"r":"G-EZDI","t":"A319"},"638":{"r":"G-EZDJ","t":"A319"},"654":{"r":"G-LLIZ","t":"R44"},"658":{"r":"G-ECOC","t":"DH8D"},"65C":{"r":"G-CFTR","t":"GLID"},"65F":{"r":"G-FICS","t":"FDCT"},"664":{"r":"G-XYZT","t":"RF10"},"688":{"r":"G-JCOP","t":"AS50"},"68A":{"r":"G-CEYK","t":"EUPA"},"6A2":{"r":"G-CEYL","t":"GLEX"},"6B8":{"r":"G-ROBJ","t":"DR40"},"6BE":{"r":"G-WLVS","t":"F2TH"},"6CB":{"r":"G-GRZZ","t":"R44"},"6E6":{"r":"G-MANZ","t":"R44"},"6F0":{"r":"G-REYG","t":"F900"},"6F1":{"r":"G-CEYO","t":"AS50"},"703":{"r":"G-TSAC","t":"SIRA"},"704":{"r":"G-XONE","t":"CL60"},"70C":{"r":"G-TWNN","t":"BE76"},"70F":{"r":"G-JMMP","t":"CL60"},"71C":{"r":"G-CEYU","t":"AS65"},"74E":{"r":"G-TESR","t":"SIRA"},"760":{"r":"G-NWFA","t":"C150"},"79B":{"r":"G-SEAJ","t":"C525"},"79C":{"r":"G-HEBJ","t":"C525"},"7B0":{"r":"G-CEZG","t":"DA42"},"7B3":{"r":"G-ZECH","t":"CRUZ"},"7C1":{"r":"G-EDHO","t":"SR20"},"7C2":{"r":"G-EGNS","t":"GLF5"},"7D0":{"r":"G-LCYB","t":"RJ85"},"7DD":{"r":"G-PIMP","t":"R44"},"7DF":{"r":"G-OCRZ","t":"CRUZ"},"7E0":{"r":"G-ETFL","t":"SR22"},"7E2":{"r":"G-PHEW","t":"SR22"},"7E3":{"r":"G-LEXY","t":"RV8"},"7F1":{"r":"G-KSFR","t":"CL30"},"7F2":{"r":"G-FBEJ","t":"E190"},"804":{"r":"G-XERO"},"808":{"r":"G-DHCF","t":"GLID"},"80A":{"r":"G-CKFL"},"80B":{"r":"G-CJTO"},"824":{"r":"G-EMHC","t":"A109"},"82C":{"r":"G-GMPX","t":"EXPL"},"836":{"r":"G-KNCG","t":"PA32"},"839":{"r":"G-CEZP","t":"DA40"},"83A":{"r":"G-CEZR","t":"DA40"},"83B":{"r":"G-DASY","t":"H500"},"844":{"r":"G-NOUS","t":"C172"},"858":{"r":"G-KKEV","t":"DH8D"},"859":{"r":"G-CFCM","t":"R44"},"86E":{"r":"G-MPTP","t":"CL60"},"86F":{"r":"G-MPSP","t":"CL60"},"87A":{"r":"G-UFCI","t":"C172"},"88B":{"r":"G-LCYC","t":"RJ85"},"8A4":{"r":"G-ODUR"},"8B6":{"r":"G-SVGN","t":"C680"},"8C1":{"r":"G-OSOH","t":"C525"},"8C6":{"r":"G-JOKR","t":"E300"},"8C7":{"r":"G-ZAAP","t":"CRUZ"},"8CB":{"r":"G-VVPA","t":"CL60"},"8D1":{"r":"G-MILO","t":"C303"},"8DB":{"r":"G-KEVG","t":"GYRO"},"8E3":{"r":"G-ROYM","t":"R44"},"8E6":{"r":"G-PMHT","t":"TBM7"},"906":{"r":"G-CROO","t":"C25A"},"90D":{"r":"G-RWLA","t":"EC35"},"90E":{"r":"G-CGUL","t":"GLF5"},"911":{"r":"G-VANX","t":"GA8"},"913":{"r":"G-OOWS","t":"AS50"},"923":{"r":"G-LEAB","t":"C510"},"924":{"r":"G-NGEL","t":"C510"},"929":{"r":"G-FBLK","t":"C510"},"92C":{"r":"G-DAKI","t":"PC12"},"93A":{"r":"G-JCBB","t":"GLF5"},"93F":{"r":"G-CFDV","t":"S76"},"942":{"r":"G-LEAC","t":"C510"},"948":{"r":"G-EDDS","t":"CRUZ"},"972":{"r":"G-EDCM","t":"C25A"},"97F":{"r":"G-CFBP"},"981":{"r":"G-CFEZ"},"987":{"r":"G-CFCI","t":"C172"},"98E":{"r":"G-ODCR","t":"R44"},"9B7":{"r":"G-ODAZ","t":"R44"},"9B9":{"r":"G-CIRS","t":"SR20"},"9C2":{"r":"G-CFEE","t":"EV97"},"9D6":{"r":"G-CFBX","t":"BE9L"},"9DF":{"r":"G-CJGM"},"9E4":{"r":"G-FDZJ","t":"B738"},"9F2":{"r":"G-IRSH","t":"E135"},"9FA":{"r":"G-FBEK","t":"E190"},"9FD":{"r":"G-SJBI","t":"PTS2"},"A13":{"r":"G-PIPP","t":"P32R"},"A21":{"r":"G-OTJS","t":"R44"},"A2D":{"r":"G-BMIZ","t":"R22"},"A3B":{"r":"G-DADA","t":"GYRO"},"A3E":{"r":"G-ODEX","t":"C182"},"A46":{"r":"G-EUUX","t":"A320"},"A47":{"r":"G-EUUY","t":"A320"},"A48":{"r":"G-EUUZ","t":"A320"},"A49":{"r":"G-EUYA","t":"A320"},"A4A":{"r":"G-EUYB","t":"A320"},"A56":{"r":"G-OCSE","t":"CL60"},"A76":{"r":"G-DVAA","t":"EC35"},"A7C":{"r":"G-MUMU","t":"A109"},"A8C":{"r":"G-JMOS","t":"PA34"},"A8D":{"r":"G-YROC","t":"GYRO"},"A97":{"r":"G-IGZZ","t":"R44"},"AA5":{"r":"G-HBOB","t":"EC35"},"AAD":{"r":"G-RAJJ","t":"B462"},"ABB":{"r":"G-CFDJ"},"ABD":{"r":"G-HCGD","t":"LJ45"},"AC1":{"r":"G-HBJT","t":"EC55"},"AF1":{"r":"G-DEKW","t":"GLID"},"AFB":{"r":"G-LCMW"},"AFC":{"r":"G-GEVO","t":"C680"},"AFD":{"r":"G-OMBI","t":"C25B"},"AFF":{"r":"G-ODAG","t":"C25A"},"B0D":{"r":"G-GERS","t":"R44"},"B19":{"r":"G-MOOV","t":"CRUZ"},"B26":{"r":"G-DADZ","t":"CRUZ"},"B28":{"r":"G-TDSA","t":"F406"},"B3B":{"r":"G-IRGJ","t":"CH7A"},"B41":{"r":"G-CFMM","t":"C172"},"B51":{"r":"G-DDUT","t":"GLID"},"B64":{"r":"G-EZDK","t":"A319"},"B65":{"r":"G-EZDL","t":"A319"},"B66":{"r":"G-EZDM","t":"A319"},"B67":{"r":"G-EZDN","t":"A319"},"B68":{"r":"G-EZDO","t":"A319"},"B69":{"r":"G-EZDP","t":"A319"},"B6A":{"r":"G-EZDR","t":"A319"},"B6D":{"r":"G-CGEH","t":"GLID"},"B74":{"r":"G-FCSL","t":"PA31"},"B75":{"r":"G-CFGB","t":"C680"},"B77":{"r":"G-ECOD","t":"DH8D"},"B8C":{"r":"G-FBEL","t":"E190"},"B99":{"r":"G-TLFK","t":"C680"},"B9E":{"r":"G-MRDS","t":"CRUZ"},"BA2":{"r":"G-RAFD","t":"BE20"},"BA3":{"r":"G-RAFX","t":"BE20"},"BAB":{"r":"G-CFGH","t":"JAB2"},"BBE":{"r":"G-CTFL","t":"R44"},"BD9":{"r":"G-HPPY","t":"LJ45"},"BDC":{"r":"G-LHXL","t":"R44"},"BEB":{"r":"G-KEMW","t":"TBM7"},"BFB":{"r":"G-YMMR","t":"B772"},"BFC":{"r":"G-YMMS","t":"B772"},"BFD":{"r":"G-YMMT","t":"B772"},"BFE":{"r":"G-YMMU","t":"B772"},"BFF":{"r":"G-SCZR","t":"CRUZ"},"C03":{"r":"G-ECOE","t":"DH8D"},"C04":{"r":"G-ECOF","t":"DH8D"},"C0D":{"r":"G-ECOV","t":"DH8D"},"C0E":{"r":"G-ECOY","t":"DH8D"},"C0F":{"r":"G-ECOW","t":"DH8D"},"C10":{"r":"G-ECOZ","t":"DH8D"},"C25":{"r":"G-CGFF","t":"CL60"},"C31":{"r":"G-SIRJ","t":"C680"},"C3A":{"r":"G-DIGN","t":"DR40"},"C61":{"r":"G-PTEA","t":"PA46"},"C63":{"r":"G-FCAP","t":"C560"},"C75":{"r":"G-CFIM","t":"ULAC"},"C78":{"r":"G-MEGS","t":"C172"},"C7F":{"r":"G-ODCM","t":"C25B"},"C80":{"r":"G-MHAR","t":"PAY3"},"C87":{"r":"G-OGSK","t":"E135"},"C8C":{"r":"G-USAR","t":"C441"},"C8D":{"r":"G-HKSD"},"C93":{"r":"G-CFIY","t":"C42"},"CA4":{"r":"G-CGFA","t":"GL5T"},"CC2":{"r":"G-OCJZ","t":"C25A"},"CCB":{"r":"G-INDI","t":"PTS2"},"CED":{"r":"G-CFGX"},"CEE":{"r":"G-WTOR","t":"F900"},"D0C":{"r":"G-EZDS","t":"A319"},"D0D":{"r":"G-EZDT","t":"A319"},"D0E":{"r":"G-EZDU","t":"A319"},"D0F":{"r":"G-EZDV","t":"A319"},"D10":{"r":"G-EZDW","t":"A319"},"D11":{"r":"G-EZDX","t":"A319"},"D12":{"r":"G-EZDY","t":"A319"},"D13":{"r":"G-EZDZ","t":"A319"},"D1B":{"r":"G-RAPD","t":"H500"},"D1E":{"r":"G-REMH","t":"B06"},"D2A":{"r":"G-OLCT","t":"SR22"},"D4A":{"r":"G-FARA","t":"JS31"},"D4C":{"r":"G-CFJG","t":"ULAC"},"D50":{"r":"G-HOCA","t":"R44"},"D51":{"r":"G-SJMH","t":"DR40"},"D54":{"r":"G-ECMK","t":"PA18"},"D58":{"r":"G-OCZA","t":"CRUZ"},"D59":{"r":"G-CFKB","t":"CRUZ"},"D5A":{"r":"G-NOSS","t":"JS31"},"D5D":{"r":"G-CFJA","t":"E135"},"D65":{"r":"G-ECOG","t":"DH8D"},"D66":{"r":"G-FBEM","t":"E190"},"D69":{"r":"G-CFIU","t":"CRUZ"},"D6E":{"r":"G-DOSA","t":"DA42"},"D6F":{"r":"G-DOSB","t":"DA42"},"D75":{"r":"G-NMRM","t":"C25A"},"D7A":{"r":"G-CFJC","t":"S76"},"D94":{"r":"G-NYNA","t":"RV9"},"D99":{"r":"G-ZOGT","t":"SR20"},"D9A":{"r":"G-DOLI","t":"SR20"},"DA1":{"r":"G-HAGL","t":"R44"},"DB1":{"r":"G-CFJN","t":"DA40"},"DB2":{"r":"G-CFJO","t":"DA40"},"DBA":{"r":"G-OMMA","t":"R44"},"DCD":{"r":"G-CFKA","t":"GYRO"},"DD0":{"r":"G-CFKH","t":"CH60"},"DEA":{"r":"G-ECOH","t":"DH8D"},"DF2":{"r":"G-JHPC","t":"C182"},"E12":{"r":"G-FBLI","t":"C510"},"E13":{"r":"G-FLBK","t":"C510"},"E14":{"r":"G-FBNK","t":"C510"},"E23":{"r":"G-FDZR","t":"B738"},"E24":{"r":"G-FDZS","t":"B738"},"E25":{"r":"G-RRED","t":"P28A"},"E31":{"r":"G-CFKS","t":"FDCT"},"E4E":{"r":"G-MCRO","t":"MCR1"},"E53":{"r":"G-CPHA","t":"R44"},"E57":{"r":"G-SNZY","t":"LJ45"},"E62":{"r":"G-CRAR","t":"CRUZ"},"E65":{"r":"G-FBEN","t":"E190"},"E66":{"r":"G-ECOI","t":"DH8D"},"E6E":{"r":"G-SNAL","t":"C182"},"E7D":{"r":"G-SABI","t":"F900"},"E80":{"r":"G-MKJA","t":"B742"},"E81":{"r":"G-MKKA","t":"B742"},"E8B":{"r":"G-TSGE","t":"SR20"},"E90":{"r":"G-CFNF","t":"R44"},"E91":{"r":"G-MEDX","t":"A109"},"E92":{"r":"G-SULI","t":"DA40"},"E94":{"r":"G-KSHI","t":"BE36"},"E96":{"r":"G-IIHI","t":"E300"},"E99":{"r":"G-VECT","t":"C560"},"EA0":{"r":"G-UHGB","t":"UH1"},"EA1":{"r":"G-MICE","t":"C510"},"EA2":{"r":"G-KLNW","t":"C510"},"EA7":{"r":"G-HHDR","t":"C182"},"EA8":{"r":"G-CFLU","t":"SB20"},"EA9":{"r":"G-CFLV","t":"SB20"},"EAA":{"r":"G-SJSS","t":"CL60"},"EAB":{"r":"G-DTCP","t":"P32R"},"EB2":{"r":"G-ENIO","t":"PTS2"},"EC2":{"r":"G-FATE","t":"F8L"},"EC3":{"r":"G-CFMC","t":"RV9"},"EC4":{"r":"G-DOSC","t":"DA42"},"ECE":{"r":"G-GMED","t":"PAY3"},"ED6":{"r":"G-UDMS","t":"PA46"},"EDA":{"r":"G-KLNR","t":"BE40"},"EDB":{"r":"G-KLNB","t":"B350"},"EE0":{"r":"G-EUYC","t":"A320"},"EE1":{"r":"G-EUYD","t":"A320"},"EEA":{"r":"G-MIRN"},"EEB":{"r":"G-CFMX","t":"P28A"},"EEE":{"r":"G-CFNV"},"EEF":{"r":"G-PTRI","t":"C182"},"EF2":{"r":"G-RHMS","t":"E135"},"EF3":{"r":"G-ECOJ","t":"DH8D"},"EF4":{"r":"G-ECOK","t":"DH8D"},"EF5":{"r":"G-ECOM","t":"DH8D"},"EF7":{"r":"G-FFFG","t":"F900"},"EFD":{"r":"G-DOTY","t":"RV7"},"F01":{"r":"G-CYPM","t":"SR22"},"F02":{"r":"G-TSJF","t":"C25B"},"F09":{"r":"G-EZFA","t":"A319"},"F0A":{"r":"G-EZFB","t":"A319"},"F0B":{"r":"G-EZFC","t":"A319"},"F0C":{"r":"G-EZFD","t":"A319"},"F0D":{"r":"G-EZFE","t":"A319"},"F0E":{"r":"G-EZFF","t":"A319"},"F0F":{"r":"G-EZFG","t":"A319"},"F10":{"r":"G-EZFH","t":"A319"},"F11":{"r":"G-EZTA","t":"A320"},"F12":{"r":"G-EZTB","t":"A320"},"F13":{"r":"G-EZTC","t":"A320"},"F15":{"r":"G-IIOO","t":"GLID"},"F16":{"r":"G-OHJE","t":"PNR3"},"F18":{"r":"G-RBNB","t":"E190"},"F1D":{"r":"G-SUFK","t":"EC35"},"F22":{"r":"G-SRUM","t":"AAT3"},"F23":{"r":"G-MOLO","t":"PC12"},"F25":{"r":"G-CFOH","t":"GLF4"},"F27":{"r":"G-WEAT","t":"R44"},"F2F":{"r":"G-ZZSG","t":"EC25"},"F31":{"r":"G-DHLF","t":"B763"},"F32":{"r":"G-DHLE","t":"B763"},"F33":{"r":"G-DHLG","t":"B763"},"F34":{"r":"G-IPLG","t":"AS50"},"F3A":{"r":"G-EXRS","t":"GLEX"},"F4A":{"r":"G-CFSM","t":"C172"},"F4E":{"r":"G-OAKI","t":"JS31"},"F52":{"r":"G-CFSB","t":"SIRA"},"F53":{"r":"G-ERED","t":"BE9L"},"F56":{"r":"G-JADW","t":"ULAC"},"F57":{"r":"G-RUBE","t":"E135"},"F5E":{"r":"G-KTSG","t":"R22"},"F60":{"r":"G-TCHO","t":"SPIT"},"F61":{"r":"G-MELL"},"F67":{"r":"G-PSTR","t":"BE20"},"F6B":{"r":"G-CFPZ","t":"S76"},"F6E":{"r":"G-LEGY","t":"FDCT"},"F77":{"r":"G-ZJET","t":"C510"},"F78":{"r":"G-ECOO","t":"DH8D"},"F79":{"r":"G-ECOP","t":"DH8D"},"F7B":{"r":"G-TCAD","t":"A320"},"F7D":{"r":"G-JMCL","t":"B733"},"F7F":{"r":"G-LPIN","t":"ULAC"},"F81":{"r":"G-WASN","t":"EC35"},"F82":{"r":"G-GIGZ","t":"RV8"},"F85":{"r":"G-OEAS","t":"BE20"},"F8E":{"r":"G-NOAH","t":"A319"},"F91":{"r":"G-NLPA"},"F9C":{"r":"G-MENU","t":"R44"},"FA9":{"r":"G-CFUG","t":"G109"},"FB1":{"r":"G-MISJ","t":"CRUZ"},"FB5":{"r":"G-VZON"},"FB6":{"r":"G-COBO","t":"AT72"},"FB8":{"r":"G-OCFT","t":"CL60"},"FB9":{"r":"G-HFAA","t":"PRM1"},"FBD":{"r":"G-CFSJ"},"FC4":{"r":"G-FBKA","t":"C510"},"FCB":{"r":"G-REDE","t":"AS65"},"FCC":{"r":"G-REDF","t":"AS65"},"FD0":{"r":"G-OSRL","t":"LJ45"},"FD3":{"r":"G-STRN","t":"B737"},"FD4":{"r":"G-ECOR","t":"DH8D"},"FD5":{"r":"G-ECOT","t":"DH8D"},"FD6":{"r":"G-DUTY","t":"H500"},"FE5":{"r":"G-PGRP","t":"E135"},"FE7":{"r":"G-TJAG","t":"PA34"},"FE9":{"r":"G-XXEB","t":"S76"},"FF2":{"r":"G-LAWX","t":"S92"},"FF4":{"r":"G-RWPL","t":"EC55"},"FFB":{"r":"G-NCCC","t":"CL60"},"FFD":{"r":"G-CJME","t":"GLEX"}}