{"4038":{"r":"VP-BPR","t":"SB20"},"4039":{"r":"VP-BBX","t":"GLF5"},"403E":{"r":"VP-BHR","t":"GLF3"},"4040":{"r":"VP-BOL","t":"GLF4"},"4041":{"r":"VP-BHT","t":"LJ45"},"4043":{"r":"VP-BDU","t":"GLEX"},"4044":{"r":"VP-BDV","t":"F2TH"},"4045":{"r":"VP-BTU","t":"A319"},"4046":{"r":"VP-BTV","t":"A319"},"4048":{"r":"VP-BTX","t":"A319"},"4049":{"r":"VP-BTN","t":"A319"},"404A":{"r":"VP-BTO","t":"A319"},"404B":{"r":"VP-BTP","t":"A319"},"404C":{"r":"VP-BTQ","t":"A319"},"404D":{"r":"VP-BTS","t":"A319"},"404E":{"r":"VP-BTT","t":"A319"},"404F":{"r":"VP-BTH","t":"B734"},"4050":{"r":"VP-BQP","t":"A320"},"4051":{"r":"VP-BQV","t":"A320"},"4052":{"r":"VP-BQW","t":"A320"},"4053":{"r":"VP-BSN","t":"GLF5"},"4055":{"r":"VP-BQR","t":"A321"},"4056":{"r":"VP-BQS","t":"A321"},"4057":{"r":"VP-BQT","t":"A321"},"4058":{"r":"VP-BQX","t":"A320"},"4059":{"r":"VP-BNZ","t":"B737"},"405F":{"r":"VP-BWZ","t":"B735"},"4060":{"r":"VP-BWY","t":"B735"},"4061":{"r":"VP-BQL","t":"B735"},"4062":{"r":"VP-BQI","t":"B735"},"4063":{"r":"VP-BEX","t":"A319"},"4064":{"r":"VP-BEY","t":"A319"},"4066":{"r":"VP-BNI","t":"S76"},"4068":{"r":"VP-BQY","t":"A320"},"4069":{"r":"VP-BQZ","t":"A320"},"406C":{"r":"VP-BVG","t":"GLEX"},"406E":{"r":"VP-BRN","t":"B735"},"406F":{"r":"VP-BJA","t":"CL60"},"4071":{"r":"VP-BTA","t":"B734"},"4072":{"r":"VP-BKI","t":"GLF4"},"4074":{"r":"VP-BBP","t":"F2TH"},"4075":{"r":"VP-BMB","t":"F900"},"4076":{"r":"VP-BSE","t":"GLEX"},"4077":{"r":"VP-BBQ","t":"PRM1"},"4078":{"r":"VP-BRQ","t":"B735"},"4079":{"r":"VP-BRS","t":"B735"},"407A":{"r":"VP-BRU","t":"B735"},"407B":{"r":"VP-BRV","t":"B735"},"407E":{"r":"VP-BVS","t":"E135"},"407F":{"r":"VP-BRB","t":"A320"},"4081":{"r":"VP-BSJ","t":"GLF5"},"4084":{"r":"VP-BDX","t":"CL60"},"4086":{"r":"VP-BBO","t":"GLF5"},"4090":{"r":"VP-BLW","t":"GLF5"},"4091":{"r":"VP-BNP","t":"CL60"},"4092":{"r":"VP-BMK","t":"BE30"},"4094":{"r":"VP-BRI","t":"B735"},"4095":{"r":"VP-BRK","t":"B735"},"4097":{"r":"VP-BRX","t":"A320"},"4098":{"r":"VP-BRY","t":"A320"},"4099":{"r":"VP-BRZ","t":"A320"},"409A":{"r":"VP-BFI","t":"B752"},"409B":{"r":"VP-BAP","t":"B734"},"409C":{"r":"VP-BRW","t":"A321"},"409D":{"r":"VP-BII","t":"B742"},"409E":{"r":"VP-BIJ","t":"B742"},"40A0":{"r":"VP-BFK","t":"B735"},"40A1":{"r":"VP-BDB","t":"B733"},"40A4":{"r":"VP-BNS","t":"F900"},"40A5":{"r":"VP-BPA","t":"B735"},"40A6":{"r":"VP-BPD","t":"B735"},"40A7":{"r":"VP-BPE","t":"B735"},"40A8":{"r":"VP-BPF","t":"B735"},"40AA":{"r":"VP-BDP","t":"MD11"},"40AB":{"r":"VP-BDQ","t":"MD11"},"40AD":{"r":"VP-BGS","t":"LJ60"},"40B2":{"r":"VP-BMM","t":"H25B"},"40B4":{"r":"VP-BLF","t":"B735"},"40B5":{"r":"VP-BLG","t":"B735"},"40B6":{"r":"VP-BIG","t":"B744"},"40B9":{"r":"VP-BBZ","t":"LJ60"},"40BC":{"r":"VP-BJV","t":"B733"},"40C1":{"r":"VP-BGU","t":"B743"},"40C2":{"r":"VP-BGW","t":"B743"},"40C3":{"r":"VP-BGX","t":"B743"},"40C4":{"r":"VP-BGY","t":"B743"},"40C6":{"r":"VP-BGG","t":"FA7X"},"40C8":{"r":"VP-BHF","t":"A319"},"40C9":{"r":"VP-BHG","t":"A319"},"40CA":{"r":"VP-BHI","t":"A319"},"40CB":{"r":"VP-BHJ","t":"A319"},"40CC":{"r":"VP-BHK","t":"A319"},"40CD":{"r":"VP-BHL","t":"A319"},"40CE":{"r":"VP-BHP","t":"A319"},"40CF":{"r":"VP-BHQ","t":"A319"},"40D0":{"r":"VP-BHV","t":"A319"},"40D1":{"r":"VP-BEZ","t":"F900"},"40D4":{"r":"VP-BML","t":"CL60"},"40D9":{"r":"VP-BFT","t":"B737"},"40DB":{"r":"VP-BUM","t":"A321"},"40DC":{"r":"VP-BUK","t":"A319"},"40DD":{"r":"VP-BLK","t":"B74S"},"40DF":{"r":"VP-BUN","t":"A319"},"40E0":{"r":"VP-BUP","t":"A321"},"40E1":{"r":"VP-BUO","t":"A319"},"40E2":{"r":"VP-BQU","t":"A320"},"40E3":{"r":"VP-BAH","t":"GLEX"},"40E5":{"r":"VP-BMA","t":"G150"},"40E6":{"r":"VP-BIK","t":"B744"},"40E7":{"r":"VP-BIM","t":"B744"},"40E9":{"r":"VP-BYI","t":"B735"},"40EA":{"r":"VP-BYJ","t":"B735"},"40EB":{"r":"VP-BYK","t":"B735"},"40EC":{"r":"VP-BYL","t":"B735"},"40EE":{"r":"VP-BYN","t":"B735"},"40EF":{"r":"VP-BYO","t":"B735"},"40F0":{"r":"VP-BYP","t":"B735"},"40F1":{"r":"VP-BYQ","t":"B735"},"40F2":{"r":"VP-BYT","t":"B735"},"40F9":{"r":"VQ-BGA","t":"GLF4"},"40FA":{"r":"VP-BFX","t":"A320"},"40FB":{"r":"VP-BFY","t":"A320"},"40FC":{"r":"VP-BFZ","t":"A320"},"40FD":{"r":"VP-BRJ","t":"C25B"},"4100":{"r":"VP-BKJ","t":"B744"},"4101":{"r":"VP-BKL","t":"B744"},"4102":{"r":"VP-BAR","t":"FA7X"},"4103":{"r":"VP-BVY","t":"FA7X"},"4104":{"r":"VP-BVR","t":"B744"},"4105":{"r":"VP-BVU","t":"B735"},"4106":{"r":"VP-BVL","t":"B735"},"4107":{"r":"VP-BVN","t":"B735"},"410A":{"r":"VP-BVZ","t":"B735"},"410C":{"r":"VP-BFG","t":"B752"},"410D":{"r":"VP-BJE","t":"CL60"},"4115":{"r":"VP-BHA","t":"B735"},"4116":{"r":"VP-BKX","t":"A320"},"4117":{"r":"VP-BKY","t":"A320"},"4118":{"r":"VP-BKC","t":"A320"},"411C":{"r":"VP-BKP","t":"B735"},"411D":{"r":"VP-BKT","t":"B733"},"411F":{"r":"VP-BKV","t":"B735"},"4120":{"r":"VP-BAO","t":"CRJ1"},"4121":{"r":"VP-BSD","t":"CRJ2"},"4123":{"r":"VP-BRA","t":"F2TH"},"4125":{"r":"VP-BEK","t":"CL30"},"4126":{"r":"VP-BJI","t":"GLEX"},"412A":{"r":"VP-BJJ","t":"B737"},"412E":{"r":"VP-BCZ","t":"A320"},"412F":{"r":"VP-BCP","t":"A320"},"4130":{"r":"VP-BCS","t":"A320"},"4131":{"r":"VP-BDT","t":"A320"},"4132":{"r":"VP-BTB","t":"GLF4"},"4133":{"r":"VP-BEW","t":"B735"},"4134":{"r":"VP-CGS","t":"FA7X"},"4135":{"r":"VP-CES","t":"GLF5"},"4136":{"r":"VP-CFS","t":"H25B"},"4137":{"r":"VP-CNK","t":"CL60"},"4139":{"r":"VP-CAM","t":"F2TH"},"413B":{"r":"VP-CNR","t":"GLF5"},"413C":{"r":"VP-CHI","t":"GLF5"},"413E":{"r":"VP-CAO","t":"CL30"},"4140":{"r":"VP-CFP","t":"C680"},"4141":{"r":"VP-CHU","t":"CL60"},"4142":{"r":"VP-CFZ","t":"C750"},"4143":{"r":"VP-CSK","t":"B738"},"4145":{"r":"VP-COD","t":"H25B"},"4149":{"r":"VP-CXQ","t":"A320"},"414A":{"r":"VP-CEO","t":"CL60"},"414C":{"r":"VP-COP","t":"CL60"},"414E":{"r":"VP-CJI","t":"C525"},"414F":{"r":"VP-CJC","t":"GL5T"},"4150":{"r":"VP-CPA","t":"B737"},"4151":{"r":"VP-CRR","t":"CL60"},"4152":{"r":"VP-CDV","t":"CL30"},"4153":{"r":"VP-CAE","t":"GLF4"},"4154":{"r":"VP-CXP","t":"H25B"},"4155":{"r":"VP-CMI","t":"F2TH"},"4156":{"r":"VP-CIT","t":"F2TH"},"4157":{"r":"VP-CKS","t":"A318"},"4158":{"r":"VP-CMA","t":"H25B"},"4159":{"r":"VP-CBN","t":"A319"},"415A":{"r":"VP-CLA","t":"GLF4"},"415B":{"r":"VP-CAZ","t":"PRM1"},"415C":{"r":"VP-CHA","t":"F900"},"415D":{"r":"VP-CHP","t":"E135"},"4160":{"r":"VP-CGN","t":"GLF5"},"4161":{"r":"VP-CAU","t":"GLEX"},"4162":{"r":"VP-CBF","t":"FA50"},"4163":{"r":"VP-CLI","t":"E135"},"4164":{"r":"VP-CPL","t":"E135"},"4165":{"r":"VP-CML","t":"B722"},"4166":{"r":"VP-CDH","t":"E135"},"4169":{"r":"VP-CJD","t":"J328"},"416A":{"r":"VP-CIF","t":"CL60"},"416B":{"r":"VP-CMG","t":"GLF4"},"416C":{"r":"VP-CXZ","t":"A320"},"416D":{"r":"VP-CXY","t":"A320"},"416E":{"r":"VP-CXX","t":"A320"},"416F":{"r":"VP-CXW","t":"A320"},"4170":{"r":"VP-CNJ","t":"E135"},"4173":{"r":"VP-CTR","t":"GLF4"},"4175":{"r":"VP-CLZ","t":"CL60"},"4178":{"r":"VP-CXS","t":"A320"},"4179":{"r":"VP-CSB","t":"GL5T"},"417A":{"r":"VP-CGE","t":"F900"},"417B":{"r":"VP-CGD","t":"F900"},"417C":{"r":"VP-CKW","t":"B733"},"417E":{"r":"VP-COM","t":"C500"},"4180":{"r":"VP-CNY","t":"GLEX"},"4181":{"r":"VP-CBG","t":"SBR1"},"4182":{"r":"VP-CHE","t":"C525"},"4183":{"r":"VP-CBI","t":"MD82"},"4184":{"r":"VP-CLL","t":"E135"},"4185":{"r":"VP-CAX","t":"F900"},"4186":{"r":"VP-CEA","t":"GLF5"},"418C":{"r":"VP-CEI","t":"CL60"},"418F":{"r":"VP-CPT","t":"GLEX"},"4190":{"r":"VP-CTF","t":"MD87"},"4194":{"r":"VP-CKH","t":"A318"},"4195":{"r":"VP-CKZ","t":"B733"},"4196":{"r":"VP-CDG","t":"FA50"},"4197":{"r":"VP-CHH","t":"CL60"},"4198":{"r":"VP-CMA","t":"GL5T"},"4199":{"r":"VP-CXT","t":"A320"},"419C":{"r":"VP-CCE","t":"CL60"},"419D":{"r":"VP-CQY","t":"E190"},"41A0":{"r":"VP-CJL","t":"GLF5"},"41A1":{"r":"VP-CXR","t":"A320"},"41A4":{"r":"VP-CMK","t":"E135"},"41A5":{"r":"VP-CEP","t":"G150"},"41A6":{"r":"VP-CPF","t":"CL30"},"41A7":{"r":"VP-CON","t":"CRJ2"},"41A8":{"r":"VP-CMO","t":"R722"},"41A9":{"r":"VP-CMJ","t":"A319"},"41AB":{"r":"VP-CZK","t":"GLEX"},"41AD":{"r":"VP-CET","t":"GLF4"},"41AE":{"r":"VP-CFM","t":"C56X"},"41AF":{"r":"VP-CVW","t":"A319"},"41B1":{"r":"VP-CKR","t":"GLEX"},"41B3":{"r":"VP-CLJ","t":"CL60"},"41B5":{"r":"VP-CRO","t":"GLF5"},"41B6":{"r":"VP-CNA","t":"GLEX"},"41B7":{"r":"VP-CTA","t":"GLF5"},"41B9":{"r":"VP-CGM","t":"F2TH"},"41BA":{"r":"VP-CFJ","t":"H25B"},"41BB":{"r":"VP-CAL","t":"B77L"},"41BE":{"r":"VP-CCX","t":"C25B"},"41BF":{"r":"VP-CMX","t":"FA7X"},"41C0":{"r":"VP-CSH","t":"GLF4"},"41C2":{"r":"VP-CYT","t":"GLEX"},"41C5":{"r":"VP-CJG","t":"A319"},"41C6":{"r":"VP-CGY","t":"GLEX"},"41C7":{"r":"VP-CTE","t":"GLF5"},"41C8":{"r":"VP-CCH","t":"A318"},"41C9":{"r":"VP-CSN","t":"A319"},"41CA":{"r":"VP-CEO","t":"GLEX"},"41CC":{"r":"VP-CAE","t":"B737"},"41CD":{"r":"VP-CSW","t":"FA7X"},"41CF":{"r":"VP-CKM","t":"GLEX"},"41D0":{"r":"VP-CFA","t":"E135"},"41D1":{"r":"VP-CWW","t":"GLEX"},"41D3":{"r":"VP-CQS","t":"E190"},"41D5":{"r":"VP-CQR","t":"E190"},"41D7":{"r":"VP-CLI","t":"GLF4"},"41D8":{"r":"VP-CZA","t":"GLF6"},"41DA":{"r":"VP-CAJ","t":"A319"},"41DB":{"r":"VP-CIO","t":"LJ60"},"41E0":{"r":"VP-CCK","t":"GLEX"},"41E7":{"r":"VP-CBT","t":"F900"},"41F2":{"r":"VP-CKB","t":"GLF6"},"41F3":{"r":"VP-CBG","t":"FA7X"},"41F6":{"r":"VP-FAZ","t":"DHC6"},"4234":{"r":"VP-BPW","t":"F900"},"4235":{"r":"VP-BMX","t":"H25C"},"4236":{"r":"VP-BDB","t":"B739"},"4237":{"r":"VP-BMV","t":"GLF4"},"4238":{"r":"VP-BZC","t":"GLF5"},"4239":{"r":"VP-BIZ","t":"B737"},"423A":{"r":"VP-BAJ","t":"B721"},"423B":{"r":"VP-BPG","t":"B738"},"423E":{"r":"VP-BLX","t":"A332"},"423F":{"r":"VP-BLY","t":"A332"},"4240":{"r":"VP-BVA","t":"A320"},"4241":{"r":"VP-BZE","t":"FA7X"},"4243":{"r":"VP-BGO","t":"CL60"},"4244":{"r":"VP-BXN","t":"B735"},"4245":{"r":"VP-BIT","t":"A319"},"4246":{"r":"VP-BIQ","t":"A319"},"4247":{"r":"VP-BIU","t":"A319"},"4248":{"r":"VP-BAE","t":"GLF4"},"4249":{"r":"VP-BCM","t":"HA4T"},"424A":{"r":"VP-BVV","t":"F2TH"},"424B":{"r":"VP-BPI","t":"B738"},"424C":{"r":"VP-BPY","t":"B738"},"424D":{"r":"VP-BND","t":"B738"},"424E":{"r":"VP-BNG","t":"B738"},"424F":{"r":"VP-BJN","t":"GL5T"},"4250":{"r":"VP-BQD","t":"B738"},"4251":{"r":"VP-BQF","t":"B738"},"4252":{"r":"VP-BGM","t":"CL60"},"4254":{"r":"VP-BEH","t":"FA7X"},"4255":{"r":"VP-BQG","t":"B734"},"4256":{"r":"VP-BVH","t":"B763"},"4257":{"r":"VP-BSF","t":"LJ45"},"4258":{"r":"VP-BME","t":"A320"},"4259":{"r":"VP-BMF","t":"A320"},"425A":{"r":"VP-BSA","t":"GLF4"},"425B":{"r":"VP-BIL","t":"FA7X"},"425C":{"r":"VP-BXO","t":"B735"},"425D":{"r":"VQ-BXQ","t":"B735"},"425E":{"r":"VP-BXR","t":"B735"},"425F":{"r":"VP-BXU","t":"B735"},"4260":{"r":"VP-BXV","t":"B735"},"4261":{"r":"VP-BIB","t":"B737"},"4263":{"r":"VP-BXY","t":"B735"},"4264":{"r":"VP-BXZ","t":"B735"},"4265":{"r":"VP-BAN","t":"B734"},"4266":{"r":"VP-BJK","t":"GLF5"},"4267":{"r":"VP-BOH","t":"B735"},"4268":{"r":"VP-BMI","t":"B738"},"426D":{"r":"VP-BNX","t":"GLEX"},"426E":{"r":"VP-BSR","t":"GLF4"},"426F":{"r":"VP-BJT","t":"CL30"},"4270":{"r":"VP-BSK","t":"GLEX"},"4273":{"r":"VP-BHS","t":"DC87"},"4274":{"r":"VP-BEB","t":"GLEX"},"4275":{"r":"VP-BJR","t":"C56X"},"4276":{"r":"VP-BKA","t":"CL60"},"4278":{"r":"VP-BBQ","t":"A320"},"427C":{"r":"VP-BBN","t":"B733"},"427D":{"r":"VP-BCK","t":"B734"},"427E":{"r":"VP-BSQ","t":"GLF4"},"427F":{"r":"VP-BER","t":"CRJ2"},"4280":{"r":"VP-BBZ","t":"B738"},"4281":{"r":"VP-BFA","t":"B738"},"4282":{"r":"VP-BDY","t":"A319"},"4283":{"r":"VP-BDZ","t":"A319"},"4285":{"r":"VP-BCN","t":"A320"},"4286":{"r":"VP-BDH","t":"B738"},"4287":{"r":"VP-BDG","t":"B738"},"4288":{"r":"VP-BDF","t":"B738"},"428C":{"r":"VP-BGL","t":"E135"},"428D":{"r":"VP-BDC","t":"A321"},"428E":{"r":"VP-BCJ","t":"B734"},"428F":{"r":"VP-BEP","t":"B738"},"4291":{"r":"VP-BAG","t":"B762"},"4292":{"r":"VP-BAI","t":"B762"},"4293":{"r":"VP-BBR","t":"B788"},"4295":{"r":"VP-BEI","t":"B738"},"4296":{"r":"VP-BEN","t":"B738"},"4297":{"r":"VP-BEZ","t":"B738"},"4298":{"r":"VP-BGT","t":"CL60"},"4299":{"r":"VP-BHW","t":"A320"},"429A":{"r":"VP-BDD","t":"A333"},"429B":{"r":"VP-BDE","t":"A333"},"429C":{"r":"VP-BHB","t":"B772"},"42A8":{"r":"VP-BID","t":"A320"},"42A9":{"r":"VP-BOK","t":"GLEX"},"42AB":{"r":"VP-BLA","t":"B772"},"42AF":{"r":"VP-BFO","t":"B735"},"42B1":{"r":"VP-BCC","t":"GLF5"},"42B4":{"r":"VP-BLD","t":"B738"},"42BB":{"r":"VP-BOP","t":"B737"},"42BC":{"r":"VP-BLH","t":"A320"},"42BF":{"r":"VP-BOG","t":"A320"},"42C2":{"r":"VP-BLP","t":"A320"},"42C3":{"r":"VP-BNL","t":"A320"},"42C4":{"r":"VP-BLL","t":"A320"},"42CE":{"r":"VP-BTE","t":"A319"},"42CF":{"r":"VP-BTF","t":"A319"},"42D9":{"r":"VP-BOC","t":"A321"},"42DA":{"r":"VP-BOE","t":"A321"},"42DD":{"r":"VP-BUL","t":"B738"},"42DF":{"r":"VP-BUG","t":"B738"},"42E1":{"r":"VP-BTR","t":"A321"},"42E2":{"r":"VP-BTG","t":"A321"},"42E3":{"r":"VP-BTL","t":"A321"},"42EE":{"r":"VP-BZB","t":"B738"},"42F4":{"r":"VP-BBS","t":"B788"},"42F8":{"r":"VP-BKM","t":"CL60"},"42FB":{"r":"VP-BSG","t":"GL5T"},"43C4":{"r":"VQ-BVC","t":"B748"},"43D0":{"r":"VQ-BVR","t":"B748"},"43E4":{"r":"VQ-BMZ","t":"GLF6"},"43EA":{"r":"VQ-BSF","t":"FA7X"},"43EE":{"r":"VQ-BWB","t":"B738"},"453A":{"r":"VQ-BOZ","t":"A321"},"4546":{"r":"VQ-BPF","t":"B738"},"4547":{"r":"VQ-BOD","t":"A321"},"4548":{"r":"VQ-BOE","t":"A321"},"4549":{"r":"VQ-BOA","t":"A320"},"454A":{"r":"VQ-BPL","t":"A320"},"454B":{"r":"VQ-BMV","t":"A333"},"454C":{"r":"VQ-BMX","t":"A333"},"454D":{"r":"VQ-BMY","t":"A333"},"4553":{"r":"VQ-BPM","t":"B738"},"4554":{"r":"VQ-BPN","t":"A320"},"4556":{"r":"VQ-BOH","t":"A321"},"4557":{"r":"VQ-BOI","t":"A321"},"4558":{"r":"VQ-BRC","t":"A320"},"4559":{"r":"VQ-BRD","t":"A320"},"455A":{"r":"VQ-BNZ","t":"GLF6"},"455B":{"r":"VQ-BRG","t":"A320"},"455C":{"r":"VQ-BPO","t":"B735"},"455D":{"r":"VQ-BPP","t":"B735"},"455E":{"r":"VQ-BPQ","t":"B735"},"455F":{"r":"VQ-BPR","t":"B735"},"4560":{"r":"VQ-BPS","t":"B735"},"4562":{"r":"VQ-BRE","t":"A320"},"4563":{"r":"VQ-BRH","t":"B748"},"4564":{"r":"VQ-BRJ","t":"B748"},"4565":{"r":"VQ-BSK","t":"B748"},"4566":{"r":"VQ-BYT","t":"F900"},"4567":{"r":"VQ-BPI","t":"A333"},"4568":{"r":"VQ-BPJ","t":"A333"},"4569":{"r":"VQ-BPK","t":"A333"},"456D":{"r":"VQ-BBS","t":"B737"},"456F":{"r":"VQ-BQH","t":"A321"},"458F":{"r":"VQ-BPV","t":"A320"},"45A4":{"r":"VQ-BTH","t":"B738"},"45B2":{"r":"VQ-BPX","t":"B738"},"45BA":{"r":"VP-MNT","t":"BN2P"},"45F5":{"r":"VQ-BNG","t":"B738"},"45F6":{"r":"VQ-BNF","t":"A319"},"45F7":{"r":"VQ-BMM","t":"A319"},"45FA":{"r":"VQ-BNK","t":"B738"},"45FB":{"r":"VQ-BLR","t":"B748"},"45FD":{"r":"VQ-BMN","t":"A319"},"45FE":{"r":"VQ-BMO","t":"A319"},"45FF":{"r":"VQ-BNM","t":"B735"},"4600":{"r":"VQ-BNL","t":"CRJ1"},"4609":{"r":"VQ-BNH","t":"F900"},"460A":{"r":"VQ-BNR","t":"A320"},"460B":{"r":"VQ-BJW","t":"F900"},"460C":{"r":"VQ-BJO","t":"B737"},"460D":{"r":"VQ-BNT","t":"FA7X"},"460E":{"r":"VQ-BNS","t":"A320"},"460F":{"r":"VQ-BVQ","t":"A319"},"4611":{"r":"VQ-BNO","t":"B350"},"4612":{"r":"VQ-BNU","t":"B772"},"4615":{"r":"VQ-BOB","t":"A321"},"4616":{"r":"VQ-BOF","t":"A321"},"4617":{"r":"VQ-BOC","t":"A320"},"474A":{"r":"VP-CMY","t":"GLF4"},"474B":{"r":"VP-CMC","t":"GLF4"},"474F":{"r":"VP-COK","t":"CL60"},"4753":{"r":"VP-CAK","t":"GL5T"},"4758":{"r":"VP-CKK","t":"B739"},"475A":{"r":"VP-CSD","t":"H25B"},"4763":{"r":"VP-CUH","t":"FA7X"},"4764":{"r":"VP-CST","t":"CL60"},"48D9":{"r":"VQ-BMS","t":"B74S"},"48DA":{"r":"VQ-BAA","t":"FA7X"},"48DB":{"r":"VQ-BDE","t":"A320"},"48DC":{"r":"VQ-BAK","t":"B752"},"48DF":{"r":"VQ-BAE","t":"B735"},"48E0":{"r":"VQ-BAC","t":"B735"},"48E3":{"r":"VQ-BIA","t":"B744"},"48E4":{"r":"VQ-BAV","t":"A319"},"48E5":{"r":"VQ-BAU","t":"A319"},"48E6":{"r":"VQ-BAT","t":"A319"},"48E7":{"r":"VQ-BAS","t":"A319"},"48E8":{"r":"VQ-BAR","t":"A319"},"48E9":{"r":"VQ-BAQ","t":"A319"},"48EA":{"r":"VQ-BAG","t":"A320"},"48EB":{"r":"VQ-BAP","t":"B733"},"48EC":{"r":"VQ-BAN","t":"B734"},"48ED":{"r":"VQ-BAO","t":"B734"},"48EE":{"r":"VQ-BAM","t":"GLEX"},"48EF":{"r":"VQ-BAX","t":"A320"},"48F0":{"r":"VQ-BAY","t":"A320"},"48F1":{"r":"VQ-BAZ","t":"A320"},"48F2":{"r":"VQ-BBA","t":"A319"},"48F3":{"r":"VQ-BBB","t":"A320"},"48F4":{"r":"VQ-BBC","t":"A320"},"48F5":{"r":"VQ-BBD","t":"A319"},"48F6":{"r":"VQ-BBE","t":"A332"},"48F7":{"r":"VQ-BBF","t":"A332"},"48F8":{"r":"VQ-BBG","t":"A332"},"48FA":{"r":"VQ-BBI","t":"B763"},"48FD":{"r":"VQ-BBM","t":"A320"},"48FE":{"r":"VQ-BBN","t":"B735"},"48FF":{"r":"VQ-BBO","t":"B735"},"4901":{"r":"VQ-BFX","t":"B744"},"4902":{"r":"VQ-BBT","t":"B752"},"4903":{"r":"VQ-BBR","t":"B738"},"4904":{"r":"VQ-BJG","t":"B738"},"4905":{"r":"VQ-BJH","t":"B738"},"4906":{"r":"VQ-BBU","t":"B752"},"4911":{"r":"VQ-BCF","t":"B752"},"4912":{"r":"VQ-BCK","t":"B752"},"4913":{"r":"VQ-BCG","t":"A320"},"4914":{"r":"VQ-BCI","t":"A320"},"4915":{"r":"VQ-BCJ","t":"B738"},"4917":{"r":"VQ-BGN","t":"GLF5"},"4918":{"r":"VQ-BDD","t":"A318"},"4919":{"r":"VQ-BCE","t":"GLF4"},"491B":{"r":"VQ-BSC","t":"GLEX"},"491D":{"r":"VQ-BLA","t":"GLF5"},"491E":{"r":"VQ-BCM","t":"A320"},"491F":{"r":"VQ-BCN","t":"A320"},"4920":{"r":"VQ-BCO","t":"A319"},"4921":{"r":"VQ-BCP","t":"A319"},"4922":{"r":"VQ-BCQ","t":"A333"},"4923":{"r":"VQ-BCU","t":"A333"},"4924":{"r":"VQ-BCV","t":"A333"},"4925":{"r":"VQ-BDF","t":"A320"},"4926":{"r":"VQ-BCX","t":"A321"},"4927":{"r":"VQ-BCY","t":"A320"},"4928":{"r":"VQ-BCZ","t":"A320"},"4929":{"r":"VQ-BDA","t":"A321"},"492A":{"r":"VQ-BJA","t":"GLEX"},"492B":{"r":"VQ-BOS","t":"B738"},"492D":{"r":"VQ-BCW","t":"A333"},"492E":{"r":"VQ-BLV","t":"GLF5"},"492F":{"r":"VQ-BDI","t":"B737"},"4930":{"r":"VQ-BEB","t":"GLEX"},"4931":{"r":"VQ-BDJ","t":"A320"},"4932":{"r":"VQ-BDM","t":"A320"},"4933":{"r":"VQ-BDG","t":"CL60"},"4935":{"r":"VQ-BDQ","t":"A320"},"4936":{"r":"VQ-BDS","t":"GALX"},"4937":{"r":"VQ-BKI","t":"GLEX"},"4938":{"r":"VQ-BDN","t":"B738"},"4939":{"r":"VQ-BDO","t":"B738"},"493A":{"r":"VQ-BDP","t":"B738"},"493B":{"r":"VQ-BLU","t":"E135"},"493C":{"r":"VQ-BJI","t":"B738"},"493D":{"r":"VQ-BJJ","t":"B738"},"493E":{"r":"VQ-BJK","t":"B752"},"493F":{"r":"VQ-BMW","t":"B752"},"4940":{"r":"VQ-BEA","t":"A321"},"4941":{"r":"VQ-BED","t":"A321"},"4942":{"r":"VQ-BEE","t":"A321"},"4943":{"r":"VQ-BEF","t":"A321"},"4944":{"r":"VQ-BEG","t":"A321"},"4945":{"r":"VQ-BEH","t":"A320"},"4946":{"r":"VQ-BEI","t":"A321"},"4947":{"r":"VQ-BEJ","t":"A320"},"4948":{"r":"VQ-BEK","t":"A333"},"4949":{"r":"VQ-BEL","t":"A333"},"494A":{"r":"VQ-BPH","t":"H25B"},"494B":{"r":"VQ-BIS","t":"GLEX"},"494C":{"r":"VQ-BDY","t":"A320"},"494D":{"r":"VQ-BEP","t":"PRM1"},"494E":{"r":"VQ-BEO","t":"B737"},"494F":{"r":"VQ-BEM","t":"B738"},"4950":{"r":"VQ-BEN","t":"B738"},"4951":{"r":"VQ-BEQ","t":"A333"},"4952":{"r":"VQ-BER","t":"B737"},"4953":{"r":"VQ-BSN","t":"FA7X"},"4954":{"r":"VQ-BSO","t":"FA7X"},"4955":{"r":"VQ-BSP","t":"FA7X"},"4956":{"r":"VQ-BES","t":"A320"},"4957":{"r":"VQ-BET","t":"A320"},"495B":{"r":"VQ-BOG","t":"B763"},"4962":{"r":"VQ-BFN","t":"FA7X"},"4963":{"r":"VQ-BFM","t":"A320"},"4964":{"r":"VQ-BJX","t":"B738"},"4965":{"r":"VQ-BGS","t":"GLEX"},"4966":{"r":"VQ-BFE","t":"B350"},"4968":{"r":"VQ-BFP","t":"E135"},"4969":{"r":"VQ-BDR","t":"A320"},"496C":{"r":"VQ-BFV","t":"A320"},"496D":{"r":"VQ-BFW","t":"A320"},"496E":{"r":"VQ-BGG","t":"FA7X"},"496F":{"r":"VQ-BGY","t":"B744"},"4970":{"r":"VQ-BGZ","t":"B748"},"4972":{"r":"VQ-BEU","t":"A333"},"4975":{"r":"VQ-BHE","t":"B744"},"4976":{"r":"VQ-BHB","t":"B733"},"4977":{"r":"VQ-BHC","t":"B733"},"4978":{"r":"VQ-BHD","t":"B733"},"4983":{"r":"VQ-BMC","t":"GLF5"},"4984":{"r":"VQ-BNP","t":"GLEX"},"4985":{"r":"VQ-BHA","t":"FA7X"},"4986":{"r":"VQ-BZZ","t":"F900"},"4987":{"r":"VQ-BHP","t":"GLF5"},"4988":{"r":"VQ-BEZ","t":"B752"},"4989":{"r":"VQ-BEY","t":"B752"},"498A":{"r":"VQ-BHK","t":"A321"},"498B":{"r":"VQ-BHL","t":"A320"},"498C":{"r":"VQ-BHM","t":"A321"},"498D":{"r":"VQ-BHN","t":"A320"},"4999":{"r":"VQ-BHS","t":"A320"},"499A":{"r":"VQ-BOY","t":"B738"},"499B":{"r":"VQ-BHR","t":"B752"},"499C":{"r":"VQ-BDW","t":"B738"},"499D":{"r":"VQ-BDZ","t":"B738"},"499E":{"r":"VQ-BHY","t":"GLEX"},"499F":{"r":"VQ-BHO","t":"P180"},"49A0":{"r":"VQ-BHW","t":"B744"},"49A1":{"r":"VQ-BPT","t":"B763"},"49A9":{"r":"VQ-BMT","t":"GLF4"},"49AA":{"r":"VQ-BHZ","t":"B734"},"49AB":{"r":"VQ-BIC","t":"B734"},"49AC":{"r":"VQ-BID","t":"B734"},"49AD":{"r":"VQ-BIE","t":"B734"},"49AE":{"r":"VQ-BIF","t":"B734"},"49AF":{"r":"VQ-BIG","t":"B734"},"49B0":{"r":"VQ-BKE","t":"B752"},"49B2":{"r":"VQ-BIW","t":"A320"},"49B3":{"r":"VQ-BIR","t":"A320"},"49B4":{"r":"VQ-BIT","t":"A320"},"49B5":{"r":"VQ-BIV","t":"A320"},"49B6":{"r":"VQ-BIU","t":"A320"},"49B7":{"r":"VQ-BRA","t":"B763"},"49B8":{"r":"VQ-BIZ","t":"B738"},"49B9":{"r":"VQ-BMP","t":"B738"},"49BA":{"r":"VQ-BJC","t":"B738"},"49BB":{"r":"VQ-BIJ","t":"F2TH"},"49BD":{"r":"VQ-BJB","t":"B744"},"49BE":{"r":"VQ-BHX","t":"B744"},"49C2":{"r":"VQ-BJU","t":"B735"},"49C3":{"r":"VQ-BJT","t":"B735"},"49C4":{"r":"VQ-BJS","t":"B735"},"49C5":{"r":"VQ-BJQ","t":"B735"},"49C6":{"r":"VQ-BJP","t":"B735"},"49C8":{"r":"VQ-BJN","t":"B735"},"49C9":{"r":"VQ-BJM","t":"B735"},"49CA":{"r":"VQ-BJL","t":"B735"},"49CB":{"r":"VQ-BJV","t":"B735"},"49CC":{"r":"VQ-BKJ","t":"A321"},"49CD":{"r":"VQ-BKH","t":"A321"},"49CE":{"r":"VQ-BKG","t":"A321"},"49D1":{"r":"VQ-BKK","t":"A319"},"49D2":{"r":"VQ-BQF","t":"A332"},"49D3":{"r":"VQ-BKB","t":"B752"},"49D8":{"r":"VQ-BOK","t":"GLEX"},"49D9":{"r":"VQ-BKR","t":"B738"},"49DA":{"r":"VQ-BKU","t":"A320"},"49DB":{"r":"VQ-BKT","t":"A320"},"49DC":{"r":"VQ-BKS","t":"A320"},"49DD":{"r":"VQ-BQQ","t":"B738"},"49DE":{"r":"VQ-BQP","t":"B738"},"49DF":{"r":"VQ-BQR","t":"B738"},"49E0":{"r":"VQ-BQS","t":"B738"},"49E1":{"r":"VQ-BQW","t":"A319"},"49E3":{"r":"VQ-BKV","t":"B738"},"49E4":{"r":"VQ-BKW","t":"B738"},"49E5":{"r":"VQ-BTA","t":"B737"},"49E8":{"r":"VQ-BLO","t":"A320"},"49E9":{"r":"VQ-BLP","t":"FA7X"},"49EA":{"r":"VQ-BLQ","t":"B748"},"49EB":{"r":"VQ-BOX","t":"B752"},"49EC":{"r":"VQ-BLW","t":"B738"},"49ED":{"r":"VQ-BLX","t":"B738"},"49EF":{"r":"VQ-VQT","t":"B738"},"49F0":{"r":"VQ-BLY","t":"A319"},"49F1":{"r":"VQ-BMJ","t":"CL30"},"49F2":{"r":"VQ-BLS","t":"B737"},"49F3":{"r":"VQ-BLT","t":"B737"},"49FA":{"r":"VQ-BMU","t":"B763"},"49FB":{"r":"VQ-BMQ","t":"B763"},"49FC":{"r":"VQ-BQZ","t":"A333"},"49FD":{"r":"VQ-BQX","t":"A333"},"49FE":{"r":"VQ-BQY","t":"A333"}}