{"009":{"r":"ZH866","t":"C30J"},"00B":{"r":"ZE164","t":"TOR"},"00D":{"r":"ZE168","t":"TOR"},"024":{"r":"ZH879","t":"C30J"},"025":{"r":"ZH887","t":"C30J"},"034":{"r":"ZE793","t":"TOR"},"041":{"r":"ZH865","t":"C30J"},"04C":{"r":"ZH870","t":"C30J"},"04E":{"r":"ZZ175","t":"C17"},"06A":{"r":"ZH878","t":"C30J"},"06D":{"r":"ZJ118","t":"EH10"},"06E":{"r":"ZJ119","t":"EH10"},"06F":{"r":"ZJ120","t":"EH10"},"070":{"r":"ZJ121","t":"EH10"},"071":{"r":"ZJ122","t":"EH10"},"072":{"r":"ZJ123","t":"EH10"},"073":{"r":"ZJ124","t":"EH10"},"074":{"r":"ZJ125","t":"EH10"},"075":{"r":"ZJ126","t":"EH10"},"076":{"r":"ZJ127","t":"EH10"},"077":{"r":"ZJ128","t":"EH10"},"079":{"r":"ZE704","t":"L101"},"07A":{"r":"ZE705","t":"L101"},"07B":{"r":"ZE706","t":"L101"},"07D":{"r":"XW847","t":"GAZL"},"092":{"r":"XZ345","t":"GAZL"},"097":{"r":"XX399","t":"GAZL"},"099":{"r":"ZH871","t":"C30J"},"09A":{"r":"ZH888","t":"C30J"},"09B":{"r":"ZJ690","t":"GLEX"},"09C":{"r":"ZJ691","t":"GLEX"},"09D":{"r":"ZJ692","t":"GLEX"},"09E":{"r":"ZJ693","t":"GLEX"},"09F":{"r":"ZJ694","t":"GLEX"},"0A0":{"r":"XR807","t":"VC10"},"0A1":{"r":"XV102","t":"VC10"},"0A2":{"r":"XV104","t":"VC10"},"0A3":{"r":"XV106","t":"VC10"},"0A4":{"r":"XV108","t":"VC10"},"0A5":{"r":"XR808","t":"VC10"},"0A6":{"r":"XV101","t":"VC10"},"0A7":{"r":"XV105","t":"VC10"},"0A8":{"r":"XV107","t":"VC10"},"0A9":{"r":"XV109","t":"VC10"},"0AA":{"r":"ZA147","t":"VC10"},"0AB":{"r":"ZA148","t":"VC10"},"0AC":{"r":"ZA149","t":"VC10"},"0AD":{"r":"ZA150","t":"VC10"},"0AE":{"r":"ZJ783","t":"AS65"},"0B4":{"r":"XX405","t":"GAZL"},"0BF":{"r":"ZH867","t":"C30J"},"0CC":{"r":"XZ290","t":"GAZL"},"0D2":{"r":"XZ296","t":"GAZL"},"0DB":{"r":"ZH881","t":"C30J"},"0DD":{"r":"XX157","t":"HAWK"},"0E2":{"r":"XX162","t":"HAWK"},"0FF":{"r":"ZH882","t":"C30J"},"101":{"r":"XV196","t":"C130"},"102":{"r":"XV200","t":"C130"},"105":{"r":"XV295","t":"C130"},"106":{"r":"XV177","t":"C130"},"108":{"r":"XV188","t":"C130"},"10B":{"r":"XV202","t":"C130"},"10C":{"r":"XV209","t":"C130"},"10E":{"r":"XV214","t":"C130"},"10F":{"r":"ZH889","t":"C30J"},"114":{"r":"XZ323","t":"GAZL"},"125":{"r":"ZG998","t":"BN2T"},"127":{"r":"ZG995","t":"BN2T"},"128":{"r":"ZG996","t":"BN2T"},"129":{"r":"ZG997","t":"BN2T"},"12A":{"r":"ZH883","t":"C30J"},"12D":{"r":"XV221","t":"C130"},"12E":{"r":"XV290","t":"C130"},"131":{"r":"XV301","t":"C130"},"132":{"r":"XV303","t":"C130"},"133":{"r":"XV304","t":"C130"},"134":{"r":"XV305","t":"C130"},"136":{"r":"ZH877","t":"C30J"},"137":{"r":"XV249","t":"NIM"},"138":{"r":"XW664","t":"NIM"},"13B":{"r":"ZA371","t":"TOR"},"13E":{"r":"ZJ785","t":"AS65"},"142":{"r":"ZA560","t":"TOR"},"146":{"r":"ZE700","t":"B461"},"147":{"r":"ZE701","t":"B461"},"14B":{"r":"ZH868","t":"C30J"},"14E":{"r":"ZA594","t":"TOR"},"153":{"r":"ZA553","t":"TOR"},"155":{"r":"ZA542","t":"TOR"},"156":{"r":"ZE755","t":"TOR"},"15C":{"r":"ZH886","t":"C30J"},"15E":{"r":"ZD745","t":"TOR"},"15F":{"r":"ZA404","t":"TOR"},"163":{"r":"ZA595","t":"TOR"},"168":{"r":"ZA606","t":"TOR"},"169":{"r":"ZD712","t":"TOR"},"171":{"r":"ZZ171","t":"C17"},"172":{"r":"ZZ172","t":"C17"},"173":{"r":"ZZ173","t":"C17"},"174":{"r":"ZZ174","t":"C17"},"177":{"r":"ZG714","t":"TOR"},"179":{"r":"ZA598","t":"TOR"},"17D":{"r":"ZH874","t":"C30J"},"17E":{"r":"ZD848","t":"TOR"},"17F":{"r":"ZA458","t":"TOR"},"18C":{"r":"ZG779","t":"TOR"},"18D":{"r":"ZD844","t":"TOR"},"197":{"r":"ZA405","t":"TOR"},"198":{"r":"ZH869","t":"C30J"},"19B":{"r":"ZG705","t":"TOR"},"19D":{"r":"ZA592","t":"TOR"},"1A0":{"r":"ZA611","t":"TOR"},"1A2":{"r":"ZA614","t":"TOR"},"1A3":{"r":"ZA373","t":"TOR"},"1A4":{"r":"ZA562","t":"TOR"},"1A9":{"r":"ZA372","t":"TOR"},"1AA":{"r":"ZH873","t":"C30J"},"1AB":{"r":"ZH884","t":"C30J"},"1B2":{"r":"ZA370","t":"TOR"},"1B6":{"r":"ZG752","t":"TOR"},"1B8":{"r":"ZA401","t":"TOR"},"1BB":{"r":"ZD744","t":"TOR"},"1BC":{"r":"ZA393","t":"TOR"},"1BF":{"r":"ZD948","t":"L101"},"1C0":{"r":"ZD949","t":"L101"},"1C1":{"r":"ZD950","t":"L101"},"1C2":{"r":"ZD951","t":"L101"},"1C3":{"r":"ZD952","t":"L101"},"1C4":{"r":"ZD953","t":"L101"},"1C5":{"r":"ZK457"},"1C6":{"r":"ZZ176","t":"C17"},"1C7":{"r":"ZH885","t":"C30J"},"1C8":{"r":"ZA462","t":"TOR"},"1CA":{"r":"ZA406","t":"TOR"},"1CB":{"r":"ZD749","t":"TOR"},"1CD":{"r":"ZD788","t":"TOR"},"1D6":{"r":"ZA469","t":"TOR"},"1D7":{"r":"ZA473","t":"TOR"},"1D8":{"r":"ZA447","t":"TOR"},"1D9":{"r":"ZA453","t":"TOR"},"1E2":{"r":"ZJ703","t":"B412"},"1E4":{"r":"ZJ705","t":"B412"},"1E6":{"r":"ZJ707","t":"B412"},"1E7":{"r":"ZJ708","t":"B412"},"1E8":{"r":"ZH880","t":"C30J"},"1E9":{"r":"ZJ964","t":"B212"},"1EB":{"r":"ZJ966","t":"B212"},"1EC":{"r":"ZE432","t":"BA11"},"1EF":{"r":"XS606","t":"A748"},"1F0":{"r":"ZH763","t":"BA11"},"1F1":{"r":"ZH872","t":"C30J"},"1F3":{"r":"ZK450","t":"BE20"},"1F4":{"r":"ZK451","t":"BE20"},"1F5":{"r":"ZK452","t":"BE20"},"1F6":{"r":"ZK453","t":"BE20"},"1F7":{"r":"ZK454","t":"BE20"},"1F9":{"r":"ZJ133","t":"EH10"},"1FA":{"r":"ZJ134","t":"EH10"},"1FB":{"r":"ZJ135","t":"EH10"},"1FC":{"r":"ZJ136","t":"EH10"},"1FF":{"r":"ZH875","t":"C30J"},"200":{"r":"ZE416","t":"A109"},"201":{"r":"ZD620","t":"H25B"},"202":{"r":"ZD703","t":"H25A"},"203":{"r":"ZD621","t":"H25A"},"204":{"r":"ZD704","t":"H25A"},"205":{"r":"ZE395","t":"H25A"},"206":{"r":"ZE396","t":"H25A"},"208":{"r":"ZZ178","t":"C17"},"20A":{"r":"ZJ168","t":"H64"},"20B":{"r":"ZJ171","t":"H64"},"20C":{"r":"ZJ170","t":"H64"},"213":{"r":"XZ349","t":"GAZL"},"21C":{"r":"ZA772","t":"GAZL"},"224":{"r":"ZJ129","t":"EH10"},"225":{"r":"ZJ130","t":"EH10"},"226":{"r":"ZJ131","t":"EH10"},"227":{"r":"ZJ132","t":"EH10"},"22B":{"r":"ZB673","t":"GAZL"},"237":{"r":"ZB691","t":"GAZL"},"238":{"r":"ZB692","t":"GAZL"},"239":{"r":"ZB693","t":"GAZL"},"23D":{"r":"ZR321","t":"A109"},"23E":{"r":"ZR322","t":"A109"},"23F":{"r":"ZR323","t":"A109"},"240":{"r":"ZJ169","t":"H64"},"241":{"r":"ZJ172","t":"H64"},"243":{"r":"ZJ174","t":"H64"},"244":{"r":"ZJ175","t":"H64"},"245":{"r":"ZJ176","t":"H64"},"247":{"r":"ZJ178","t":"H64"},"248":{"r":"ZJ179","t":"H64"},"249":{"r":"ZJ180","t":"H64"},"24A":{"r":"ZJ181","t":"H64"},"24B":{"r":"ZJ182","t":"H64"},"24C":{"r":"ZJ183","t":"H64"},"24E":{"r":"ZJ185","t":"H64"},"24F":{"r":"ZJ186","t":"H64"},"250":{"r":"ZJ187","t":"H64"},"251":{"r":"ZJ188","t":"H64"},"252":{"r":"ZJ189","t":"H64"},"255":{"r":"ZJ192","t":"H64"},"257":{"r":"ZJ194","t":"H64"},"258":{"r":"ZJ195","t":"H64"},"25A":{"r":"ZJ197","t":"H64"},"25B":{"r":"ZJ198","t":"H64"},"25D":{"r":"ZJ200","t":"H64"},"25E":{"r":"ZJ166","t":"H64"},"25F":{"r":"ZJ202","t":"H64"},"260":{"r":"ZJ203","t":"H64"},"263":{"r":"ZJ206","t":"H64"},"264":{"r":"ZJ207","t":"H64"},"266":{"r":"ZJ209","t":"H64"},"267":{"r":"ZJ210","t":"H64"},"268":{"r":"ZJ211","t":"H64"},"269":{"r":"ZJ212","t":"H64"},"26A":{"r":"ZJ213","t":"H64"},"26B":{"r":"ZJ214","t":"H64"},"26C":{"r":"ZJ215","t":"H64"},"26D":{"r":"ZJ216","t":"H64"},"26E":{"r":"ZJ217","t":"H64"},"26F":{"r":"ZJ218","t":"H64"},"270":{"r":"ZJ219","t":"H64"},"271":{"r":"ZJ220","t":"H64"},"272":{"r":"ZJ221","t":"H64"},"273":{"r":"ZJ222","t":"H64"},"274":{"r":"ZJ223","t":"H64"},"275":{"r":"ZJ224","t":"H64"},"276":{"r":"ZJ225","t":"H64"},"277":{"r":"ZJ226","t":"H64"},"278":{"r":"ZJ227","t":"H64"},"279":{"r":"ZJ228","t":"H64"},"27B":{"r":"ZJ230","t":"H64"},"27C":{"r":"ZJ231","t":"H64"},"27D":{"r":"ZJ232","t":"H64"},"27E":{"r":"ZJ233","t":"H64"},"27F":{"r":"ZJ167","t":"H64"},"280":{"r":"ZK458","t":"BE20"},"281":{"r":"ZK459","t":"BE20"},"282":{"r":"XW198","t":"PUMA"},"283":{"r":"XW199","t":"PUMA"},"287":{"r":"XW204","t":"PUMA"},"28B":{"r":"XW209","t":"PUMA"},"28C":{"r":"XW210","t":"PUMA"},"28D":{"r":"XW211","t":"PUMA"},"28E":{"r":"XW212","t":"PUMA"},"28F":{"r":"XW213","t":"PUMA"},"290":{"r":"XW214","t":"PUMA"},"291":{"r":"XW216","t":"PUMA"},"292":{"r":"XW217","t":"PUMA"},"294":{"r":"XW219","t":"PUMA"},"295":{"r":"XW220","t":"PUMA"},"297":{"r":"XW222","t":"PUMA"},"298":{"r":"XW223","t":"PUMA"},"299":{"r":"XW224","t":"PUMA"},"29B":{"r":"XW226","t":"PUMA"},"29D":{"r":"XW229","t":"PUMA"},"29E":{"r":"XW231","t":"PUMA"},"2A1":{"r":"XW235","t":"PUMA"},"2A2":{"r":"XW236","t":"PUMA"},"2A3":{"r":"XW237","t":"PUMA"},"2A5":{"r":"ZA935","t":"PUMA"},"2A6":{"r":"ZA936","t":"PUMA"},"2A7":{"r":"ZA937","t":"PUMA"},"2A9":{"r":"ZA939","t":"PUMA"},"2AD":{"r":"ZJ954","t":"PUMA"},"2AE":{"r":"ZJ955","t":"PUMA"},"2AF":{"r":"ZJ956","t":"PUMA"},"2B0":{"r":"ZJ957","t":"PUMA"},"2B2":{"r":"ZZ416","t":"B350"},"2B3":{"r":"ZZ417","t":"B350"},"2B4":{"r":"ZZ418","t":"B350"},"2B5":{"r":"ZZ419","t":"B350"},"2B7":{"r":"ZH001","t":"BN2T"},"2B8":{"r":"ZH002","t":"BN2T"},"2B9":{"r":"ZH003","t":"BN2T"},"2BA":{"r":"ZH004","t":"BN2T"},"2BD":{"r":"XZ255","t":"LYNX"},"2C0":{"r":"XZ689","t":"LYNX"},"2C2":{"r":"XZ691","t":"LYNX"},"2C3":{"r":"XZ692","t":"LYNX"},"2C7":{"r":"ZF563","t":"LYNX"},"2C8":{"r":"XZ698","t":"LYNX"},"2C9":{"r":"XZ719","t":"LYNX"},"2CB":{"r":"XZ721","t":"LYNX"},"2CC":{"r":"XZ722","t":"LYNX"},"2CE":{"r":"XZ726","t":"LYNX"},"2D2":{"r":"XZ731","t":"LYNX"},"2D3":{"r":"XZ732","t":"LYNX"},"2D9":{"r":"ZD252","t":"LYNX"},"2DB":{"r":"ZD257","t":"LYNX"},"2DC":{"r":"ZD258","t":"LYNX"},"2DF":{"r":"ZD261","t":"LYNX"},"2E0":{"r":"ZD262","t":"LYNX"},"2E1":{"r":"ZG969","t":"PC9"},"2E4":{"r":"ZD266","t":"LYNX"},"2E6":{"r":"ZD268","t":"LYNX"},"2E8":{"r":"ZD566","t":"LYNX"},"2EE":{"r":"XF995","t":"HUNT"},"2EF":{"r":"XS709","t":"H25A"},"2F1":{"r":"XS712","t":"H25A"},"2F2":{"r":"XS713","t":"H25A"},"2F3":{"r":"XS727","t":"H25A"},"2F4":{"r":"XS728","t":"H25A"},"2F5":{"r":"XS730","t":"H25A"},"2F8":{"r":"XS737","t":"H25A"},"2F9":{"r":"XS739","t":"H25A"},"2FA":{"r":"XX453","t":"GAZL"},"30C":{"r":"ZH832","t":"EH10"},"30D":{"r":"ZH833","t":"EH10"},"317":{"r":"ZH845","t":"EH10"},"31B":{"r":"ZH849","t":"EH10"},"322":{"r":"ZH856","t":"EH10"},"324":{"r":"ZH858","t":"EH10"},"326":{"r":"ZH860","t":"EH10"},"32A":{"r":"ZH864","t":"EH10"},"32B":{"r":"ZH841","t":"EH10"},"33E":{"r":"ZA296","t":"S61"},"341":{"r":"ZA312","t":"S61"},"344":{"r":"ZA297","t":"S61"},"34A":{"r":"ZA298","t":"S61"},"34D":{"r":"ZA314","t":"S61"},"34E":{"r":"ZE425","t":"S61"},"353":{"r":"ZF117","t":"S61"},"354":{"r":"ZF121","t":"S61"},"35A":{"r":"ZG821","t":"S61"},"35B":{"r":"ZB507","t":"S61"},"35C":{"r":"ZA292","t":"S61"},"35F":{"r":"ZG822","t":"S61"},"362":{"r":"XV648","t":"S61"},"369":{"r":"XV673","t":"S61"},"36A":{"r":"XV670","t":"S61"},"36D":{"r":"XV661","t":"S61"},"372":{"r":"ZJ946","t":"EUFI"},"383":{"r":"ZH537","t":"BN2P"},"384":{"r":"ZG844","t":"BN2T"},"385":{"r":"ZG845","t":"BN2T"},"386":{"r":"ZG846","t":"BN2T"},"387":{"r":"ZG847","t":"BN2T"},"388":{"r":"ZG848","t":"BN2T"},"389":{"r":"ZG993","t":"BN2T"},"38A":{"r":"ZH536","t":"BN2P"},"38B":{"r":"ZF573","t":"BN2P"},"38C":{"r":"ZZ664","t":"R135"},"38F":{"r":"ZA947","t":"DC3"},"390":{"r":"LF363","t":"HURI"},"391":{"r":"PZ865","t":"HURI"},"392":{"r":"PA474","t":"LANC"},"393":{"r":"P7350","t":"SPIT"},"394":{"r":"AB910","t":"SPIT"},"395":{"r":"MK356","t":"SPIT"},"396":{"r":"TE311","t":"SPIT"},"397":{"r":"PM631","t":"SPIT"},"398":{"r":"PS915","t":"SPIT"},"399":{"r":"ZJ780","t":"AS65"},"39A":{"r":"ZJ781","t":"AS65"},"39B":{"r":"ZJ782","t":"AS65"},"39F":{"r":"ZH101","t":"E3CF"},"3A0":{"r":"ZH102","t":"E3CF"},"3A1":{"r":"ZH103","t":"E3CF"},"3A2":{"r":"ZH104","t":"E3CF"},"3A4":{"r":"ZH106","t":"E3CF"},"3A5":{"r":"ZH107","t":"E3CF"},"3AA":{"r":"ZD321","t":"HAR"},"3B3":{"r":"ZD348","t":"HAR"},"3BB":{"r":"ZD380","t":"HAR"},"3BC":{"r":"ZD401","t":"HAR"},"3BE":{"r":"ZD403","t":"HAR"},"3CA":{"r":"ZD436","t":"HAR"},"3CB":{"r":"ZD437","t":"HAR"},"3D1":{"r":"ZD467","t":"HAR"},"3D2":{"r":"ZD468","t":"HAR"},"3D6":{"r":"ZD470","t":"HAR"},"3E2":{"r":"ZG503","t":"HAR"},"3EE":{"r":"ZG857","t":"HAR"},"3F0":{"r":"ZG859","t":"HAR"},"3F2":{"r":"ZG862","t":"HAR"},"3FC":{"r":"ZH664","t":"HAR"},"403":{"r":"XX198","t":"HAWK"},"407":{"r":"XX202","t":"HAWK"},"408":{"r":"XX203","t":"HAWK"},"40B":{"r":"XX217","t":"HAWK"},"421":{"r":"XX242","t":"HAWK"},"424":{"r":"XX246","t":"HAWK"},"42B":{"r":"XX255","t":"HAWK"},"42D":{"r":"XX258","t":"HAWK"},"435":{"r":"XX280","t":"HAWK"},"439":{"r":"XX285","t":"HAWK"},"43C":{"r":"XX289","t":"HAWK"},"443":{"r":"XX301","t":"HAWK"},"452":{"r":"XX318","t":"HAWK"},"458":{"r":"XX324","t":"HAWK"},"45B":{"r":"XX327","t":"HAWK"},"45C":{"r":"XX329","t":"HAWK"},"45F":{"r":"XX332","t":"HAWK"},"461":{"r":"XX337","t":"HAWK"},"463":{"r":"XX339","t":"HAWK"},"465":{"r":"XX346","t":"HAWK"},"47A":{"r":"ZK010","t":"HAWK"},"47B":{"r":"ZK011","t":"HAWK"},"480":{"r":"ZJ800","t":"EUFI"},"481":{"r":"ZJ801","t":"EUFI"},"483":{"r":"ZJ803","t":"EUFI"},"484":{"r":"ZJ804","t":"EUFI"},"486":{"r":"ZJ806","t":"EUFI"},"488":{"r":"ZJ808","t":"EUFI"},"48C":{"r":"ZJ812","t":"EUFI"},"48D":{"r":"ZJ813","t":"EUFI"},"491":{"r":"ZJ911","t":"EUFI"},"492":{"r":"ZJ912","t":"EUFI"},"493":{"r":"ZJ913","t":"EUFI"},"495":{"r":"ZJ915","t":"EUFI"},"496":{"r":"ZJ916","t":"EUFI"},"49A":{"r":"ZJ920","t":"EUFI"},"4A5":{"r":"ZJ931","t":"EUFI"},"4A7":{"r":"ZJ933","t":"EUFI"},"4A8":{"r":"ZJ934","t":"EUFI"},"4A9":{"r":"ZJ935","t":"EUFI"},"4AD":{"r":"ZJ939","t":"EUFI"},"4BA":{"r":"ZA718","t":"H47"},"4BB":{"r":"ZA681","t":"H47"},"4BC":{"r":"ZA710","t":"H47"},"4BD":{"r":"ZA674","t":"H47"},"4BE":{"r":"ZA714","t":"H47"},"4BF":{"r":"ZA704","t":"H47"},"4C0":{"r":"ZA671","t":"H47"},"4C1":{"r":"ZA682","t":"H47"},"4C2":{"r":"ZA675","t":"H47"},"4C3":{"r":"ZA684","t":"H47"},"4C4":{"r":"ZA677","t":"H47"},"4C5":{"r":"ZA713","t":"H47"},"4C6":{"r":"ZA679","t":"H47"},"4C7":{"r":"ZD984","t":"H47"},"4C8":{"r":"ZA712"},"4CA":{"r":"ZA708","t":"H47"},"4CC":{"r":"ZA720","t":"H47"},"4CD":{"r":"ZD574","t":"H47"},"4CE":{"r":"ZD983","t":"H47"},"4CF":{"r":"ZD575","t":"H47"},"4D0":{"r":"ZA680","t":"H47"},"4D1":{"r":"ZA707","t":"H47"},"4D2":{"r":"ZA711","t":"H47"},"4D3":{"r":"ZD980","t":"H47"},"4D5":{"r":"ZD981","t":"H47"},"4D6":{"r":"ZA705","t":"H47"},"4D7":{"r":"ZA683","t":"H47"},"4D8":{"r":"ZA670","t":"H47"},"4D9":{"r":"ZH775","t":"H47"},"4DA":{"r":"ZH776","t":"H47"},"4DB":{"r":"ZH777","t":"H47"},"4DC":{"r":"ZH891","t":"H47"},"4DD":{"r":"ZH892"},"4DE":{"r":"ZH893","t":"H47"},"4DF":{"r":"ZH894","t":"H47"},"4E0":{"r":"ZH895","t":"H47"},"4E1":{"r":"ZH896","t":"H47"},"4E5":{"r":"XZ176","t":"LYNX"},"4E8":{"r":"XZ179","t":"LYNX"},"4E9":{"r":"XZ180","t":"LYNX"},"4EA":{"r":"XZ182","t":"LYNX"},"4EC":{"r":"XZ184","t":"LYNX"},"4EE":{"r":"XZ190","t":"LYNX"},"4EF":{"r":"XZ191","t":"LYNX"},"4F0":{"r":"XZ192","t":"LYNX"},"4F2":{"r":"XZ194","t":"LYNX"},"4F4":{"r":"XZ196","t":"LYNX"},"4F5":{"r":"XZ203","t":"LYNX"},"4F8":{"r":"XZ208","t":"LYNX"},"4FA":{"r":"XZ210","t":"LYNX"},"4FB":{"r":"XZ211","t":"LYNX"},"4FD":{"r":"XZ214","t":"LYNX"},"4FE":{"r":"XZ215","t":"LYNX"},"4FF":{"r":"XZ216","t":"LYNX"},"500":{"r":"XZ217","t":"LYNX"},"502":{"r":"XZ220","t":"LYNX"},"503":{"r":"XZ221","t":"LYNX"},"504":{"r":"XZ222","t":"LYNX"},"505":{"r":"XZ605","t":"LYNX"},"506":{"r":"XZ606","t":"LYNX"},"508":{"r":"XZ608","t":"LYNX"},"50B":{"r":"XZ612","t":"LYNX"},"50F":{"r":"XZ617","t":"LYNX"},"510":{"r":"XZ617","t":"LYNX"},"511":{"r":"XZ641","t":"LYNX"},"512":{"r":"XZ642","t":"LYNX"},"513":{"r":"XZ643","t":"LYNX"},"514":{"r":"XZ645","t":"LYNX"},"517":{"r":"XZ651","t":"LYNX"},"518":{"r":"XZ652","t":"LYNX"},"519":{"r":"XZ653","t":"LYNX"},"51A":{"r":"XZ654","t":"LYNX"},"51C":{"r":"XZ661","t":"LYNX"},"51E":{"r":"XZ669","t":"LYNX"},"522":{"r":"XZ674","t":"LYNX"},"523":{"r":"XZ675","t":"LYNX"},"525":{"r":"XZ677","t":"LYNX"},"527":{"r":"XZ679","t":"LYNX"},"528":{"r":"XZ680","t":"LYNX"},"52B":{"r":"ZD274","t":"LYNX"},"52D":{"r":"ZD277","t":"LYNX"},"52E":{"r":"ZD278","t":"LYNX"},"530":{"r":"ZD280","t":"LYNX"},"531":{"r":"ZD281","t":"LYNX"},"532":{"r":"ZD282","t":"LYNX"},"533":{"r":"ZD283","t":"LYNX"},"534":{"r":"ZD284","t":"LYNX"},"537":{"r":"ZE375","t":"LYNX"},"538":{"r":"ZE378","t":"LYNX"},"539":{"r":"ZE380","t":"LYNX"},"53A":{"r":"ZF537","t":"LYNX"},"53B":{"r":"ZF538","t":"LYNX"},"53C":{"r":"ZF539","t":"LYNX"},"53F":{"r":"ZG885","t":"LYNX"},"542":{"r":"ZG888","t":"LYNX"},"543":{"r":"ZG889","t":"LYNX"},"544":{"r":"ZG914","t":"LYNX"},"546":{"r":"ZG916","t":"LYNX"},"547":{"r":"ZG917","t":"LYNX"},"548":{"r":"ZG918","t":"LYNX"},"54B":{"r":"ZG921","t":"LYNX"},"54D":{"r":"ZG923","t":"LYNX"},"54E":{"r":"ZK206","t":"B212"},"550":{"r":"ZK013","t":"HAWK"},"552":{"r":"ZK015","t":"HAWK"},"554":{"r":"ZK017","t":"HAWK"},"556":{"r":"ZK019","t":"HAWK"},"557":{"r":"ZK020","t":"HAWK"},"559":{"r":"ZK022","t":"HAWK"},"55C":{"r":"ZK025","t":"HAWK"},"55F":{"r":"ZK028","t":"HAWK"},"560":{"r":"ZK029","t":"HAWK"},"561":{"r":"ZK030","t":"HAWK"},"562":{"r":"ZK031","t":"HAWK"},"563":{"r":"ZK032","t":"HAWK"},"564":{"r":"ZK033","t":"HAWK"},"565":{"r":"ZK034","t":"HAWK"},"567":{"r":"ZK036","t":"HAWK"},"568":{"r":"ZK037","t":"HAWK"},"56A":{"r":"ZH005","t":"BN2T"},"5BA":{"r":"ZJ645","t":"AJET"},"5BB":{"r":"ZJ646","t":"AJET"},"5BC":{"r":"ZJ647","t":"AJET"},"5BD":{"r":"ZJ648","t":"AJET"},"5BE":{"r":"ZJ649","t":"AJET"},"5C0":{"r":"ZJ651","t":"AJET"},"5C1":{"r":"XX154","t":"HAWK"},"5C2":{"r":"XX341","t":"HAWK"},"5C3":{"r":"XX342","t":"HAWK"},"5C4":{"r":"ZF510","t":"TUCA"},"5C5":{"r":"ZF511","t":"TUCA"},"5C7":{"r":"ZB506","t":"S61"},"5C8":{"r":"ZF622","t":"PA31"},"5CB":{"r":"XX449","t":"GAZL"},"5CC":{"r":"XZ936","t":"GAZL"},"5D0":{"r":"ZD902","t":"TOR"},"5DA":{"r":"ZM400","t":"A400"},"5F3":{"r":"QQ101","t":"RJ1H"},"5F4":{"r":"ZH897","t":"H47"},"5F5":{"r":"ZH898","t":"H47"},"5F6":{"r":"ZH899","t":"H47"},"5F7":{"r":"ZH900","t":"H47"},"5F8":{"r":"ZH901","t":"H47"},"5F9":{"r":"ZH902","t":"H47"},"5FA":{"r":"ZH903","t":"H47"},"5FB":{"r":"ZH904","t":"H47"},"5FC":{"r":"ZJ242","t":"B412"},"5FE":{"r":"ZJ238","t":"B412"},"5FF":{"r":"ZJ236","t":"B412"},"600":{"r":"ZJ235","t":"B412"},"601":{"r":"ZJ237","t":"B412"},"602":{"r":"ZJ239","t":"B412"},"603":{"r":"ZJ240","t":"B412"},"60E":{"r":"ZK306","t":"EUFI"},"612":{"r":"ZJ990","t":"EH10"},"613":{"r":"ZJ992","t":"EH10"},"614":{"r":"ZJ994","t":"EH10"},"615":{"r":"ZJ995","t":"EH10"},"616":{"r":"ZJ998","t":"EH10"},"617":{"r":"ZK001","t":"EH10"},"618":{"r":"ZZ500","t":"B350"},"619":{"r":"ZZ501","t":"B350"},"61A":{"r":"ZZ502","t":"B350"},"61B":{"r":"ZZ503","t":"B350"},"61D":{"r":"ZZ504","t":"B350"},"632":{"r":"ZH541","t":"S61"},"634":{"r":"ZH543","t":"S61"},"67F":{"r":"ZF244","t":"TUCA"},"694":{"r":"ZF374","t":"TUCA"},"6B5":{"r":"ZK455","t":"BE20"},"6B6":{"r":"ZK456","t":"BE20"},"6B7":{"r":"ZK460","t":"BE20"},"6B8":{"r":"ZZ177","t":"C17"},"6C5":{"r":"ZZ413","t":"LYNX"},"6D3":{"r":"ZK320","t":"EUFI"},"6D5":{"r":"ZK322","t":"EUFI"},"6D8":{"r":"ZK325","t":"EUFI"},"6D9":{"r":"ZK326","t":"EUFI"},"6DA":{"r":"ZK327","t":"EUFI"},"6E0":{"r":"ZZ376","t":"LYNX"},"6F3":{"r":"ZZ330","t":"A332"},"6F4":{"r":"ZZ331","t":"A332"},"6F5":{"r":"ZZ332","t":"A332"},"6F6":{"r":"ZZ333","t":"A332"},"6F7":{"r":"ZZ334","t":"A332"},"6F8":{"r":"ZZ335","t":"A332"},"6FA":{"r":"ZZ337","t":"A332"},"6FB":{"r":"ZZ338","t":"A332"},"704":{"r":"ZE707","t":"B462"},"705":{"r":"ZE708","t":"B462"},"70B":{"r":"ZK349","t":"EUFI"},"70E":{"r":"ZK383","t":"EUFI"},"710":{"r":"ZJ253","t":"AS50"},"711":{"r":"ZJ280","t":"AS50"},"712":{"r":"ZJ279","t":"AS50"},"714":{"r":"ZJ277","t":"AS50"},"719":{"r":"ZJ272","t":"AS50"},"71A":{"r":"ZJ271","t":"AS50"},"71B":{"r":"ZJ270","t":"AS50"},"71C":{"r":"ZJ269","t":"AS50"},"71D":{"r":"ZJ268","t":"AS50"},"71F":{"r":"ZJ266","t":"AS50"},"725":{"r":"ZJ257","t":"AS50"},"726":{"r":"ZJ256","t":"AS50"},"727":{"r":"ZJ255","t":"AS50"},"728":{"r":"ZJ254","t":"AS50"},"72B":{"r":"ZJ250","t":"AS50"},"72D":{"r":"ZJ248","t":"AS50"},"72E":{"r":"ZJ246","t":"AS50"},"72F":{"r":"ZJ245","t":"AS50"},"739":{"r":"ZK311","t":"EUFI"},"743":{"r":"ZJ947","t":"EUFI"},"77C":{"r":"ZK353","t":"EUFI"},"AE8":{"r":"ZK334","t":"EUFI"},"AED":{"r":"ZK339","t":"EUFI"}}