{"1C0D":{"r":"LZ-TRH","t":"LJ60"},"1C24":{"r":"LZ-ASP","t":"P180"},"1C29":{"r":"LZ-VBD","t":"CL60"},"1C30":{"r":"LZ-FIA","t":"GLF5"},"1C31":{"r":"LZ-YUR","t":"CL60"},"1C32":{"r":"LZ-FNB","t":"C25A"},"1C34":{"r":"LZ-GMV","t":"C550"},"1C35":{"r":"LZ-FNA","t":"C525"},"1C36":{"r":"LZ-YUP","t":"CL60"},"1C3E":{"r":"LZ-DIN","t":"C525"},"1C42":{"r":"LZ-OOI","t":"F2TH"},"1C48":{"r":"LZ-BHD","t":"A320"},"1C61":{"r":"LZ-ABV","t":"C550"},"1C67":{"r":"LZ-FIB","t":"GALX"},"1C6C":{"r":"LZ-BVV","t":"LJ60"},"1C72":{"r":"LZ-YUN","t":"CL60"},"1C78":{"r":"LZ-BVE","t":"LJ60"},"1CC1":{"r":"LZ-PLO","t":"E190"},"1CC2":{"r":"LZ-ABR","t":"AN26"},"1D85":{"r":"LZ-SOF","t":"E190"},"1D86":{"r":"LZ-VAR","t":"E190"},"1D87":{"r":"LZ-BHG","t":"A320"},"1D88":{"r":"LZ-BHH","t":"A320"},"1D8C":{"r":"LZ-BUR","t":"E190"},"1D8F":{"r":"LZ-EVB","t":"PRM1"},"1D99":{"r":"LZ-CGS","t":"B734"},"1DA0":{"r":"LZ-AWA","t":"A332"},"1DA8":{"r":"LZ-FLL","t":"AN26"},"1DB0":{"r":"LZ-BHI","t":"A320"},"1E1F":{"r":"LZ-BOQ","t":"B735"},"1E21":{"r":"LZ-BOT","t":"B733"},"1E22":{"r":"LZ-HVB","t":"B733"},"1E23":{"r":"LZ-BOU","t":"B733"},"1E24":{"r":"LZ-BOV","t":"B733"},"1E25":{"r":"LZ-BOW","t":"B733"},"1E27":{"r":"LZ-CGO","t":"B733"},"1E28":{"r":"LZ-CGP","t":"B733"},"1E29":{"r":"LZ-CGQ","t":"B733"},"1E2B":{"r":"LZ-CGR","t":"B734"},"1E81":{"r":"LZ-BHB","t":"A320"},"1E82":{"r":"LZ-BHC","t":"A320"},"1E83":{"r":"LZ-WZA","t":"A320"},"1E84":{"r":"LZ-MDA","t":"A320"},"1E85":{"r":"LZ-MDM","t":"A320"},"1E86":{"r":"LZ-MDT","t":"A320"},"1E87":{"r":"LZ-BHE","t":"A320"},"1E89":{"r":"LZ-MDB","t":"A320"},"1E8A":{"r":"LZ-WZB","t":"A320"},"1E8B":{"r":"LZ-FBA","t":"A319"},"1E8C":{"r":"LZ-FBB","t":"A319"},"1E8D":{"r":"LZ-FBC","t":"A320"},"1E8E":{"r":"LZ-FBD","t":"A320"},"1E8F":{"r":"LZ-FBF","t":"A319"},"1E90":{"r":"LZ-FBE","t":"A320"},"1E91":{"r":"LZ-AOA","t":"A319"},"1E92":{"r":"LZ-AOB","t":"A319"},"1E93":{"r":"LZ-MDC","t":"A320"},"1E94":{"r":"LZ-MDD","t":"A320"},"1E95":{"r":"LZ-WZC","t":"A320"},"1E96":{"r":"LZ-BHF","t":"A320"},"1E97":{"r":"LZ-MDR","t":"A320"},"1E98":{"r":"LZ-WOW","t":"A320"},"1F04":{"r":"LZ-LDK","t":"MD82"},"1F06":{"r":"LZ-LDC","t":"MD82"},"1F0F":{"r":"LZ-LDP","t":"MD82"},"1F85":{"r":"LZ-HBE","t":"B463"},"1F89":{"r":"LZ-TIM","t":"RJ70"},"1F8A":{"r":"LZ-BPS","t":"ATP"},"860D":{"r":"OY-APM","t":"GLF4"},"8906":{"r":"OY-BHF","t":"PA31"},"8A9A":{"r":"OY-BTZ","t":"PA31"},"8AD7":{"r":"OY-BVW","t":"BE20"},"8C6A":{"r":"OY-CCJ","t":"LJ35"},"8CB6":{"r":"OY-CEV","t":"C500"},"8D14":{"r":"OY-CHT","t":"AT43"},"8D2A":{"r":"OY-CIJ","t":"AT45"},"8D2B":{"r":"OY-CIK","t":"AT45"},"8D2C":{"r":"OY-CIL","t":"AT45"},"8D2E":{"r":"OY-CIN","t":"AT72"},"8D32":{"r":"OY-CIR","t":"AT43"},"8D35":{"r":"OY-CIU"},"8D4E":{"r":"OY-CJN","t":"BE40"},"8D66":{"r":"OY-CKF","t":"F2TH"},"8D68":{"r":"OY-CKH","t":"F2TH"},"8D69":{"r":"OY-CKI","t":"F2TH"},"8D6A":{"r":"OY-CKJ","t":"C560"},"8D6B":{"r":"OY-CKK","t":"C56X"},"8D6E":{"r":"OY-CKN","t":"F2TH"},"8D70":{"r":"OY-CKP","t":"BE20"},"8D73":{"r":"OY-CKS","t":"BN2P"},"8D74":{"r":"OY-CKT","t":"C560"},"8D8E":{"r":"OY-CLN","t":"F2TH"},"8D90":{"r":"OY-CLP","t":"C650"},"8D93":{"r":"OY-CLS","t":"FA7X"},"8F36":{"r":"OY-CYV","t":"C550"},"90C4":{"r":"OY-DFD","t":"M20P"},"9156":{"r":"OY-DJV","t":"P68"},"9490":{"r":"OY-EDP","t":"C650"},"9544":{"r":"OY-EJD","t":"F2TH"},"9563":{"r":"OY-EKC","t":"FA7X"},"9573":{"r":"OY-EKS","t":"CL30"},"96CF":{"r":"OY-EVO","t":"C550"},"9934":{"r":"OY-FIT","t":"GL5T"},"9AEF":{"r":"OY-FWO","t":"FA7X"},"9C42":{"r":"OY-GBB","t":"CL60"},"9CA6":{"r":"OY-GEF","t":"BE20"},"9D63":{"r":"OY-GKC","t":"C56X"},"9D6A":{"r":"OY-GKJ","t":"F2TH"},"9E4E":{"r":"OY-GRN","t":"A332"},"9E61":{"r":"OY-GSA","t":"PC12"},"9E62":{"r":"OY-GSB","t":"PC12"},"9EC7":{"r":"OY-GVG","t":"GLF4"},"9EC9":{"r":"OY-GVI","t":"GL5T"},"9EEB":{"r":"OY-GWK","t":"F2TH"},"A142":{"r":"OY-HJB","t":"EC55"},"A587":{"r":"OY-ILG","t":"GLEX"},"A6CB":{"r":"OY-IVK","t":"F900"},"A829":{"r":"OY-JAI","t":"C500"},"A84A":{"r":"OY-JBJ","t":"H25B"},"A885":{"r":"OY-JDE","t":"FA7X"},"A941":{"r":"OY-JJA","t":"H25B"},"A942":{"r":"OY-JJB","t":"J328"},"A94F":{"r":"OY-JJO","t":"BE40"},"A9A3":{"r":"OY-JMC","t":"C525"},"AA0A":{"r":"OY-JPJ","t":"C650"},"AA55":{"r":"OY-JRU","t":"MD87"},"AA59":{"r":"OY-JRY"},"AA81":{"r":"OY-JTA","t":"B733"},"AA82":{"r":"OY-JTB","t":"B733"},"AA83":{"r":"OY-JTC","t":"B733"},"AA84":{"r":"OY-JTD","t":"B733"},"AA85":{"r":"OY-JTE","t":"B733"},"AA86":{"r":"OY-JTF","t":"B733"},"AA88":{"r":"OY-JTH","t":"B733"},"AA89":{"r":"OY-JTI","t":"B734"},"AA8A":{"r":"OY-JTJ","t":"B733"},"AA8B":{"r":"OY-JTK","t":"B734"},"AA8C":{"r":"OY-JTL","t":"B734"},"AA8D":{"r":"OY-JTM","t":"B734"},"AA93":{"r":"OY-JTS","t":"B737"},"AA94":{"r":"OY-JTT","t":"B737"},"AA95":{"r":"OY-JTU","t":"B737"},"AA96":{"r":"OY-JTV","t":"B737"},"AA97":{"r":"OY-JTW","t":"B737"},"AA99":{"r":"OY-JTY","t":"B737"},"AA9A":{"r":"OY-JTZ","t":"B737"},"AC2C":{"r":"OY-KAL","t":"A320"},"AC2D":{"r":"OY-KAM","t":"A320"},"AC2E":{"r":"OY-KAN","t":"A320"},"AC2F":{"r":"OY-KAO","t":"A320"},"AC30":{"r":"OY-KAP","t":"A320"},"AC32":{"r":"OY-KAR","t":"A320"},"AC33":{"r":"OY-KAS","t":"A320"},"AC34":{"r":"OY-KAT","t":"A320"},"AC35":{"r":"OY-KAU","t":"A320"},"AC37":{"r":"OY-KAW","t":"A320"},"AC39":{"r":"OY-KAY","t":"A320"},"AC41":{"r":"OY-KBA","t":"A343"},"AC42":{"r":"OY-KBB","t":"A321"},"AC43":{"r":"OY-KBC","t":"A343"},"AC44":{"r":"OY-KBD","t":"A343"},"AC45":{"r":"OY-KBE","t":"A321"},"AC46":{"r":"OY-KBF","t":"A321"},"AC48":{"r":"OY-KBH","t":"A321"},"AC49":{"r":"OY-KBI","t":"A343"},"AC4B":{"r":"OY-KBK","t":"A321"},"AC4C":{"r":"OY-KBL","t":"A321"},"AC4D":{"r":"OY-KBM","t":"A343"},"AC4E":{"r":"OY-KBN","t":"A333"},"AC4F":{"r":"OY-KBO","t":"A319"},"AC50":{"r":"OY-KBP","t":"A319"},"AC52":{"r":"OY-KBR","t":"A319"},"AC54":{"r":"OY-KBT","t":"A319"},"ACC1":{"r":"OY-KFA","t":"CRJ9"},"ACC2":{"r":"OY-KFB","t":"CRJ9"},"ACC3":{"r":"OY-KFC","t":"CRJ9"},"ACC4":{"r":"OY-KFD","t":"CRJ9"},"ACC5":{"r":"OY-KFE","t":"CRJ9"},"ACC6":{"r":"OY-KFF","t":"CRJ9"},"ACC7":{"r":"OY-KFG","t":"CRJ9"},"ACC8":{"r":"OY-KFH","t":"CRJ9"},"ACC9":{"r":"OY-KFI","t":"CRJ9"},"ACCB":{"r":"OY-KFK","t":"CRJ9"},"ACCC":{"r":"OY-KFL","t":"CRJ9"},"ACF4":{"r":"OY-KGT","t":"MD82"},"AD03":{"r":"OY-KHC","t":"MD82"},"AD05":{"r":"OY-KHE","t":"MD82"},"AD07":{"r":"OY-KHG","t":"MD82"},"AD0D":{"r":"OY-KHM","t":"MD82"},"AD0E":{"r":"OY-KHN","t":"MD81"},"AD10":{"r":"OY-KHP","t":"MD81"},"AD15":{"r":"OY-KHU","t":"MD87"},"AD73":{"r":"OY-KKS","t":"B736"},"AD87":{"r":"OY-KLG","t":"C560"},"AED0":{"r":"OY-KVP","t":"LJ45"},"B0E9":{"r":"OY-LGI","t":"GLEX"},"B103":{"r":"OY-LHC","t":"AT73"},"B14A":{"r":"OY-LJJ","t":"LJ45"},"B1C1":{"r":"OY-LNA","t":"GLEX"},"B215":{"r":"OY-LPU","t":"C510"},"B2AB":{"r":"OY-LUK","t":"GLEX"},"B449":{"r":"OY-MBI","t":"CRJ2"},"B44A":{"r":"OY-MBJ","t":"CRJ2"},"B454":{"r":"OY-MBT","t":"CRJ2"},"B4AE":{"r":"OY-MEN","t":"B350"},"B4EF":{"r":"OY-MGO","t":"F2TH"},"B501":{"r":"OY-MHA","t":"F2TH"},"B50D":{"r":"OY-MHM","t":"FA7X"},"B524":{"r":"OY-MID","t":"PC12"},"B5AD":{"r":"OY-MMM","t":"CL60"},"B645":{"r":"OY-MRE","t":"B737"},"B646":{"r":"OY-MRF","t":"B737"},"B647":{"r":"OY-MRG","t":"B737"},"B648":{"r":"OY-MRH","t":"B737"},"B653":{"r":"OY-MRS","t":"B737"},"B655":{"r":"OY-MRU","t":"B737"},"B669":{"r":"OY-MSI","t":"GLEX"},"B824":{"r":"OY-NAD","t":"CL60"},"B833":{"r":"OY-NAS","t":"SR22"},"B864":{"r":"OY-NCD","t":"D328"},"B865":{"r":"OY-NCE","t":"D328"},"B86C":{"r":"OY-NCL","t":"J328"},"B86D":{"r":"OY-NCM","t":"J328"},"B86E":{"r":"OY-NCN","t":"J328"},"B86F":{"r":"OY-NCO","t":"J328"},"B870":{"r":"OY-NCP","t":"J328"},"B872":{"r":"OY-NCR","t":"J328"},"B874":{"r":"OY-NCT","t":"J328"},"B875":{"r":"OY-NCU","t":"J328"},"B890":{"r":"OY-NDP","t":"C25A"},"B956":{"r":"OY-NJV","t":"PA31"},"B981":{"r":"OY-NLA","t":"C650"},"B9C1":{"r":"OY-NNA","t":"CRJ2"},"BA02":{"r":"OY-NPB","t":"SW4"},"BA04":{"r":"OY-NPD","t":"SW4"},"BA05":{"r":"OY-NPE","t":"SW4"},"BA95":{"r":"OY-NTU","t":"B737"},"BD6B":{"r":"OY-OKK","t":"F900"},"C06D":{"r":"OY-PCM","t":"BE9L"},"C10B":{"r":"OY-PHK","t":"P28A"},"C1CF":{"r":"OY-PNO","t":"F2TH"},"C213":{"r":"OY-PPS","t":"PA34"},"C261":{"r":"OY-PSA","t":"B738"},"C262":{"r":"OY-PSB","t":"B738"},"C263":{"r":"OY-PSC","t":"B738"},"C264":{"r":"OY-PSD","t":"B738"},"C265":{"r":"OY-PSE","t":"B738"},"C266":{"r":"OY-PSF","t":"B737"},"C267":{"r":"OY-PSG","t":"B737"},"C268":{"r":"OY-PSH","t":"B738"},"C2EF":{"r":"OY-PWO","t":"P180"},"C821":{"r":"OY-RAA","t":"H25B"},"C861":{"r":"OY-RCA","t":"B462"},"C862":{"r":"OY-RCB","t":"B462"},"C863":{"r":"OY-RCC","t":"RJ1H"},"C864":{"r":"OY-RCD","t":"RJ85"},"C865":{"r":"OY-RCE","t":"RJ85"},"C867":{"r":"OY-RCG","t":"A319"},"C868":{"r":"OY-RCH","t":"A319"},"C869":{"r":"OY-RCI","t":"A319"},"C877":{"r":"OY-RCW","t":"B462"},"C941":{"r":"OY-RJA","t":"CRJ2"},"C942":{"r":"OY-RJB","t":"CRJ2"},"C943":{"r":"OY-RJC","t":"CRJ2"},"C944":{"r":"OY-RJD","t":"CRJ2"},"C945":{"r":"OY-RJE","t":"CRJ2"},"C946":{"r":"OY-RJF","t":"CRJ2"},"C947":{"r":"OY-RJG","t":"CRJ2"},"C948":{"r":"OY-RJH","t":"CRJ2"},"C949":{"r":"OY-RJI","t":"CRJ2"},"C94A":{"r":"OY-RJJ","t":"CRJ2"},"CA65":{"r":"OY-RSE","t":"PC12"},"CA83":{"r":"OY-RTC","t":"AT72"},"CA86":{"r":"OY-RTF","t":"AT72"},"CAA2":{"r":"OY-RUB","t":"AT72"},"CAA4":{"r":"OY-RUD","t":"AT72"},"CAA5":{"r":"OY-RUE","t":"MD83"},"CC69":{"r":"OY-SCI","t":"PC12"},"CCE3":{"r":"OY-SGC","t":"GL5T"},"CD32":{"r":"OY-SIR","t":"F2TH"},"CD6C":{"r":"OY-SKL","t":"F2TH"},"CDAC":{"r":"OY-SML","t":"C525"},"CDCB":{"r":"OY-SNK","t":"F2TH"},"CDD5":{"r":"OY-SNU","t":"SR22"},"CDDA":{"r":"OY-SNZ","t":"FA7X"},"CE46":{"r":"OY-SRF","t":"B762"},"CE47":{"r":"OY-SRG","t":"B762"},"CE48":{"r":"OY-SRH","t":"B762"},"CE49":{"r":"OY-SRI","t":"B762"},"CE4A":{"r":"OY-SRJ","t":"B762"},"CE4B":{"r":"OY-SRK","t":"B762"},"CE4C":{"r":"OY-SRL","t":"B762"},"CE4D":{"r":"OY-SRM","t":"B762"},"CE4E":{"r":"OY-SRN","t":"B762"},"CE4F":{"r":"OY-SRO","t":"B762"},"CE50":{"r":"OY-SRP","t":"B762"},"CE53":{"r":"OY-SRS","t":"B763"},"CEAE":{"r":"OY-SUN","t":"C402"},"CEEF":{"r":"OY-SWO","t":"F2TH"},"D064":{"r":"OY-TCD","t":"A321"},"D065":{"r":"OY-TCE","t":"A321"},"D066":{"r":"OY-TCF","t":"A321"},"D067":{"r":"OY-TCG","t":"A321"},"D068":{"r":"OY-TCH","t":"A321"},"D069":{"r":"OY-TCI","t":"A321"},"D081":{"r":"OY-TDA","t":"B738"},"D082":{"r":"OY-TDB","t":"B738"},"D09A":{"r":"OY-TDZ","t":"B737"},"D146":{"r":"OY-TJF","t":"F2TH"},"D190":{"r":"OY-TLP","t":"P180"},"D261":{"r":"OY-TSA","t":"C25B"},"D2EF":{"r":"OY-TWO","t":"PC12"},"D461":{"r":"OY-UCA","t":"C25A"},"D8A7":{"r":"OY-VEG","t":"CRJ2"},"D8E1":{"r":"OY-VGA","t":"CRJ2"},"D92B":{"r":"OY-VIK","t":"FA7X"},"D93A":{"r":"OY-VIZ","t":"GL5T"},"D961":{"r":"OY-VKA","t":"A321"},"D962":{"r":"OY-VKB","t":"A321"},"D963":{"r":"OY-VKC","t":"A321"},"D964":{"r":"OY-VKD","t":"A321"},"D965":{"r":"OY-VKE","t":"A321"},"D966":{"r":"OY-VKF","t":"A332"},"D967":{"r":"OY-VKG","t":"A333"},"D968":{"r":"OY-VKH","t":"A333"},"D969":{"r":"OY-VKI","t":"A333"},"D96D":{"r":"OY-VKM","t":"A320"},"D973":{"r":"OY-VKS","t":"A320"},"D974":{"r":"OY-VKT","t":"A321"},"DCB4":{"r":"OY-WET","t":"C680"},"DD2E":{"r":"OY-WIN","t":"GLEX"},"EAEF":{"r":"OY-ZWO","t":"F2TH"},"F422":{"r":"C-080","t":"CL60"},"F424":{"r":"C-168","t":"CL60"},"F425":{"r":"C-172","t":"CL60"},"F428":{"r":"B-536","t":"C30J"},"F429":{"r":"B-537","t":"C30J"},"F42A":{"r":"B-538","t":"C30J"},"F42B":{"r":"B-583","t":"C30J"},"F42D":{"r":"M-516","t":"EH10"}}