{"0D01":{"r":"CS-CHA","t":"CL35"},"0D02":{"r":"CS-CHB","t":"CL35"},"1096":{"r":"CS-DDV","t":"C550"},"109A":{"r":"CS-DDZ","t":"LJ31"},"10C3":{"r":"CS-DFC","t":"F2TH"},"10C4":{"r":"CS-DFD","t":"F2TH"},"10C5":{"r":"CS-DFE","t":"F2TH"},"10C6":{"r":"CS-DFF","t":"F2TH"},"10C7":{"r":"CS-DFG","t":"F900"},"10C8":{"r":"CS-DFH","t":"F900"},"10CB":{"r":"CS-DFK","t":"F2TH"},"10CD":{"r":"CS-DFM","t":"C56X"},"10CE":{"r":"CS-DFN","t":"C56X"},"10CF":{"r":"CS-DFO","t":"C56X"},"10D0":{"r":"CS-DFP","t":"C56X"},"10D1":{"r":"CS-DFQ","t":"C56X"},"10D2":{"r":"CS-DFR","t":"C56X"},"10D3":{"r":"CS-DFS","t":"C56X"},"10D4":{"r":"CS-DFT","t":"C56X"},"10D5":{"r":"CS-DFU","t":"C56X"},"10D6":{"r":"CS-DFV","t":"C56X"},"10D7":{"r":"CS-DFW","t":"H25B"},"10D8":{"r":"CS-DFX","t":"H25B"},"10D9":{"r":"CS-DFY","t":"H25B"},"10DA":{"r":"CS-DFZ","t":"H25B"},"10F1":{"r":"CS-DGQ","t":"C25A"},"10F2":{"r":"CS-DGR","t":"C650"},"10F7":{"r":"CS-DGW","t":"C25B"},"10FA":{"r":"CS-DGZ","t":"H25B"},"1101":{"r":"CS-DHA","t":"C550"},"1102":{"r":"CS-DHB","t":"C550"},"1103":{"r":"CS-DHC","t":"C550"},"1104":{"r":"CS-DHD","t":"C550"},"1105":{"r":"CS-DHE","t":"C550"},"1106":{"r":"CS-DHF","t":"C550"},"1107":{"r":"CS-DHG","t":"C550"},"1108":{"r":"CS-DHH","t":"C550"},"1109":{"r":"CS-DHI","t":"C550"},"110A":{"r":"CS-DHJ","t":"C550"},"110B":{"r":"CS-DHK","t":"C550"},"110C":{"r":"CS-DHL","t":"C550"},"110D":{"r":"CS-DHM","t":"C550"},"110E":{"r":"CS-DHN","t":"C550"},"110F":{"r":"CS-DHO","t":"C550"},"1110":{"r":"CS-DHP","t":"C550"},"1111":{"r":"CS-DHQ","t":"C550"},"1112":{"r":"CS-DHR","t":"C550"},"1139":{"r":"CS-DIY","t":"C25B"},"1161":{"r":"CS-DKA","t":"GLF4"},"1163":{"r":"CS-DKC","t":"GLF5"},"1164":{"r":"CS-DKD","t":"GLF5"},"1165":{"r":"CS-DKE","t":"GLF5"},"1166":{"r":"CS-DKF","t":"GLF5"},"1167":{"r":"CS-DKG","t":"GLF5"},"1168":{"r":"CS-DKH","t":"GLF5"},"1169":{"r":"CS-DKI","t":"GLF5"},"116A":{"r":"CS-DKJ","t":"GLF5"},"116B":{"r":"CS-DKK","t":"GLF5"},"1182":{"r":"CS-DLB","t":"F2TH"},"1183":{"r":"CS-DLC","t":"F2TH"},"1184":{"r":"CS-DLD","t":"F2TH"},"1185":{"r":"CS-DLE","t":"F2TH"},"1186":{"r":"CS-DLF","t":"F2TH"},"1187":{"r":"CS-DLG","t":"F2TH"},"1188":{"r":"CS-DLH","t":"F2TH"},"11A1":{"r":"CS-DMA","t":"BE40"},"11A2":{"r":"CS-DMB","t":"BE40"},"11A4":{"r":"CS-DMD","t":"BE40"},"11A5":{"r":"CS-DME","t":"BE40"},"11A6":{"r":"CS-DMF","t":"BE40"},"11A8":{"r":"CS-DMH","t":"BE40"},"11A9":{"r":"CS-DMI","t":"BE40"},"11AA":{"r":"CS-DMJ","t":"BE40"},"11AB":{"r":"CS-DMK","t":"BE40"},"11AC":{"r":"CS-DML","t":"BE40"},"11AD":{"r":"CS-DMM","t":"BE40"},"11AE":{"r":"CS-DMN","t":"BE40"},"11AF":{"r":"CS-DMO","t":"BE40"},"11B0":{"r":"CS-DMP","t":"BE40"},"11B1":{"r":"CS-DMQ","t":"BE40"},"11B2":{"r":"CS-DMR","t":"BE40"},"11B3":{"r":"CS-DMS","t":"BE40"},"11B4":{"r":"CS-DMT","t":"BE40"},"11B5":{"r":"CS-DMU","t":"BE40"},"11B6":{"r":"CS-DMV","t":"BE40"},"11B7":{"r":"CS-DMW","t":"BE40"},"11B8":{"r":"CS-DMX","t":"BE40"},"11B9":{"r":"CS-DMY","t":"BE40"},"11BA":{"r":"CS-DMZ","t":"BE40"},"11CC":{"r":"CS-DNL","t":"H25B"},"11CF":{"r":"CS-DNO","t":"H25B"},"11D0":{"r":"CS-DNP","t":"F2TH"},"11D1":{"r":"CS-DNQ","t":"F2TH"},"11D2":{"r":"CS-DNR","t":"F2TH"},"11D3":{"r":"CS-DNS","t":"F2TH"},"11D5":{"r":"CS-DNU","t":"H25B"},"11D6":{"r":"CS-DNV","t":"H25B"},"11D7":{"r":"CS-DNW","t":"C56X"},"11D8":{"r":"CS-DNX","t":"H25B"},"11D9":{"r":"CS-DNY","t":"C56X"},"11DA":{"r":"CS-DNZ","t":"C56X"},"11E2":{"r":"CS-DOB","t":"BE40"},"11E3":{"r":"CS-DOC","t":"B190"},"1201":{"r":"CS-DPA","t":"H25B"},"1206":{"r":"CS-DPF","t":"F900"},"120A":{"r":"CS-DPJ","t":"H25B"},"120E":{"r":"CS-DPN","t":"C510"},"1216":{"r":"CS-DPV","t":"C510"},"1217":{"r":"CS-DPW","t":"FA20"},"121A":{"r":"CS-DPZ","t":"C56X"},"1221":{"r":"CS-DQA","t":"C56X"},"1222":{"r":"CS-DQB","t":"C56X"},"1241":{"r":"CS-DRA","t":"H25B"},"1242":{"r":"CS-DRB","t":"H25B"},"1243":{"r":"CS-DRC","t":"H25B"},"1244":{"r":"CS-DRD","t":"H25B"},"1245":{"r":"CS-DRE","t":"H25B"},"1246":{"r":"CS-DRF","t":"H25B"},"1247":{"r":"CS-DRG","t":"H25B"},"1248":{"r":"CS-DRH","t":"H25B"},"1249":{"r":"CS-DRI","t":"H25B"},"124A":{"r":"CS-DRJ","t":"H25B"},"124B":{"r":"CS-DRK","t":"H25B"},"124C":{"r":"CS-DRL","t":"H25B"},"124D":{"r":"CS-DRM","t":"H25B"},"124E":{"r":"CS-DRN","t":"H25B"},"124F":{"r":"CS-DRO","t":"H25B"},"1250":{"r":"CS-DRP","t":"H25B"},"1251":{"r":"CS-DRQ","t":"H25B"},"1252":{"r":"CS-DRR","t":"H25B"},"1253":{"r":"CS-DRS","t":"H25B"},"1254":{"r":"CS-DRT","t":"H25B"},"1255":{"r":"CS-DRU","t":"H25B"},"1256":{"r":"CS-DRV","t":"H25B"},"1257":{"r":"CS-DRW","t":"H25B"},"1258":{"r":"CS-DRX","t":"H25B"},"1259":{"r":"CS-DRY","t":"H25B"},"125A":{"r":"CS-DRZ","t":"H25B"},"1261":{"r":"CS-DSA","t":"FA7X"},"1262":{"r":"CS-DSB","t":"FA7X"},"1263":{"r":"CS-DSC","t":"FA7X"},"1264":{"r":"CS-DSD","t":"FA7X"},"1281":{"r":"CS-DTA","t":"C560"},"1282":{"r":"CS-DTB","t":"F900"},"1283":{"r":"CS-DTC","t":"E50P"},"1284":{"r":"CS-DTD","t":"FA7X"},"1286":{"r":"CS-DTF","t":"F2TH"},"1288":{"r":"CS-DTH","t":"LJ60"},"128A":{"r":"CS-DTJ","t":"CL60"},"128B":{"r":"CS-DTK","t":"CL60"},"128C":{"r":"CS-DTL","t":"LJ40"},"128D":{"r":"CS-DTM","t":"LJ45"},"1291":{"r":"CS-DTQ","t":"E55P"},"1293":{"r":"CS-DTS","t":"FA7X"},"1298":{"r":"CS-DTX","t":"C56X"},"129A":{"r":"CS-DTZ","t":"F2TH"},"12A1":{"r":"CS-DUA","t":"H25B"},"12A2":{"r":"CS-DUB","t":"H25B"},"12A3":{"r":"CS-DUC","t":"H25B"},"12A4":{"r":"CS-DUD","t":"H25B"},"12A5":{"r":"CS-DUE","t":"H25B"},"12A6":{"r":"CS-DUF","t":"H25B"},"12A7":{"r":"CS-DUG","t":"H25B"},"12A8":{"r":"CS-DUH","t":"H25B"},"12C9":{"r":"CS-DVI","t":"GLEX"},"1302":{"r":"CS-DXB","t":"C56X"},"1303":{"r":"CS-DXC","t":"C56X"},"1304":{"r":"CS-DXD","t":"C56X"},"1305":{"r":"CS-DXE","t":"C56X"},"1306":{"r":"CS-DXF","t":"C56X"},"1307":{"r":"CS-DXG","t":"C56X"},"1308":{"r":"CS-DXH","t":"C56X"},"1309":{"r":"CS-DXI","t":"C56X"},"130A":{"r":"CS-DXJ","t":"C56X"},"130B":{"r":"CS-DXK","t":"C56X"},"130C":{"r":"CS-DXL","t":"C56X"},"130D":{"r":"CS-DXM","t":"C56X"},"130E":{"r":"CS-DXN","t":"C56X"},"130F":{"r":"CS-DXO","t":"C56X"},"1310":{"r":"CS-DXP","t":"C56X"},"1311":{"r":"CS-DXQ","t":"C56X"},"1312":{"r":"CS-DXR","t":"C56X"},"1313":{"r":"CS-DXS","t":"C56X"},"1314":{"r":"CS-DXT","t":"C56X"},"1315":{"r":"CS-DXU","t":"C56X"},"1316":{"r":"CS-DXV","t":"C56X"},"1317":{"r":"CS-DXW","t":"C56X"},"1318":{"r":"CS-DXX","t":"C56X"},"1319":{"r":"CS-DXY","t":"C56X"},"131A":{"r":"CS-DXZ","t":"C56X"},"1D81":{"r":"CS-GLA","t":"GLEX"},"1D82":{"r":"CS-GLB","t":"GLEX"},"1D83":{"r":"CS-GLC","t":"GLEX"},"1D84":{"r":"CS-GLD","t":"GLEX"},"1D85":{"r":"CS-GLE","t":"GLEX"},"302D":{"r":"CS-LAM","t":"GL5T"},"4101":{"r":"CS-PHA","t":"E55P"},"4102":{"r":"CS-PHB","t":"E55P"},"4103":{"r":"CS-PHC","t":"E55P"},"4104":{"r":"CS-PHD","t":"E55P"},"4105":{"r":"CS-PHE","t":"E55P"},"4106":{"r":"CS-PHF","t":"E55P"},"4108":{"r":"CS-PHH","t":"E55P"},"411A":{"r":"CS-PHZ","t":"E55P"},"5089":{"r":"CS-TDI","t":"A310"},"50A9":{"r":"CS-TEI","t":"A310"},"50AA":{"r":"CS-TEJ","t":"A310"},"50B8":{"r":"CS-TEX","t":"A310"},"50C9":{"r":"CS-TFI","t":"LJ45"},"50CB":{"r":"CS-TFK","t":"B752"},"50CD":{"r":"CS-TFM","t":"B772"},"50CE":{"r":"CS-TFN","t":"F900"},"50CF":{"r":"CS-TFO","t":"LJ40"},"50D1":{"r":"CS-TFQ","t":"LJ45"},"50D2":{"r":"CS-TFR","t":"LJ45"},"50D3":{"r":"CS-TFS","t":"B763"},"50D4":{"r":"CS-TFT","t":"B763"},"50D5":{"r":"CS-TFU","t":"A319"},"50D6":{"r":"CS-TFV","t":"CL30"},"50D7":{"r":"CS-TFW","t":"A345"},"50D8":{"r":"CS-TFX","t":"A345"},"50D9":{"r":"CS-TFY","t":"A320"},"50DA":{"r":"CS-TFZ","t":"A332"},"50F5":{"r":"CS-TGU","t":"A310"},"50F6":{"r":"CS-TGV","t":"A310"},"5145":{"r":"CS-TJE","t":"A321"},"5146":{"r":"CS-TJF","t":"A320"},"5147":{"r":"CS-TJG","t":"A321"},"5169":{"r":"CS-TKI","t":"A310"},"516A":{"r":"CS-TKJ","t":"A320"},"516B":{"r":"CS-TKK","t":"A320"},"516C":{"r":"CS-TKL","t":"A320"},"516D":{"r":"CS-TKM","t":"A310"},"516E":{"r":"CS-TKN","t":"A310"},"516F":{"r":"CS-TKO","t":"A320"},"5170":{"r":"CS-TKP","t":"A320"},"518F":{"r":"CS-TLO","t":"B763"},"5190":{"r":"CS-TLP","t":"F2TH"},"5191":{"r":"CS-TLQ","t":"B763"},"5195":{"r":"CS-TLU","t":"A319"},"5197":{"r":"CS-TLW","t":"LJ45"},"5198":{"r":"CS-TLX","t":"B752"},"5199":{"r":"CS-TLY","t":"FA7X"},"519A":{"r":"CS-TLZ","t":"B763"},"51B4":{"r":"CS-TMT","t":"A333"},"51B7":{"r":"CS-TMW","t":"A320"},"51C1":{"r":"CS-TNA","t":"A320"},"51C2":{"r":"CS-TNB","t":"A320"},"51C5":{"r":"CS-TNE","t":"A320"},"51C7":{"r":"CS-TNG","t":"A320"},"51C8":{"r":"CS-TNH","t":"A320"},"51C9":{"r":"CS-TNI","t":"A320"},"51CA":{"r":"CS-TNJ","t":"A320"},"51CB":{"r":"CS-TNK","t":"A320"},"51CC":{"r":"CS-TNL","t":"A320"},"51CD":{"r":"CS-TNM","t":"A320"},"51CE":{"r":"CS-TNN","t":"A320"},"51D0":{"r":"CS-TNP","t":"A320"},"51D1":{"r":"CS-TNQ","t":"A320"},"51D2":{"r":"CS-TNR","t":"A320"},"51D3":{"r":"CS-TNS","t":"A320"},"51D4":{"r":"CS-TNT","t":"A320"},"51D5":{"r":"CS-TNU","t":"A320"},"51D6":{"r":"CS-TNV","t":"A320"},"51D7":{"r":"CS-TNW","t":"A320"},"51D8":{"r":"CS-TNX","t":"A320"},"51E1":{"r":"CS-TOA","t":"A343"},"51E2":{"r":"CS-TOB","t":"A343"},"51E3":{"r":"CS-TOC","t":"A343"},"51E4":{"r":"CS-TOD","t":"A343"},"51E5":{"r":"CS-TOE","t":"A332"},"51E6":{"r":"CS-TOF","t":"A332"},"51E7":{"r":"CS-TOG","t":"A332"},"51E8":{"r":"CS-TOH","t":"A332"},"51E9":{"r":"CS-TOI","t":"A332"},"51EA":{"r":"CS-TOJ","t":"A332"},"51EB":{"r":"CS-TOK","t":"A332"},"51EC":{"r":"CS-TOL","t":"A332"},"51ED":{"r":"CS-TOM","t":"A332"},"51EE":{"r":"CS-TON","t":"A332"},"51EF":{"r":"CS-TOO","t":"A332"},"51F0":{"r":"CS-TOP","t":"A332"},"5201":{"r":"CS-TPA","t":"F100"},"5202":{"r":"CS-TPB","t":"F100"},"5203":{"r":"CS-TPC","t":"F100"},"5204":{"r":"CS-TPD","t":"F100"},"5205":{"r":"CS-TPE","t":"F100"},"5206":{"r":"CS-TPF","t":"F100"},"5207":{"r":"CS-TPG","t":"E145"},"5208":{"r":"CS-TPH","t":"E145"},"520C":{"r":"CS-TPL","t":"E145"},"520D":{"r":"CS-TPM","t":"E145"},"520E":{"r":"CS-TPN","t":"E145"},"5224":{"r":"CS-TQD","t":"A320"},"5229":{"r":"CS-TQI","t":"B763"},"522A":{"r":"CS-TQJ","t":"A319"},"522B":{"r":"CS-TQK","t":"A320"},"522C":{"r":"CS-TQL","t":"A343"},"522D":{"r":"CS-TQM","t":"A343"},"522F":{"r":"CS-TQO","t":"A320"},"5230":{"r":"CS-TQP","t":"A332"},"5233":{"r":"CS-TQS","t":"A320"},"5235":{"r":"CS-TQU","t":"B738"},"5236":{"r":"CS-TQV","t":"A310"},"5237":{"r":"CS-TQW","t":"A332"},"5239":{"r":"CS-TQY","t":"A343"},"523A":{"r":"CS-TQZ","t":"A343"},"5248":{"r":"CS-TRH","t":"A333"},"5249":{"r":"CS-TRI","t":"A333"},"524A":{"r":"CS-TRJ","t":"A321"},"524B":{"r":"CS-TRK","t":"A320"},"524C":{"r":"CS-TRL","t":"A320"},"524D":{"r":"CS-TRM","t":"A320"},"524F":{"r":"CS-TRO","t":"A320"},"526C":{"r":"CS-TSL","t":"GL5T"},"5272":{"r":"CS-TSR","t":"A318"},"5281":{"r":"CS-TTA","t":"A319"},"5282":{"r":"CS-TTB","t":"A319"},"5283":{"r":"CS-TTC","t":"A319"},"5284":{"r":"CS-TTD","t":"A319"},"5285":{"r":"CS-TTE","t":"A319"},"5286":{"r":"CS-TTF","t":"A319"},"5287":{"r":"CS-TTG","t":"A319"},"5288":{"r":"CS-TTH","t":"A319"},"5289":{"r":"CS-TTI","t":"A319"},"528A":{"r":"CS-TTJ","t":"A319"},"528B":{"r":"CS-TTK","t":"A319"},"528C":{"r":"CS-TTL","t":"A319"},"528D":{"r":"CS-TTM","t":"A319"},"528E":{"r":"CS-TTN","t":"A319"},"528F":{"r":"CS-TTO","t":"A319"},"5290":{"r":"CS-TTP","t":"A319"},"5291":{"r":"CS-TTQ","t":"A319"},"5292":{"r":"CS-TTR","t":"A319"},"5293":{"r":"CS-TTS","t":"A319"},"5295":{"r":"CS-TTU","t":"A319"},"5296":{"r":"CS-TTV","t":"A319"},"7C71":{"r":"17401","t":"FA50"},"7C72":{"r":"17402","t":"FA50"},"7CA5":{"r":"16705","t":"C295"},"8421":{"r":"3085","t":"A319"},"8422":{"r":"2801","t":"A319"},"8424":{"r":"2408","t":"AN26"},"8425":{"r":"1016","t":"T154"},"8426":{"r":"5105","t":"CL60"},"8447":{"r":"2601","t":"L410"},"8448":{"r":"2602","t":"L410"},"8487":{"r":"0453","t":"C295"},"8488":{"r":"0454","t":"C295"},"8489":{"r":"0455","t":"C295"},"C06C":{"r":"OK-QUA 95"},"D002":{"r":"OK-YAD","t":"A310"},"D006":{"r":"OK-TVF","t":"B738"},"D009":{"r":"OK-SLA","t":"C525"},"D00A":{"r":"OK-ACH","t":"C550"},"D00B":{"r":"OK-SWU","t":"B735"},"D00C":{"r":"OK-SWV","t":"B735"},"D00D":{"r":"OK-TVJ","t":"B738"},"D010":{"r":"OK-GEA","t":"A320"},"D011":{"r":"OK-GEB","t":"A320"},"D012":{"r":"OK-CEC","t":"A321"},"D013":{"r":"OK-CED","t":"A321"},"D018":{"r":"OK-SLS","t":"C560"},"D01D":{"r":"OK-KKG","t":"E135"},"D01E":{"r":"OK-CCE","t":"SF24"},"D021":{"r":"OK-FGS","t":"B734"},"D025":{"r":"OK-KFO","t":"AT45"},"D027":{"r":"OK-REQ","t":"A319"},"D02D":{"r":"OK-CCB","t":"SF24"},"D03B":{"r":"OK-CGH","t":"B735"},"D03D":{"r":"OK-SLX","t":"C56X"},"D040":{"r":"OK-LEE","t":"A320"},"D041":{"r":"OK-LEF","t":"A320"},"D042":{"r":"OK-LEG","t":"A320"},"D044":{"r":"OK-SUN","t":"E135"},"D04D":{"r":"OK-TVG","t":"B738"},"D04E":{"r":"OK-CGK","t":"B735"},"D04F":{"r":"OK-UNI","t":"C680"},"D050":{"r":"OK-GGG","t":"E135"},"D052":{"r":"OK-UBA","t":"L410"},"D053":{"r":"OK-MEI","t":"A320"},"D054":{"r":"OK-MEJ","t":"A320"},"D055":{"r":"OK-MEK","t":"A319"},"D056":{"r":"OK-MEL","t":"A319"},"D05A":{"r":"OK-HCB","t":"A320"},"D05C":{"r":"OK-ORL","t":"PA32"},"D062":{"r":"OK-RDA","t":"L410"},"D063":{"r":"OK-MEH","t":"A320"},"D066":{"r":"OK-JDM","t":"LJ60"},"D069":{"r":"OK-FGR","t":"B734"},"D07A":{"r":"OK-LFD","t":"B350"},"D07F":{"r":"OK-TWI","t":"SR20"},"D083":{"r":"OK-TOP","t":"P46T"},"D08A":{"r":"OK-DGL","t":"B735"},"D08B":{"r":"OK-CGT","t":"B734"},"D08E":{"r":"OK-CCK","t":"B737"},"D08F":{"r":"OK-TVE","t":"B738"},"D091":{"r":"OK-XGB","t":"B735"},"D092":{"r":"OK-NEM","t":"A319"},"D093":{"r":"OK-NEN","t":"A319"},"D094":{"r":"OK-NEO","t":"A319"},"D095":{"r":"OK-NEP","t":"A319"},"D097":{"r":"OK-ROM","t":"E135"},"D099":{"r":"OK-XGD","t":"B735"},"D09B":{"r":"OK-ASA","t":"L410"},"D09E":{"r":"OK-TVH","t":"B738"},"D0A3":{"r":"OK-XGC","t":"B735"},"D0A4":{"r":"OK-HLB","t":"B350"},"D0A6":{"r":"OK-DGN","t":"B734"},"D0A7":{"r":"OK-YAC","t":"A310"},"D0A8":{"r":"OK-DGM","t":"B734"},"D0A9":{"r":"OK-DSJ","t":"C525"},"D0AC":{"r":"OK-EGP","t":"B734"},"D0AD":{"r":"OK-EGO","t":"B735"},"D0AE":{"r":"OK-XGA","t":"B735"},"D0AF":{"r":"OK-CGJ","t":"B735"},"D0B0":{"r":"OK-KAZ","t":"H25B"},"D0B4":{"r":"OK-XGE","t":"B735"},"D0B5":{"r":"OK-MPM"},"D0BD":{"r":"OK-OER","t":"A319"},"D0BF":{"r":"OK-TCA","t":"L410"},"D0C6":{"r":"OK-SLN","t":"E135"},"D0CA":{"r":"OK-TOS","t":"BE20"},"D0E0":{"r":"OK-JNT","t":"E135"},"D0F4":{"r":"OK-PPC","t":"C510"},"D109":{"r":"OK-TVN","t":"B738"},"D10F":{"r":"OK-FTR","t":"C510"},"D112":{"r":"OK-TVK","t":"B738"},"D113":{"r":"OK-UNO","t":"BE20"},"D116":{"r":"OK-XLS","t":"C56X"},"D11C":{"r":"OK-TKN","t":"P210"},"D132":{"r":"OK-GCE","t":"B737"},"D133":{"r":"OK-GCF","t":"B737"},"D138":{"r":"OK-NTG","t":"P46T"},"D139":{"r":"OK-SIM","t":"R44"},"D13D":{"r":"OK-TVL","t":"B738"},"D13F":{"r":"OK-TVM","t":"B738"},"D14C":{"r":"OK-PET","t":"A319"},"D152":{"r":"OK-LEO","t":"C510"},"D177":{"r":"OK-AJA","t":"C510"},"D17C":{"r":"OK-PIK","t":"B738"},"D192":{"r":"OK-CCA","t":"B733"},"D193":{"r":"OK-TVO","t":"B738"},"D1A0":{"r":"OK-PBS","t":"C525"},"D1A8":{"r":"OK-TVP","t":"B738"},"D1AA":{"r":"OK-PRG","t":"BE9L"},"D1B4":{"r":"OK-SLD","t":"L410"},"D1C6":{"r":"OK-TVT","t":"B738"},"D1C7":{"r":"OK-FCY","t":"C25A"},"D1CD":{"r":"OK-TVS","t":"B738"},"D213":{"r":"OK-UHE","t":"SR22"},"D232":{"r":"OK-TSE","t":"B738"},"D23F":{"r":"OK-ILA","t":"C25A"},"D241":{"r":"OK-RHM","t":"BE40"},"D253":{"r":"OK-OBR","t":"C510"},"D254":{"r":"OK-PMC","t":"PC12"},"D257":{"r":"OK-MAR","t":"C25A"},"D258":{"r":"OK-HCA","t":"A320"},"D266":{"r":"OK-TVX","t":"B738"},"D26C":{"r":"OK-TVR","t":"B738"},"D276":{"r":"OK-TVU","t":"B738"},"D283":{"r":"OK-AGT","t":"P28A"},"D287":{"r":"OK-TVV","t":"B738"},"D29E":{"r":"OK-PHE","t":"E55P"},"D2A7":{"r":"OK-SWX","t":"B737"},"D2A8":{"r":"OK-ESC","t":"BE40"},"D2AA":{"r":"OK-UGJ","t":"C680"},"D2AE":{"r":"OK-PCC","t":"PC12"},"D2B7":{"r":"OK-TVW","t":"B738"},"D2B9":{"r":"OK-SWW","t":"B737"},"D2C1":{"r":"OK-TVA","t":"B738"},"D2C2":{"r":"OK-TVB","t":"B738"},"D2C3":{"r":"OK-TVC","t":"B738"},"D2C4":{"r":"OK-TVD","t":"B738"},"D2FB":{"r":"OK-TSA","t":"B738"},"D2FC":{"r":"OK-TSC","t":"B738"},"D300":{"r":"OK-AZI","t":"SR22"},"D306":{"r":"OK-KKF","t":"GLF5"},"D315":{"r":"OK-EAS","t":"BE40"},"D327":{"r":"OK-TSD","t":"B738"},"D335":{"r":"OK-OKV","t":"PAY3"},"DA7A":{"r":"OK-VSZ","t":"C550"},"DCF8":{"r":"OK-WGX","t":"B734"},"DCF9":{"r":"OK-WGY","t":"B734"}}