{"0073":{"r":"HB-AEL","t":"B190"},"0076":{"r":"HB-AEO","t":"D328"},"0079":{"r":"HB-AER","t":"D328"},"007A":{"r":"HB-AES","t":"D328"},"007C":{"r":"HB-AEU","t":"D328"},"007D":{"r":"HB-AEV","t":"D328"},"0085":{"r":"HB-AFD","t":"AT43"},"0087":{"r":"HB-AFF","t":"AT43"},"0088":{"r":"HB-AFG","t":"AT72"},"0089":{"r":"HB-AFH","t":"AT72"},"008B":{"r":"HB-AFJ","t":"AT72"},"008C":{"r":"HB-AFK","t":"AT72"},"008D":{"r":"HB-AFL","t":"AT72"},"008E":{"r":"HB-AFM","t":"AT72"},"008F":{"r":"HB-AFN","t":"AT72"},"0091":{"r":"HB-AFP","t":"AT72"},"0093":{"r":"HB-AFR","t":"AT72"},"0094":{"r":"HB-AFS","t":"AT72"},"0097":{"r":"HB-AFV","t":"AT72"},"0098":{"r":"HB-AFW","t":"AT72"},"0551":{"r":"HB-CAJ","t":"C140"},"0699":{"r":"HB-CMZ","t":"C182"},"07C1":{"r":"HB-CYJ","t":"C10T"},"080E":{"r":"HB-DBI","t":"R90R"},"0824":{"r":"HB-DCE","t":"WA40"},"0890":{"r":"HB-DGI","t":"M20P"},"0893":{"r":"HB-DGL","t":"M20P"},"08A2":{"r":"HB-DHA","t":"M20P"},"08BE":{"r":"HB-DIC","t":"M20P"},"08CA":{"r":"HB-DIO","t":"M20P"},"0A1B":{"r":"HB-DVN","t":"M20P"},"0A2A":{"r":"HB-DWC","t":"M20P"},"0E8E":{"r":"HB-FNI"},"0EA6":{"r":"HB-FOG","t":"PC12"},"0EA8":{"r":"HB-FOI","t":"PC12"},"0EAF":{"r":"HB-FOP","t":"PC12"},"0EB0":{"r":"HB-FOQ","t":"PC12"},"0EB2":{"r":"HB-FOS","t":"PC12"},"0EB3":{"r":"HB-FOT","t":"PC12"},"0EB6":{"r":"HB-FOW","t":"PC12"},"0EB7":{"r":"HB-FOX","t":"PC12"},"0EB8":{"r":"HB-FOY","t":"PC12"},"0EBC":{"r":"HB-FPC","t":"PC12"},"0EC2":{"r":"HB-FPI","t":"PC12"},"0ECB":{"r":"HB-FPR","t":"PC12"},"0ECC":{"r":"HB-FPS","t":"PC12"},"0ECD":{"r":"HB-FPT","t":"PC12"},"0ED2":{"r":"HB-FPY","t":"PC12"},"0ED3":{"r":"HB-FPZ","t":"PC12"},"0ED5":{"r":"HB-FQB","t":"PC12"},"0ED6":{"r":"HB-FQC","t":"PC12"},"0EDC":{"r":"HB-FQI","t":"PC12"},"0EDD":{"r":"HB-FQJ","t":"PC12"},"0EDE":{"r":"HB-FQK","t":"PC12"},"0EDF":{"r":"HB-FQL","t":"PC12"},"0EE0":{"r":"HB-FQM","t":"PC12"},"0EE1":{"r":"HB-FQN","t":"PC12"},"0EE2":{"r":"HB-FQO","t":"PC12"},"0EE3":{"r":"HB-FQP","t":"PC12"},"0EE4":{"r":"HB-FQQ","t":"PC12"},"0EE5":{"r":"HB-FQR","t":"PC12"},"0EE6":{"r":"HB-FQS","t":"PC12"},"0EE7":{"r":"HB-FQT","t":"PC12"},"0EE8":{"r":"HB-FQU","t":"PC12"},"0EE9":{"r":"HB-FQV","t":"PC12"},"0EEA":{"r":"HB-FQW","t":"PC12"},"0EEB":{"r":"HB-FQX","t":"PC12"},"0EEC":{"r":"HB-FQY","t":"PC12"},"0EED":{"r":"HB-FQZ","t":"PC12"},"0EEE":{"r":"HB-FRA","t":"PC12"},"0EEF":{"r":"HB-FRB","t":"PC12"},"0EF0":{"r":"HB-FRC","t":"PC12"},"0EF1":{"r":"HB-FRD","t":"PC12"},"0EF2":{"r":"HB-FRE","t":"PC12"},"0EF3":{"r":"HB-FRF","t":"PC12"},"0EF4":{"r":"HB-FRG","t":"PC12"},"0EF5":{"r":"HB-FRH","t":"PC12"},"0EF6":{"r":"HB-FRI","t":"PC12"},"0EF7":{"r":"HB-FRJ","t":"PC12"},"0EF8":{"r":"HB-FRK","t":"PC12"},"0EF9":{"r":"HB-FRL","t":"PC12"},"0EFA":{"r":"HB-FRM","t":"PC12"},"0EFC":{"r":"HB-FRO","t":"PC12"},"0EFD":{"r":"HB-FRP","t":"PC12"},"0EFE":{"r":"HB-FRQ","t":"PC12"},"0F00":{"r":"HB-FRS","t":"PC12"},"0F02":{"r":"HB-FRU","t":"PC12"},"0F04":{"r":"HB-FRW","t":"PC12"},"0F05":{"r":"HB-FRX","t":"PC12"},"0F06":{"r":"HB-FRY","t":"PC12"},"0F08":{"r":"HB-FSA","t":"PC12"},"0F0B":{"r":"HB-FSD","t":"PC12"},"0F0D":{"r":"HB-FSF","t":"PC12"},"0F0E":{"r":"HB-FSG","t":"PC12"},"0F10":{"r":"HB-FSI","t":"PC12"},"0F11":{"r":"HB-FSJ","t":"PC12"},"0F12":{"r":"HB-FSK","t":"PC12"},"0F14":{"r":"HB-FSM","t":"PC12"},"0F15":{"r":"HB-FSN","t":"PC12"},"0F16":{"r":"HB-FSO","t":"PC12"},"0F17":{"r":"HB-FSP","t":"PC12"},"0F18":{"r":"HB-FSQ","t":"PC12"},"0F19":{"r":"HB-FSR","t":"PC12"},"0F1A":{"r":"HB-FSS","t":"PC12"},"0F1B":{"r":"HB-FST","t":"PC12"},"0F1C":{"r":"HB-FSU","t":"PC12"},"0F1E":{"r":"HB-FSW","t":"PC12"},"0F1F":{"r":"HB-FSX","t":"PC12"},"0F21":{"r":"HB-FSZ","t":"PC12"},"0F22":{"r":"HB-FTA","t":"PC12"},"0F23":{"r":"HB-FTB","t":"PC12"},"0F26":{"r":"HB-FTE","t":"PC12"},"0F27":{"r":"HB-FTF","t":"PC12"},"0F28":{"r":"HB-FTG","t":"PC12"},"0F2C":{"r":"HB-FTK","t":"PC12"},"0F2E":{"r":"HB-FTM","t":"PC12"},"0F2F":{"r":"HB-FTN","t":"PC12"},"0F32":{"r":"HB-FTQ","t":"PC12"},"0F34":{"r":"HB-FTS","t":"PC12"},"0F37":{"r":"HB-FTV","t":"PC12"},"0F39":{"r":"HB-FTX","t":"PC12"},"0F56":{"r":"HB-FVA","t":"PC12"},"0F58":{"r":"HB-FVC","t":"PC12"},"0F59":{"r":"HB-FVD","t":"PC12"},"0F5B":{"r":"HB-FVF","t":"PC12"},"0F5D":{"r":"HB-FVH","t":"PC12"},"0F5E":{"r":"HB-FVI","t":"PC12"},"0F5F":{"r":"HB-FVJ","t":"PC12"},"0F60":{"r":"HB-FVK","t":"PC12"},"0F61":{"r":"HB-FVL","t":"PC12"},"0F62":{"r":"HB-FVM","t":"PC12"},"0F64":{"r":"HB-FVO","t":"PC12"},"0F65":{"r":"HB-FVP","t":"PC12"},"0F66":{"r":"HB-FVQ","t":"PC12"},"0F69":{"r":"HB-FVT","t":"PC12"},"0F6A":{"r":"HB-FVU","t":"PC12"},"0F6C":{"r":"HB-FVW","t":"PC12"},"0F6F":{"r":"HB-FVZ","t":"PC12"},"0F76":{"r":"HB-FWG","t":"PC12"},"0F77":{"r":"HB-FWH","t":"PC12"},"0F86":{"r":"HB-FWW","t":"PC12"},"0FA1":{"r":"HB-FXX","t":"PC12"},"21A3":{"r":"HB-MTF","t":"E300"},"25C4":{"r":"HB-OHW","t":"P28R"},"272B":{"r":"HB-OVR","t":"PA24"},"283E":{"r":"HB-PGG","t":"P28A"},"28A2":{"r":"HB-PKC","t":"PA46"},"28BD":{"r":"HB-PLD","t":"PA46"},"2929":{"r":"HB-PPH","t":"PA46"},"293F":{"r":"HB-PQD","t":"P28A"},"2949":{"r":"HB-PQN","t":"PA32"},"2965":{"r":"HB-PRP","t":"P46T"},"2FE2":{"r":"HB-SDM","t":"DA42"},"3272":{"r":"HB-TCS","t":"P210"},"37B1":{"r":"HB-VCJ","t":"H25B"},"37B5":{"r":"HB-VCN","t":"SBR1"},"37D8":{"r":"HB-VDW","t":"LJ45"},"383F":{"r":"HB-VHV","t":"H25B"},"385F":{"r":"HB-VJB","t":"C501"},"388E":{"r":"HB-VKW","t":"H25B"},"3897":{"r":"HB-VLF","t":"H25B"},"3898":{"r":"HB-VLG","t":"H25B"},"38AB":{"r":"HB-VLZ","t":"C560"},"38B5":{"r":"HB-VMJ","t":"C550"},"38B7":{"r":"HB-VML","t":"LJ45"},"38BA":{"r":"HB-VMO","t":"C560"},"38C0":{"r":"HB-VMU","t":"C560"},"38C1":{"r":"HB-VMV","t":"C560"},"38C3":{"r":"HB-VMX","t":"C550"},"38C4":{"r":"HB-VMY","t":"C550"},"38C6":{"r":"HB-VNA","t":"C560"},"38C7":{"r":"HB-VNB","t":"C560"},"38CA":{"r":"HB-VNE"},"38CE":{"r":"HB-VNI","t":"C560"},"38D8":{"r":"HB-VNS","t":"C560"},"38DB":{"r":"HB-VNV","t":"LJ60"},"38DC":{"r":"HB-VNW","t":"C560"},"38DF":{"r":"HB-VNZ","t":"C550"},"38E2":{"r":"HB-VOC","t":"C560"},"38E4":{"r":"HB-VOE","t":"C25A"},"38E5":{"r":"HB-VOF","t":"C525"},"38E6":{"r":"HB-VOG","t":"C525"},"38E7":{"r":"HB-VOH","t":"C550"},"38E8":{"r":"HB-VOI","t":"PRM1"},"38E9":{"r":"HB-VOJ","t":"H25B"},"38EB":{"r":"HB-VOL","t":"C25A"},"38ED":{"r":"HB-VON","t":"C560"},"38EE":{"r":"HB-VOO","t":"H25C"},"38EF":{"r":"HB-VOP","t":"C25A"},"38F0":{"r":"HB-VOQ","t":"H25C"},"38F2":{"r":"HB-VOS","t":"PRM1"},"38F3":{"r":"HB-VOT","t":"H25B"},"38F4":{"r":"HB-VOU","t":"C560"},"38F5":{"r":"HB-VOV","t":"C525"},"38F6":{"r":"HB-VOW","t":"C25B"},"38F8":{"r":"HB-VOY","t":"H25B"},"38F9":{"r":"HB-VOZ","t":"LJ60"},"38FA":{"r":"HB-VPA","t":"C25C"},"38FB":{"r":"HB-VPB","t":"C25A"},"38FE":{"r":"HB-VPE","t":"C25A"},"38FF":{"r":"HB-VPF","t":"C525"},"3900":{"r":"HB-VPG","t":"E55P"},"3903":{"r":"HB-VPJ","t":"H25B"},"3906":{"r":"HB-VPM","t":"C510"},"390B":{"r":"HB-VPR","t":"E55P"},"390F":{"r":"HB-VPV","t":"BE40"},"3943":{"r":"HB-VRV","t":"E50P"},"3974":{"r":"HB-VTS","t":"PRM1"},"39B0":{"r":"HB-VWA","t":"C25A"},"39B1":{"r":"HB-VWB","t":"C25B"},"39B2":{"r":"HB-VWC","t":"C25B"},"39B3":{"r":"HB-VWD","t":"C56X"},"39B4":{"r":"HB-VWE","t":"C56X"},"39B5":{"r":"HB-VWF","t":"C525"},"39B9":{"r":"HB-VWJ","t":"C560"},"39BB":{"r":"HB-VWL","t":"C510"},"39BC":{"r":"HB-VWM","t":"C525"},"39BD":{"r":"HB-VWN","t":"LJ60"},"39C0":{"r":"HB-VWQ","t":"E50P"},"39C2":{"r":"HB-VWS","t":"C510"},"39C6":{"r":"HB-VWW","t":"C525"},"39C9":{"r":"HB-VWZ","t":"C510"},"39F0":{"r":"HB-VYM","t":"E55P"},"3EF6":{"r":"HB-XVY","t":"AS32"},"4073":{"r":"HB-YKP","t":"GLST"},"40B1":{"r":"HB-YMZ","t":"RV4"},"424E":{"r":"HB-ZCW","t":"MD90"},"437E":{"r":"HB-ZOO","t":"AS55"},"43DF":{"r":"HB-ZSH","t":"EC20"},"4421":{"r":"HB-ZUV","t":"A139"},"4CCA":{"r":"HB-2083","t":"G109"},"4E42":{"r":"HB-2459","t":"DIMO"},"7F4C":{"r":"T-785","t":"F900"},"7F5A":{"r":"A-108","t":"PC21"},"7F5B":{"r":"A-107","t":"PC21"},"7F77":{"r":"T-729","t":"B190"},"7F9D":{"r":"T-322","t":"AS32"},"7FA2":{"r":"T-317","t":"AS32"},"7FA5":{"r":"T-314","t":"AS32"},"7FA9":{"r":"A-106","t":"PC21"},"7FAA":{"r":"A-105","t":"PC21"},"7FAB":{"r":"A-104","t":"PC21"},"7FAC":{"r":"A-103","t":"PC21"},"7FAD":{"r":"A-102","t":"PC21"},"7FAE":{"r":"A-101","t":"PC21"},"7FD4":{"r":"T-784","t":"C56X"},"7FD5":{"r":"T-721","t":"B350"},"7FE3":{"r":"T-783","t":"FA50"},"8209":{"r":"004","t":"C650"},"820A":{"r":"005","t":"C650"},"8260":{"r":"69-032","t":"C160"},"8425":{"r":"TC-AAE","t":"B738"},"8428":{"r":"TC-AAH","t":"B738"},"8429":{"r":"TC-AAI","t":"B738"},"842A":{"r":"TC-AAJ","t":"B738"},"842B":{"r":"TC-AAK","t":"B738"},"842C":{"r":"TC-AAL","t":"B738"},"842E":{"r":"TC-AAN","t":"B738"},"842F":{"r":"TC-AAO","t":"B738"},"8430":{"r":"TC-AAP","t":"B738"},"8432":{"r":"TC-AAR","t":"B738"},"8433":{"r":"TC-AAS","t":"B738"},"8434":{"r":"TC-AAT","t":"B738"},"8435":{"r":"TC-AAU","t":"B738"},"8436":{"r":"TC-AAV","t":"B738"},"8439":{"r":"TC-AAY","t":"B738"},"843A":{"r":"TC-AAZ","t":"B738"},"844B":{"r":"TC-ABK","t":"A30B"},"844C":{"r":"TC-ABL","t":"A320"},"844E":{"r":"TC-ABN","t":"CL60"},"8450":{"r":"TC-ABP","t":"B738"},"8464":{"r":"TC-ACD","t":"A30B"},"8465":{"r":"TC-ACE","t":"A30B"},"8466":{"r":"TC-ACF","t":"B744"},"8468":{"r":"TC-ACH","t":"B744"},"8470":{"r":"TC-ACP","t":"B738"},"8475":{"r":"TC-ACU","t":"A30B"},"8479":{"r":"TC-ACY","t":"A30B"},"847A":{"r":"TC-ACZ","t":"A30B"},"8490":{"r":"TC-ADP","t":"B738"},"84B0":{"r":"TC-AEP","t":"B738"},"84C6":{"r":"TC-AFF","t":"CL30"},"84EB":{"r":"TC-AGK","t":"A30B"},"84F0":{"r":"TC-AGP","t":"B738"},"8510":{"r":"TC-AHP","t":"B738"},"8530":{"r":"TC-AIP","t":"B738"},"8533":{"r":"TC-AIS","t":"B738"},"8550":{"r":"TC-AJP","t":"B738"},"856B":{"r":"TC-AKK","t":"F900"},"85B0":{"r":"TC-AMP","t":"B738"},"85C1":{"r":"TC-ANA","t":"A319"},"85D0":{"r":"TC-ANP","t":"B738"},"8604":{"r":"TC-APD","t":"B734"},"8608":{"r":"TC-APH","t":"B738"},"8609":{"r":"TC-API","t":"B738"},"860A":{"r":"TC-APJ","t":"B738"},"8612":{"r":"TC-APR","t":"B734"},"8615":{"r":"TC-APU","t":"B738"},"8642":{"r":"TC-ARB","t":"CL30"},"8643":{"r":"TC-ARC","t":"LJ60"},"8644":{"r":"TC-ARD","t":"CL60"},"8650":{"r":"TC-ARP","t":"B734"},"866C":{"r":"TC-ASL","t":"CL60"},"8670":{"r":"TC-ASP","t":"B738"},"8681":{"r":"TC-ATA","t":"GLF4"},"8682":{"r":"TC-ATB","t":"A321"},"8683":{"r":"TC-ATC","t":"F2TH"},"8684":{"r":"TC-ATD","t":"A319"},"8685":{"r":"TC-ATE","t":"A321"},"8686":{"r":"TC-ATF","t":"A321"},"8687":{"r":"TC-ATG","t":"A321"},"8688":{"r":"TC-ATH","t":"A321"},"868A":{"r":"TC-ATJ","t":"A320"},"868B":{"r":"TC-ATK","t":"A320"},"868D":{"r":"TC-ATM","t":"A320"},"868F":{"r":"TC-ATO","t":"A321"},"8690":{"r":"TC-ATP","t":"C680"},"8694":{"r":"TC-ATT","t":"A320"},"8699":{"r":"TC-ATY","t":"A321"},"86D0":{"r":"TC-AVP","t":"B738"},"8750":{"r":"TC-AZP","t":"B738"},"8752":{"r":"TC-AZR","t":"F900"},"8C70":{"r":"TC-CCP","t":"B738"},"8D87":{"r":"TC-CLG","t":"H25B"},"8D88":{"r":"TC-CLH","t":"CL60"},"8DAB":{"r":"TC-CMK","t":"CL60"},"8E01":{"r":"TC-CPA","t":"B738"},"8E02":{"r":"TC-CPB","t":"B738"},"8E03":{"r":"TC-CPC","t":"B738"},"8E04":{"r":"TC-CPD","t":"B738"},"8E05":{"r":"TC-CPE","t":"B738"},"8E06":{"r":"TC-CPF","t":"B738"},"8E07":{"r":"TC-CPG","t":"B738"},"8E09":{"r":"TC-CPI","t":"B738"},"8E0A":{"r":"TC-CPJ","t":"B738"},"8E0C":{"r":"TC-CPL","t":"B738"},"8E0D":{"r":"TC-CPM","t":"B738"},"8E0E":{"r":"TC-CPN","t":"B738"},"8E0F":{"r":"TC-CPO","t":"B738"},"8E81":{"r":"TC-CTA","t":"B738"},"9027":{"r":"TC-DAG","t":"C56X"},"902B":{"r":"TC-DAK","t":"C56X"},"9061":{"r":"TC-DCA","t":"A320"},"9065":{"r":"TC-DCE","t":"A320"},"90EE":{"r":"TC-DGN","t":"F2TH"},"919A":{"r":"TC-DLZ","t":"C56X"},"91B2":{"r":"TC-DMR","t":"H25B"},"91F9":{"r":"TC-DOY","t":"H25B"},"932F":{"r":"TC-DYO","t":"GLF4"},"9685":{"r":"TC-ETE","t":"B752"},"9686":{"r":"TC-ETF","t":"A321"},"9688":{"r":"TC-ETH","t":"A321"},"968A":{"r":"TC-ETJ","t":"A321"},"968D":{"r":"TC-ETM","t":"A321"},"968E":{"r":"TC-ETN","t":"A321"},"9690":{"r":"TC-ETP","t":"A332"},"9696":{"r":"TC-ETV","t":"A321"},"9845":{"r":"TC-FBE","t":"A320"},"9846":{"r":"TC-FBF","t":"A320"},"9847":{"r":"TC-FBG","t":"A321"},"9848":{"r":"TC-FBH","t":"A320"},"984A":{"r":"TC-FBJ","t":"A320"},"984F":{"r":"TC-FBO","t":"A320"},"9852":{"r":"TC-FBR","t":"A320"},"9856":{"r":"TC-FBV","t":"A320"},"9859":{"r":"TC-FBY","t":"A320"},"9902":{"r":"TC-FHB","t":"A320"},"9905":{"r":"TC-FHE","t":"A320"},"9922":{"r":"TC-FIB","t":"CL60"},"992E":{"r":"TC-FIN","t":"H25B"},"9C30":{"r":"TC-GAP","t":"GLF4"},"9DAD":{"r":"TC-GMM","t":"FA7X"},"9EB2":{"r":"TC-GUR","t":"C25B"},"9ED3":{"r":"TC-GVS","t":"E135"},"A468":{"r":"TC-ICH","t":"E135"},"A4A8":{"r":"TC-IEH","t":"A321"},"A599":{"r":"TC-ILY","t":"H25B"},"A60B":{"r":"TC-IPK","t":"GLF4"},"A672":{"r":"TC-ISR","t":"CL30"},"A674":{"r":"TC-IST","t":"C680"},"A741":{"r":"TC-IZA","t":"A320"},"A742":{"r":"TC-IZB","t":"B738"},"A743":{"r":"TC-IZC","t":"B738"},"A744":{"r":"TC-IZD","t":"B738"},"A745":{"r":"TC-IZE","t":"B738"},"A746":{"r":"TC-IZF","t":"B738"},"A747":{"r":"TC-IZG","t":"B738"},"A748":{"r":"TC-IZH","t":"A319"},"A74C":{"r":"TC-IZL","t":"A320"},"A752":{"r":"TC-IZR","t":"A319"},"A829":{"r":"TC-JAI","t":"A320"},"A849":{"r":"TC-JBI","t":"A320"},"A874":{"r":"TC-JCT","t":"A310"},"A876":{"r":"TC-JCV","t":"A310"},"A879":{"r":"TC-JCY","t":"A310"},"A87A":{"r":"TC-JCZ","t":"A310"},"A887":{"r":"TC-JDG","t":"B734"},"A888":{"r":"TC-JDH","t":"B734"},"A88A":{"r":"TC-JDJ","t":"A343"},"A88B":{"r":"TC-JDK","t":"A343"},"A88C":{"r":"TC-JDL","t":"A343"},"A88D":{"r":"TC-JDM","t":"A343"},"A88E":{"r":"TC-JDN","t":"A343"},"A88F":{"r":"TC-JDO","t":"A332"},"A890":{"r":"TC-JDP","t":"A332"},"A892":{"r":"TC-JDR","t":"A332"},"A894":{"r":"TC-JDT","t":"B734"},"A8C3":{"r":"TC-JFC","t":"B738"},"A8C4":{"r":"TC-JFD","t":"B738"},"A8C5":{"r":"TC-JFE","t":"B738"},"A8C6":{"r":"TC-JFF","t":"B738"},"A8C7":{"r":"TC-JFG","t":"B738"},"A8C8":{"r":"TC-JFH","t":"B738"},"A8C9":{"r":"TC-JFI","t":"B738"},"A8CA":{"r":"TC-JFJ","t":"B738"},"A8CB":{"r":"TC-JFK","t":"B738"},"A8CC":{"r":"TC-JFL","t":"B738"},"A8CD":{"r":"TC-JFM","t":"B738"},"A8CE":{"r":"TC-JFN","t":"B738"},"A8CF":{"r":"TC-JFO","t":"B738"},"A8D0":{"r":"TC-JFP","t":"B738"},"A8D2":{"r":"TC-JFR","t":"B738"},"A8D4":{"r":"TC-JFT","t":"B738"},"A8D5":{"r":"TC-JFU","t":"B738"},"A8D6":{"r":"TC-JFV","t":"B738"},"A8D9":{"r":"TC-JFY","t":"B738"},"A8DA":{"r":"TC-JFZ","t":"B738"},"A8E1":{"r":"TC-JGA","t":"B738"},"A8E2":{"r":"TC-JGB","t":"B738"},"A8E3":{"r":"TC-JGC","t":"B738"},"A8E4":{"r":"TC-JGD","t":"B738"},"A8E6":{"r":"TC-JGF","t":"B738"},"A8E7":{"r":"TC-JGG","t":"B738"},"A8E8":{"r":"TC-JGH","t":"B738"},"A8E9":{"r":"TC-JGI","t":"B738"},"A8EA":{"r":"TC-JGJ","t":"B738"},"A8EB":{"r":"TC-JGK","t":"B738"},"A8EC":{"r":"TC-JGL","t":"B738"},"A8ED":{"r":"TC-JGM","t":"B738"},"A8EE":{"r":"TC-JGN","t":"B738"},"A8EF":{"r":"TC-JGO","t":"B738"},"A8F0":{"r":"TC-JGP","t":"B738"},"A8F2":{"r":"TC-JGR","t":"B738"},"A8F3":{"r":"TC-JGS","t":"B738"},"A8F4":{"r":"TC-JGT","t":"B738"},"A8F5":{"r":"TC-JGU","t":"B738"},"A8F6":{"r":"TC-JGV","t":"B738"},"A8F9":{"r":"TC-JGY","t":"B738"},"A8FA":{"r":"TC-JGZ","t":"B738"},"A901":{"r":"TC-JHA","t":"B738"},"A902":{"r":"TC-JHB","t":"B738"},"A903":{"r":"TC-JHC","t":"B738"},"A904":{"r":"TC-JHD","t":"B738"},"A905":{"r":"TC-JHE","t":"B738"},"A906":{"r":"TC-JHF","t":"B738"},"A907":{"r":"TC-JHG","t":"B738"},"A908":{"r":"TC-JHH","t":"B738"},"A909":{"r":"TC-JHI","t":"B738"},"A90A":{"r":"TC-JHJ","t":"B738"},"A90B":{"r":"TC-JHK","t":"B738"},"A90C":{"r":"TC-JHL","t":"B738"},"A90D":{"r":"TC-JHM","t":"B738"},"A90E":{"r":"TC-JHN","t":"B738"},"A90F":{"r":"TC-JHO","t":"B738"},"A910":{"r":"TC-JHP","t":"B738"},"A912":{"r":"TC-JHR","t":"B738"},"A913":{"r":"TC-JHS","t":"B738"},"A914":{"r":"TC-JHT","t":"B738"},"A915":{"r":"TC-JHU","t":"B738"},"A916":{"r":"TC-JHV","t":"B738"},"A919":{"r":"TC-JHY","t":"B738"},"A91A":{"r":"TC-JHZ","t":"B738"},"A928":{"r":"TC-JIH","t":"A343"},"A929":{"r":"TC-JII","t":"A343"},"A92A":{"r":"TC-JIJ","t":"A343"},"A92B":{"r":"TC-JIK","t":"A343"},"A92D":{"r":"TC-JIM","t":"A332"},"A92F":{"r":"TC-JIO","t":"A332"},"A930":{"r":"TC-JIP","t":"A332"},"A932":{"r":"TC-JIR","t":"A332"},"A933":{"r":"TC-JIS","t":"A332"},"A934":{"r":"TC-JIT","t":"A332"},"A941":{"r":"TC-JJA","t":"B77W"},"A942":{"r":"TC-JJB","t":"B77W"},"A943":{"r":"TC-JJC","t":"B77W"},"A944":{"r":"TC-JJD","t":"B77W"},"A945":{"r":"TC-JJE","t":"B773"},"A946":{"r":"TC-JJF","t":"B77W"},"A947":{"r":"TC-JJG","t":"B77W"},"A948":{"r":"TC-JJH","t":"B77W"},"A949":{"r":"TC-JJI","t":"B773"},"A94A":{"r":"TC-JJJ","t":"B77W"},"A94B":{"r":"TC-JJK","t":"B77W"},"A94C":{"r":"TC-JJL","t":"B77W"},"A94D":{"r":"TC-JJM","t":"B77W"},"A94E":{"r":"TC-JJN","t":"B77W"},"A94F":{"r":"TC-JJO","t":"B77W"},"A950":{"r":"TC-JJP","t":"B77W"},"A952":{"r":"TC-JJR","t":"B77W"},"A953":{"r":"TC-JJS","t":"B77W"},"A954":{"r":"TC-JJT","t":"B77W"},"A955":{"r":"TC-JJU","t":"B77W"},"A956":{"r":"TC-JJV","t":"B77W"},"A95A":{"r":"TC-JJZ","t":"B77W"},"A967":{"r":"TC-JKG","t":"B737"},"A968":{"r":"TC-JKH","t":"B737"},"A969":{"r":"TC-JKI","t":"B737"},"A96A":{"r":"TC-JKJ","t":"B737"},"A96B":{"r":"TC-JKK","t":"B737"},"A96C":{"r":"TC-JKL","t":"B737"},"A96D":{"r":"TC-JKM","t":"B737"},"A96E":{"r":"TC-JKN","t":"B737"},"A96F":{"r":"TC-JKO","t":"B737"},"A970":{"r":"TC-JKP","t":"B737"},"A972":{"r":"TC-JKR","t":"B737"},"A973":{"r":"TC-JKS","t":"B737"},"A974":{"r":"TC-JKT","t":"B737"},"A98A":{"r":"TC-JLJ","t":"A320"},"A98B":{"r":"TC-JLK","t":"A320"},"A98C":{"r":"TC-JLL","t":"A320"},"A98D":{"r":"TC-JLM","t":"A319"},"A98E":{"r":"TC-JLN","t":"A319"},"A98F":{"r":"TC-JLO","t":"A319"},"A990":{"r":"TC-JLP","t":"A319"},"A992":{"r":"TC-JLR","t":"A319"},"A993":{"r":"TC-JLS","t":"A319"},"A994":{"r":"TC-JLT","t":"A319"},"A995":{"r":"TC-JLU","t":"A319"},"A996":{"r":"TC-JLV","t":"A319"},"A999":{"r":"TC-JLY","t":"A319"},"A99A":{"r":"TC-JLZ","t":"A319"},"A9A3":{"r":"TC-JMC","t":"A321"},"A9A4":{"r":"TC-JMD","t":"A321"},"A9A5":{"r":"TC-JME","t":"A321"},"A9A6":{"r":"TC-JMF","t":"A321"},"A9A8":{"r":"TC-JMH","t":"A321"},"A9A9":{"r":"TC-JMI","t":"A321"},"A9AA":{"r":"TC-JMJ","t":"A321"},"A9AB":{"r":"TC-JMK","t":"A321"},"A9AC":{"r":"TC-JML","t":"A321"},"A9AE":{"r":"TC-JMN","t":"A321"},"A9C1":{"r":"TC-JNA","t":"A332"},"A9C2":{"r":"TC-JNB","t":"A332"},"A9C3":{"r":"TC-JNC","t":"A332"},"A9C4":{"r":"TC-JND","t":"A332"},"A9C5":{"r":"TC-JNE","t":"A332"},"A9C6":{"r":"TC-JNF","t":"A332"},"A9C7":{"r":"TC-JNG","t":"A332"},"A9C8":{"r":"TC-JNH","t":"A332"},"A9C9":{"r":"TC-JNI","t":"A333"},"A9CA":{"r":"TC-JNJ","t":"A333"},"A9CB":{"r":"TC-JNK","t":"A333"},"A9CC":{"r":"TC-JNL","t":"A333"},"A9CD":{"r":"TC-JNM","t":"A333"},"A9CE":{"r":"TC-JNN","t":"A333"},"A9CF":{"r":"TC-JNO","t":"A333"},"A9D0":{"r":"TC-JNP","t":"A333"},"A9D2":{"r":"TC-JNR","t":"A333"},"A9D3":{"r":"TC-JNS","t":"A333"},"A9D4":{"r":"TC-JNT","t":"A333"},"A9DA":{"r":"TC-JNZ","t":"A333"},"A9E1":{"r":"TC-JOA","t":"A333"},"A9E2":{"r":"TC-JOB","t":"A333"},"A9E3":{"r":"TC-JOC","t":"A333"},"A9E4":{"r":"TC-JOD","t":"A333"},"A9E5":{"r":"TC-JOE","t":"A333"},"A9E6":{"r":"TC-JOF","t":"A333"},"A9E8":{"r":"TC-JOH","t":"A333"},"A9ED":{"r":"TC-JOM","t":"A333"},"A9F5":{"r":"TC-JOU","t":"A332"},"AA01":{"r":"TC-JPA","t":"A320"},"AA02":{"r":"TC-JPB","t":"A320"},"AA03":{"r":"TC-JPC","t":"A320"},"AA04":{"r":"TC-JPD","t":"A320"},"AA05":{"r":"TC-JPE","t":"A320"},"AA06":{"r":"TC-JPF","t":"A320"},"AA07":{"r":"TC-JPG","t":"A320"},"AA08":{"r":"TC-JPH","t":"A320"},"AA09":{"r":"TC-JPI","t":"A320"},"AA0A":{"r":"TC-JPJ","t":"A320"},"AA0B":{"r":"TC-JPK","t":"A320"},"AA0C":{"r":"TC-JPL","t":"A320"},"AA0D":{"r":"TC-JPM","t":"A320"},"AA0E":{"r":"TC-JPN","t":"A320"},"AA0F":{"r":"TC-JPO","t":"A320"},"AA10":{"r":"TC-JPP","t":"A320"},"AA12":{"r":"TC-JPR","t":"A320"},"AA13":{"r":"TC-JPS","t":"A320"},"AA14":{"r":"TC-JPT","t":"A320"},"AA15":{"r":"TC-JPU","t":"A320"},"AA16":{"r":"TC-JPV","t":"A320"},"AA19":{"r":"TC-JPY","t":"A320"},"AA41":{"r":"TC-JRA","t":"A321"},"AA42":{"r":"TC-JRB","t":"A321"},"AA43":{"r":"TC-JRC","t":"A321"},"AA44":{"r":"TC-JRD","t":"A321"},"AA45":{"r":"TC-JRE","t":"A321"},"AA46":{"r":"TC-JRF","t":"A321"},"AA47":{"r":"TC-JRG","t":"A321"},"AA48":{"r":"TC-JRH","t":"A321"},"AA49":{"r":"TC-JRI","t":"A321"},"AA4A":{"r":"TC-JRJ","t":"A321"},"AA4B":{"r":"TC-JRK","t":"A321"},"AA4C":{"r":"TC-JRL","t":"A321"},"AA4D":{"r":"TC-JRM","t":"A321"},"AA4E":{"r":"TC-JRN","t":"A321"},"AA4F":{"r":"TC-JRO","t":"A321"},"AA50":{"r":"TC-JRP","t":"A321"},"AA52":{"r":"TC-JRR","t":"A321"},"AA53":{"r":"TC-JRS","t":"A321"},"AA54":{"r":"TC-JRT","t":"A321"},"AA55":{"r":"TC-JRU","t":"A321"},"AA56":{"r":"TC-JRV","t":"A321"},"AA59":{"r":"TC-JRY","t":"A321"},"AA5A":{"r":"TC-JRZ","t":"A321"},"AA61":{"r":"TC-JSA","t":"A321"},"AA62":{"r":"TC-JSB","t":"A321"},"AA63":{"r":"TC-JSC","t":"A321"},"AA64":{"r":"TC-JSD","t":"A321"},"AA65":{"r":"TC-JSE","t":"A321"},"AA66":{"r":"TC-JSF","t":"A321"},"AA67":{"r":"TC-JSG","t":"A321"},"AA68":{"r":"TC-JSH","t":"A321"},"AA69":{"r":"TC-JSI","t":"A321"},"AA6A":{"r":"TC-JSJ","t":"A321"},"AA6B":{"r":"TC-JSK","t":"A321"},"AA6C":{"r":"TC-JSL","t":"A321"},"AA6D":{"r":"TC-JSM","t":"A321"},"AA6E":{"r":"TC-JSN","t":"A321"},"AA6F":{"r":"TC-JSO","t":"A321"},"AA70":{"r":"TC-JSP","t":"A321"},"AA74":{"r":"TC-JST","t":"A321"},"AA75":{"r":"TC-JSU","t":"A321"},"AA76":{"r":"TC-JSV","t":"A321"},"AAA1":{"r":"TC-JUA","t":"A319"},"AAA2":{"r":"TC-JUB","t":"A319"},"AAA4":{"r":"TC-JUD","t":"A319"},"AAC1":{"r":"TC-JVA","t":"B738"},"AAC2":{"r":"TC-JVB","t":"B738"},"AAC3":{"r":"TC-JVC","t":"B738"},"AAC4":{"r":"TC-JVD","t":"B738"},"AAC5":{"r":"TC-JVE","t":"B738"},"AAC6":{"r":"TC-JVF","t":"B738"},"AAC7":{"r":"TC-JVG","t":"B738"},"AB21":{"r":"TC-JYA","t":"B739"},"AB22":{"r":"TC-JYB","t":"B739"},"AB23":{"r":"TC-JYC","t":"B739"},"AB24":{"r":"TC-JYD","t":"B739"},"AB25":{"r":"TC-JYE","t":"B739"},"AB26":{"r":"TC-JYF","t":"B739"},"AB27":{"r":"TC-JYG","t":"B739"},"AB28":{"r":"TC-JYH","t":"B739"},"AB29":{"r":"TC-JYI","t":"B739"},"AB2A":{"r":"TC-JYJ","t":"B739"},"AB2C":{"r":"TC-JYL","t":"B739"},"AB2D":{"r":"TC-JYM","t":"B739"},"AB2E":{"r":"TC-JYN","t":"B739"},"AB30":{"r":"TC-JYP","t":"B739"},"AC32":{"r":"TC-KAR","t":"CL30"},"AD01":{"r":"TC-KHA","t":"H25B"},"AD02":{"r":"TC-KHB","t":"GLF4"},"AD07":{"r":"TC-KHG","t":"GLF5"},"AD81":{"r":"TC-KLA","t":"A320"},"AD82":{"r":"TC-KLB","t":"A320"},"AE4D":{"r":"TC-KRM","t":"GL5T"},"AE84":{"r":"TC-KTD","t":"A321"},"AF56":{"r":"TC-KZV","t":"A30B"},"B0B2":{"r":"TC-LER","t":"A310"},"B143":{"r":"TC-LJC","t":"B77W"},"B18C":{"r":"TC-LLL","t":"C56X"},"B1D3":{"r":"TC-LNS","t":"C56X"},"B42E":{"r":"TC-MAN","t":"H25B"},"B42F":{"r":"TC-MAO","t":"B738"},"B461":{"r":"TC-MCA","t":"A306"},"B462":{"r":"TC-MCB","t":"A30B"},"B463":{"r":"TC-MCC","t":"A306"},"B464":{"r":"TC-MCD","t":"A306"},"B465":{"r":"TC-MCE","t":"A306"},"B466":{"r":"TC-MCF","t":"B734"},"B47A":{"r":"TC-MCZ","t":"A332"},"B4AE":{"r":"TC-MEN","t":"LJ60"},"B541":{"r":"TC-MJA","t":"GL5T"},"B542":{"r":"TC-MJB","t":"CL60"},"B561":{"r":"TC-MKA","t":"C550"},"B572":{"r":"TC-MKR","t":"F900"},"B5A7":{"r":"TC-MMG","t":"F900"},"B5C2":{"r":"TC-MNB","t":"A30B"},"B5C3":{"r":"TC-MNC","t":"A30B"},"B5C4":{"r":"TC-MND","t":"A30B"},"B5CA":{"r":"TC-MNJ","t":"A30B"},"B5D5":{"r":"TC-MNU","t":"A30B"},"B5D6":{"r":"TC-MNV","t":"A306"},"B5E8":{"r":"TC-MOH","t":"H25B"},"B64B":{"r":"TC-MRK","t":"F2TH"},"B662":{"r":"TC-MSB","t":"BE40"},"B66F":{"r":"TC-MSO","t":"B738"},"B741":{"r":"TC-MZA","t":"GLF4"},"B75A":{"r":"TC-MZZ","t":"B738"},"B8AF":{"r":"TC-NEO","t":"BE40"},"BAA2":{"r":"TC-NUB","t":"H25B"},"BC21":{"r":"TC-OAA","t":"A306"},"BC22":{"r":"TC-OAB","t":"A306"},"BC25":{"r":"TC-OAE","t":"A321"},"BC26":{"r":"TC-OAF","t":"A321"},"BC27":{"r":"TC-OAG","t":"A306"},"BC28":{"r":"TC-OAH","t":"A306"},"BC29":{"r":"TC-OAI","t":"A321"},"BC2B":{"r":"TC-OAK","t":"A321"},"BC2C":{"r":"TC-OAL","t":"A321"},"BC2E":{"r":"TC-OAN","t":"A321"},"BC2F":{"r":"TC-OAO","t":"A306"},"BC30":{"r":"TC-TUB","t":"A321"},"BC33":{"r":"TC-OAS","t":"MD83"},"BC34":{"r":"TC-OAT","t":"MD83"},"BC35":{"r":"TC-OAU","t":"MD83"},"BC36":{"r":"TC-OAV","t":"MD83"},"BC3A":{"r":"TC-OAZ","t":"A306"},"BC44":{"r":"TC-OBD","t":"A320"},"BC45":{"r":"TC-OBE","t":"A320"},"BC46":{"r":"TC-OBF","t":"A321"},"BC47":{"r":"TC-OBG","t":"A320"},"BC48":{"r":"TC-OBH","t":"A320"},"BC49":{"r":"TC-OBI","t":"A320"},"BC4A":{"r":"TC-OBJ","t":"A321"},"BC4B":{"r":"TC-OBK","t":"A321"},"BC4C":{"r":"TC-OBL","t":"A321"},"BC4D":{"r":"TC-OBM","t":"A321"},"BC4E":{"r":"TC-OBN","t":"A320"},"BC4F":{"r":"TC-OBO","t":"A320"},"BC50":{"r":"TC-OBP","t":"A320"},"BC52":{"r":"TC-OBR","t":"A321"},"BC53":{"r":"TC-OBS","t":"A320"},"BC55":{"r":"TC-OBU","t":"A320"},"BC56":{"r":"TC-OBV","t":"A321"},"BC59":{"r":"TC-OBY","t":"A321"},"BC5A":{"r":"TC-OBZ","t":"A321"},"BC61":{"r":"TC-OCA","t":"A333"},"BC62":{"r":"TC-OCB","t":"A333"},"BC63":{"r":"TC-OCC","t":"A333"},"BC64":{"r":"TC-OCD","t":"A333"},"BCEA":{"r":"TC-OGJ","t":"A320"},"BCF4":{"r":"TC-OGT","t":"B752"},"BD2C":{"r":"TC-OIL","t":"FA7X"},"BDCA":{"r":"TC-ONJ","t":"A321"},"BDCD":{"r":"TC-ONM","t":"MD88"},"BDCE":{"r":"TC-ONN","t":"MD88"},"BDCF":{"r":"TC-ONO","t":"MD88"},"BDD0":{"r":"TC-ONP","t":"MD88"},"BDD2":{"r":"TC-ONR","t":"MD88"},"BDD3":{"r":"TC-ONS","t":"A321"},"BF24":{"r":"TC-OYD","t":"C680"},"C9AB":{"r":"TC-RMK","t":"F2TH"},"CC22":{"r":"TC-SAB","t":"CL60"},"CC23":{"r":"TC-SAC","t":"B738"},"CC24":{"r":"TC-SAD","t":"B738"},"CC25":{"r":"TC-SAE","t":"B738"},"CC26":{"r":"TC-SAF"},"CC27":{"r":"TC-SAG"},"CC29":{"r":"TC-SAI","t":"B738"},"CC2A":{"r":"TC-SAJ","t":"B738"},"CC2B":{"r":"TC-SAK","t":"B738"},"CC4C":{"r":"TC-SBL","t":"H25B"},"CC72":{"r":"TC-SCR","t":"CL30"},"CCE2":{"r":"TC-SGB","t":"A310"},"CCE4":{"r":"TC-SGD","t":"B734"},"CCE5":{"r":"TC-SGE","t":"B734"},"CCE8":{"r":"TC-SGH","t":"B738"},"CCE9":{"r":"TC-SGI","t":"B738"},"CCEC":{"r":"TC-SGL","t":"B738"},"CCED":{"r":"TC-SGM","t":"A310"},"CCEE":{"r":"TC-SGN","t":"A320"},"CCEF":{"r":"TC-SGO","t":"F2TH"},"CD05":{"r":"TC-SHE","t":"H25B"},"CD64":{"r":"TC-SKD","t":"B734"},"CD65":{"r":"TC-SKE","t":"B734"},"CD66":{"r":"TC-SKF","t":"B734"},"CD67":{"r":"TC-SKG","t":"B734"},"CD68":{"r":"TC-SKH","t":"B738"},"CD69":{"r":"TC-SKI","t":"A321"},"CD6A":{"r":"TC-SKJ","t":"A320"},"CD6B":{"r":"TC-SKK","t":"A320"},"CD6D":{"r":"TC-SKM","t":"B734"},"CD6E":{"r":"TC-SKN","t":"B739"},"CD70":{"r":"TC-SKP","t":"B739"},"CD72":{"r":"TC-SKR","t":"B738"},"CD73":{"r":"TC-SKS","t":"B738"},"CD74":{"r":"TC-SKT","t":"A320"},"CDC5":{"r":"TC-SNE","t":"B738"},"CDC6":{"r":"TC-SNF","t":"B738"},"CDC7":{"r":"TC-SNG","t":"B738"},"CDC8":{"r":"TC-SNH","t":"B738"},"CDC9":{"r":"TC-SNI","t":"B738"},"CDCA":{"r":"TC-SNJ","t":"B738"},"CDCB":{"r":"TC-SNK","t":"F2TH"},"CDCC":{"r":"TC-SNL","t":"B738"},"CDCD":{"r":"TC-SNM","t":"B738"},"CDCE":{"r":"TC-SNN","t":"B738"},"CDCF":{"r":"TC-SNO","t":"B738"},"CDD0":{"r":"TC-SNP","t":"B738"},"CDD2":{"r":"TC-SNR","t":"B738"},"CDD4":{"r":"TC-SNT","t":"B738"},"CDD5":{"r":"TC-SNU","t":"B738"},"CDD6":{"r":"TC-SNV","t":"B738"},"CDD9":{"r":"TC-SNY","t":"B738"},"CE0C":{"r":"TC-SPL","t":"CL30"},"CE8F":{"r":"TC-STO","t":"C650"},"CEA9":{"r":"TC-SUI","t":"B738"},"CEAC":{"r":"TC-SUL","t":"B738"},"CEAD":{"r":"TC-SUM","t":"B738"},"CEAF":{"r":"TC-SUO","t":"B738"},"CEB5":{"r":"TC-SUU","t":"B738"},"CEB6":{"r":"TC-SUV","t":"B738"},"CEB9":{"r":"TC-SUY","t":"B738"},"CEBA":{"r":"TC-SUZ","t":"B738"},"D036":{"r":"TC-TAV","t":"H25B"},"D063":{"r":"TC-TCC","t":"A320"},"D065":{"r":"TC-TCE","t":"A321"},"D066":{"r":"TC-TCF","t":"A321"},"D067":{"r":"TC-TCG","t":"A321"},"D068":{"r":"TC-TCH","t":"A320"},"D142":{"r":"TC-TJB","t":"B733"},"D143":{"r":"TC-TJC","t":"B734"},"D145":{"r":"TC-TJE","t":"B734"},"D146":{"r":"TC-TJF","t":"B734"},"D147":{"r":"TC-TJG","t":"B738"},"D148":{"r":"TC-TJH","t":"B738"},"D149":{"r":"TC-TJI","t":"B738"},"D14A":{"r":"TC-TJJ","t":"B738"},"D14B":{"r":"TC-TJK","t":"B738"},"D150":{"r":"TC-TJP","t":"B738"},"D16E":{"r":"TC-TKN","t":"C680"},"D181":{"r":"TC-TLA","t":"B734"},"D182":{"r":"TC-TLB","t":"B734"},"D183":{"r":"TC-TLC","t":"B734"},"D184":{"r":"TC-TLD","t":"B734"},"D185":{"r":"TC-TLE","t":"B734"},"D188":{"r":"TC-TLH","t":"B738"},"D283":{"r":"TC-TTC","t":"GLF5"},"D2C1":{"r":"TC-TVA","t":"C680"},"D8AC":{"r":"TC-VEL","t":"A310"},"E421":{"r":"TC-YAA","t":"GLEX"},"E427":{"r":"TC-YAG","t":"E190"},"children":["4B1"]}