{"0188":{"r":"YU-AMI","t":"IL76"},"01A3":{"r":"YU-AND","t":"B733"},"01A5":{"r":"YU-ANF","t":"B733"},"01A8":{"r":"YU-ANI","t":"B733"},"01A9":{"r":"YU-ANJ","t":"B733"},"01AA":{"r":"YU-ANK","t":"B733"},"01AB":{"r":"YU-ANL","t":"B733"},"01AF":{"r":"YU-ANP","t":"B732"},"01B5":{"r":"YU-ANV","t":"B733"},"01B6":{"r":"YU-ANW","t":"B733"},"01CD":{"r":"YU-AON","t":"B733"},"01D2":{"r":"YU-AOS","t":"B734"},"01D4":{"r":"YU-AOU","t":"B733"},"01D5":{"r":"YU-AOV","t":"B733"},"01E0":{"r":"YU-APA","t":"A319"},"01E1":{"r":"YU-APB","t":"A319"},"01E2":{"r":"YU-APC","t":"A319"},"01E3":{"r":"YU-APD","t":"A319"},"01E4":{"r":"YU-APE","t":"A319"},"01E5":{"r":"YU-APF","t":"A319"},"01E6":{"r":"YU-APG","t":"A320"},"01E7":{"r":"YU-APH","t":"A320"},"01E8":{"r":"YU-API","t":"A319"},"01E9":{"r":"YU-APJ","t":"A319"},"05A0":{"r":"YU-BNA","t":"FA50"},"0639":{"r":"YU-BRZ","t":"LJ31"},"0646":{"r":"YU-BSG","t":"C550"},"064C":{"r":"YU-BSM","t":"C550"},"0653":{"r":"YU-BST","t":"C525"},"0661":{"r":"YU-BTB","t":"C550"},"066C":{"r":"YU-BTM","t":"C650"},"066D":{"r":"YU-BTN","t":"C25B"},"0694":{"r":"YU-BUU","t":"C25A"},"072C":{"r":"YU-BZM","t":"C56X"},"0739":{"r":"YU-BZZ","t":"C550"},"1C93":{"r":"YU-HET","t":"GAZL"},"1C98":{"r":"YU-HEY","t":"GAZL"},"1D82":{"r":"YU-HMC","t":"GAZL"},"3274":{"r":"YU-MTU","t":"C525"},"498A":{"r":"YU-SMK","t":"C56X"},"49E0":{"r":"YU-SPA","t":"C56X"},"49E1":{"r":"YU-SPB","t":"C56X"},"49E2":{"r":"YU-SPC","t":"C56X"},"49EC":{"r":"YU-SPM","t":"C510"},"4AAB":{"r":"YU-SVL","t":"C56X"},"800A":{"r":"5B-DAW","t":"A320"},"800D":{"r":"5B-DBA","t":"A320"},"800E":{"r":"5B-DBB","t":"A320"},"800F":{"r":"5B-DBC","t":"A320"},"8012":{"r":"5B-DBD","t":"A320"},"801E":{"r":"5B-DBO","t":"A319"},"801F":{"r":"5B-DBP","t":"A319"},"8020":{"r":"5B-DBS","t":"A332"},"8021":{"r":"5B-DBT","t":"A332"},"8022":{"r":"5B-DBU","t":"B738"},"8023":{"r":"5B-DBV","t":"B738"},"8025":{"r":"5B-DBX","t":"B738"},"802D":{"r":"5B-DBZ","t":"B738"},"8031":{"r":"5B-CKO","t":"F2TH"},"8032":{"r":"5B-DBR","t":"B738"},"8037":{"r":"5B-DCF","t":"A319"},"803A":{"r":"5B-DCG","t":"A320"},"803B":{"r":"5B-DCH","t":"A320"},"803D":{"r":"5B-DCJ","t":"A320"},"803E":{"r":"5B-DCK","t":"A320"},"803F":{"r":"5B-DCL","t":"A320"},"8040":{"r":"5B-DCM","t":"A320"},"8046":{"r":"5B-DCN","t":"A319"},"804C":{"r":"5B-DCO","t":"A321"},"804D":{"r":"5B-DCP","t":"A321"},"C0D5":{"r":"TF-BBD","t":"B733"},"C0D9":{"r":"TF-BBE","t":"B733"},"C0DA":{"r":"TF-BBF","t":"B733"},"C0DB":{"r":"TF-BBG","t":"B733"},"C0DC":{"r":"TF-BBH","t":"B734"},"C0DD":{"r":"TF-TNM","t":"B734"},"C0DE":{"r":"TF-BBI","t":"B733"},"C0DF":{"r":"TF-BBJ","t":"B734"},"C1A2":{"r":"TF-ELF","t":"A306"},"C1AC":{"r":"TF-ELK","t":"A306"},"C1BC":{"r":"TF-NPA","t":"J328"},"C264":{"r":"TF-FID","t":"B752"},"C265":{"r":"TF-FIE","t":"B752"},"C266":{"r":"TF-CIB","t":"B752"},"C267":{"r":"TF-LLX","t":"B752"},"C268":{"r":"TF-FIC","t":"B752"},"C269":{"r":"TF-FIA","t":"B752"},"C26A":{"r":"TF-FIY","t":"B752"},"C26B":{"r":"TF-FIZ","t":"B752"},"C26C":{"r":"TF-FIK","t":"B752"},"C26D":{"r":"TF-IST","t":"B752"},"C26F":{"r":"TF-FIW","t":"B752"},"C270":{"r":"TF-ISF","t":"B752"},"C271":{"r":"TF-ISK","t":"B752"},"C272":{"r":"TF-ISD","t":"B752"},"C273":{"r":"TF-FIT","t":"B752"},"C274":{"r":"TF-FIS","t":"B752"},"C277":{"r":"TF-FIK","t":"B752"},"C29E":{"r":"TF-FII","t":"B752"},"C29F":{"r":"TF-FIH","t":"B752"},"C2A2":{"r":"TF-FIJ","t":"B752"},"C2A3":{"r":"TF-FIN","t":"B752"},"C2A5":{"r":"TF-FIR","t":"B752"},"C2A6":{"r":"TF-FIO","t":"B752"},"C2A7":{"r":"TF-FIP","t":"B752"},"C2AC":{"r":"TF-FIG","t":"B752"},"C2AD":{"r":"TF-FIV","t":"B752"},"C2AE":{"r":"TF-FIX","t":"B753"},"C2C4":{"r":"TF-FIB","t":"B763"},"C2C5":{"r":"TF-FIU","t":"B752"},"C2C9":{"r":"TF-MIK","t":"J328"},"C2CC":{"r":"TF-NPB","t":"J328"},"C334":{"r":"TF-JMO","t":"F50"},"C394":{"r":"TF-ATX","t":"B742"},"C3B4":{"r":"TF-ARJ","t":"B742"},"C3B7":{"r":"TF-ARM","t":"B742"},"C3BD":{"r":"TF-ARP","t":"B742"},"C3C8":{"r":"TF-AME","t":"B743"},"C3C9":{"r":"TF-AMI","t":"B744"},"C3CD":{"r":"TF-AMJ","t":"B743"},"C3D2":{"r":"TF-AMP","t":"B744"},"C3D6":{"r":"TF-AAA","t":"B742"},"C3D7":{"r":"TF-AAB","t":"B742"},"C3D8":{"r":"TF-AMS","t":"B744"},"C3D9":{"r":"TF-AMU","t":"B744"},"C3DA":{"r":"TF-AMT","t":"B744"},"C3DB":{"r":"TF-AMV","t":"B744"},"C3DC":{"r":"TF-AMX","t":"B744"},"C3DD":{"r":"TF-NAC","t":"B744"},"C3DE":{"r":"TF-NAD","t":"B744"},"C3E0":{"r":"TF-AMY","t":"B744"},"C3E1":{"r":"TF-AMZ","t":"B744"},"C3E2":{"r":"TF-AAC","t":"B744"},"C3E3":{"r":"TF-AAD","t":"B744"},"C3E4":{"r":"TF-AAE","t":"B744"},"C3E6":{"r":"TF-AMF","t":"B744"},"C3E8":{"r":"TF-AML","t":"B744"},"C468":{"r":"TF-SIF","t":"DH8C"},"C47B":{"r":"TF-JXG","t":"B737"},"C47D":{"r":"TF-JXI","t":"B738"},"C4B9":{"r":"TF-WOW","t":"A320"},"C4C6":{"r":"TF-MOM","t":"A321"},"C4C7":{"r":"TF-DAD","t":"A321"},"C4D3":{"r":"TF-BRO","t":"A320"},"C4D4":{"r":"TF-SIS","t":"A320"},"children":["4CA"]}