{"003":{"r":"EI-BUE","t":"B734"},"021":{"r":"EI-CDD","t":"B735"},"022":{"r":"EI-CDE","t":"B735"},"023":{"r":"251","t":"GLF4"},"025":{"r":"EI-CDF","t":"B735"},"026":{"r":"EI-CDG","t":"B735"},"027":{"r":"EI-CDH","t":"B735"},"02C":{"r":"EI-LNE","t":"B788"},"03B":{"r":"EI-CBK","t":"AT43"},"058":{"r":"EI-CHH","t":"B733"},"067":{"r":"EI-DUB","t":"A333"},"084":{"r":"EI-JFK","t":"A333"},"09E":{"r":"EI-ORD","t":"A333"},"09F":{"r":"EI-COH","t":"B734"},"0A2":{"r":"EI-COI","t":"B734"},"0A3":{"r":"EI-COJ","t":"B734"},"0AA":{"r":"EI-WAV"},"0B0":{"r":"EI-CKM","t":"MD83"},"0BB":{"r":"EI-CPD","t":"A321"},"0BC":{"r":"EI-CPC","t":"A321"},"0C2":{"r":"EI-JRD","t":"B734"},"0C3":{"r":"EI-JRE","t":"B734"},"0C8":{"r":"EI-CRD","t":"B763"},"0CF":{"r":"EI-CRF","t":"B763"},"0D1":{"r":"EI-CPE","t":"A321"},"0D2":{"r":"EI-CRE","t":"MD83"},"0D3":{"r":"EI-EAC","t":"A30B"},"0D4":{"r":"EI-EAD","t":"A30B"},"0F5":{"r":"EI-CRM","t":"B763"},"0FC":{"r":"EI-LAX","t":"A332"},"0FD":{"r":"EI-CPF","t":"A321"},"0FE":{"r":"EI-CPG","t":"A321"},"113":{"r":"EI-CUA","t":"B734"},"117":{"r":"EI-CPH","t":"A321"},"11A":{"r":"EI-CNR","t":"MD83"},"11D":{"r":"EI-EAB","t":"A30B"},"127":{"r":"EI-CSG","t":"B738"},"12E":{"r":"EI-FFK","t":"B738"},"130":{"r":"EI-CUM","t":"A320"},"136":{"r":"EI-CUN","t":"B734"},"138":{"r":"EI-CUD","t":"B734"},"13D":{"r":"EI-CVA","t":"A320"},"13E":{"r":"252","t":"CN35"},"13F":{"r":"253","t":"CN35"},"146":{"r":"EI-FFM","t":"B737"},"15B":{"r":"EI-CVD","t":"A320"},"15C":{"r":"EI-CVC","t":"A320"},"15D":{"r":"EI-CVB","t":"A320"},"15E":{"r":"EI-DAA","t":"A332"},"15F":{"r":"EI-CVR"},"161":{"r":"EI-FCZ","t":"AT76"},"168":{"r":"EI-CPT"},"16E":{"r":"EI-DHL","t":"A30B"},"16F":{"r":"EI-SAF","t":"A30B"},"174":{"r":"EI-FEE","t":"B738"},"175":{"r":"EI-FEF","t":"B738"},"176":{"r":"EI-LEO","t":"C750"},"17D":{"r":"EI-CWX","t":"B734"},"17E":{"r":"EI-CWW","t":"B734"},"188":{"r":"EI-OZC","t":"A30B"},"18B":{"r":"EI-JIV"},"193":{"r":"EI-CXK","t":"B734"},"196":{"r":"EI-OZB","t":"A30B"},"197":{"r":"EI-CXN","t":"B733"},"198":{"r":"EI-CXO","t":"B763"},"199":{"r":"EI-CXR","t":"B733"},"19E":{"r":"EI-COK","t":"B734"},"19F":{"r":"EI-IRE","t":"CL60"},"1AA":{"r":"EI-CXV","t":"B738"},"1AC":{"r":"EI-CXZ","t":"B762"},"1B0":{"r":"EI-CZD","t":"B762"},"1B1":{"r":"EI-CZH","t":"B763"},"1B2":{"r":"EI-DAC","t":"B738"},"1B3":{"r":"EI-DAD","t":"B738"},"1B4":{"r":"EI-DAE","t":"B738"},"1B7":{"r":"EI-DAF","t":"B738"},"1B8":{"r":"EI-DAG","t":"B738"},"1B9":{"r":"EI-DAH","t":"B738"},"1BA":{"r":"EI-DAI","t":"B738"},"1BB":{"r":"EI-DAJ","t":"B738"},"1BE":{"r":"EI-SLF","t":"AT72"},"1BF":{"r":"EI-CZK","t":"B734"},"1C0":{"r":"EI-BYO","t":"AT43"},"1C1":{"r":"EI-DAM","t":"B738"},"1C2":{"r":"EI-DAK","t":"B738"},"1C3":{"r":"EI-DAL","t":"B738"},"1D0":{"r":"EI-DAS","t":"B738"},"1D1":{"r":"EI-DAR","t":"B738"},"1D2":{"r":"EI-DAP","t":"B738"},"1D3":{"r":"EI-DAO","t":"B738"},"1D4":{"r":"EI-DAN","t":"B738"},"1D8":{"r":"EI-DBF","t":"B763"},"1D9":{"r":"EI-DBG","t":"B763"},"1DC":{"r":"EI-DBK","t":"B772"},"1DD":{"r":"EI-DBP","t":"B763"},"1E0":{"r":"EI-DBL","t":"B772"},"1E1":{"r":"EI-DBM","t":"B772"},"1E6":{"r":"EI-DBU","t":"B763"},"1E9":{"r":"262","t":"PC9"},"1F1":{"r":"EI-DAT","t":"B738"},"1F2":{"r":"EI-DAV","t":"B738"},"1F3":{"r":"EI-DAW","t":"B738"},"1F4":{"r":"EI-DAX","t":"B738"},"1F5":{"r":"EI-DAY","t":"B738"},"1F6":{"r":"EI-DAZ","t":"B738"},"1F7":{"r":"EI-DBW","t":"B762"},"1FA":{"r":"EI-DDH","t":"B772"},"1FC":{"r":"EI-FFW","t":"B738"},"1FD":{"r":"EI-DDK","t":"B734"},"1FE":{"r":"EI-DCG","t":"B738"},"1FF":{"r":"EI-DCF","t":"B738"},"200":{"r":"EI-DCE","t":"B738"},"201":{"r":"EI-DCD","t":"B738"},"202":{"r":"EI-DCC","t":"B738"},"203":{"r":"EI-DCB","t":"B738"},"204":{"r":"258","t":"LJ45"},"208":{"r":"EI-DDW","t":"B763"},"20C":{"r":"EI-DEZ","t":"A319"},"20D":{"r":"EI-DEY","t":"A319"},"20E":{"r":"EI-DFA","t":"A319"},"211":{"r":"EI-DEC","t":"A320"},"212":{"r":"EI-DEB","t":"A320"},"213":{"r":"EI-DEA","t":"A320"},"214":{"r":"EI-DEE","t":"A320"},"215":{"r":"EI-DEG","t":"A320"},"216":{"r":"EI-DEH","t":"A320"},"217":{"r":"EI-DEF","t":"A320"},"218":{"r":"EI-DFG","t":"E170"},"219":{"r":"EI-DDY","t":"B734"},"21A":{"r":"EI-DFH","t":"E170"},"21B":{"r":"EI-DFI","t":"E170"},"21C":{"r":"EI-DMG","t":"C441"},"220":{"r":"EI-DFJ","t":"E170"},"221":{"r":"EI-DFK","t":"E170"},"222":{"r":"EI-DFL","t":"E170"},"223":{"r":"EI-DCI","t":"B738"},"224":{"r":"EI-DCH","t":"B738"},"225":{"r":"EI-DCK","t":"B738"},"226":{"r":"EI-DCJ","t":"B738"},"227":{"r":"EI-DFO","t":"A320"},"22F":{"r":"EI-DFS","t":"B763"},"230":{"r":"EI-DFP","t":"A319"},"242":{"r":"EI-DCL","t":"B738"},"243":{"r":"EI-DCM","t":"B738"},"244":{"r":"EI-DCN","t":"B738"},"245":{"r":"EI-DCO","t":"B738"},"246":{"r":"EI-DCP","t":"B738"},"248":{"r":"EI-SLC"},"24C":{"r":"EI-DCZ","t":"B738"},"24D":{"r":"EI-DCY","t":"B738"},"24E":{"r":"EI-DCX","t":"B738"},"24F":{"r":"EI-DCW","t":"B738"},"250":{"r":"EI-DCV","t":"B738"},"251":{"r":"EI-DCR","t":"B738"},"252":{"r":"EI-DCT","t":"B738"},"253":{"r":"EI-DCS","t":"B738"},"256":{"r":"EI-DHA","t":"B738"},"257":{"r":"EI-DHB","t":"B738"},"258":{"r":"EI-DHC","t":"B738"},"259":{"r":"EI-DHD","t":"B738"},"25A":{"r":"EI-DHE","t":"B738"},"25B":{"r":"EI-DHF","t":"B738"},"262":{"r":"EI-DIP","t":"A332"},"263":{"r":"EI-DHG","t":"B738"},"264":{"r":"EI-DHH","t":"B738"},"265":{"r":"EI-DHI","t":"B738"},"266":{"r":"EI-DHJ","t":"B738"},"267":{"r":"EI-DHK","t":"B738"},"268":{"r":"EI-DHM","t":"B738"},"269":{"r":"EI-DIR","t":"A332"},"274":{"r":"EI-DJH","t":"A320"},"27A":{"r":"EI-DHN","t":"B738"},"27B":{"r":"EI-DHR","t":"B738"},"27C":{"r":"EI-DHO","t":"B738"},"27D":{"r":"EI-DHP","t":"B738"},"27F":{"r":"EI-DEK","t":"A320"},"280":{"r":"EI-DEJ","t":"A320"},"281":{"r":"EI-DEI","t":"A320"},"282":{"r":"EI-FXA"},"283":{"r":"EI-FXB"},"284":{"r":"EI-FXC","t":"AT43"},"285":{"r":"EI-FXD","t":"AT43"},"286":{"r":"EI-FXE"},"28D":{"r":"EI-SLA"},"28F":{"r":"EI-SLG","t":"AT72"},"291":{"r":"EI-DNP","t":"A320"},"292":{"r":"EI-DEL","t":"A320"},"293":{"r":"EI-DEM","t":"A320"},"294":{"r":"EI-DEN","t":"A320"},"295":{"r":"EI-DEO","t":"A320"},"2A6":{"r":"EI-DKL","t":"B752"},"2A7":{"r":"EI-DHS","t":"B738"},"2A8":{"r":"EI-DHT","t":"B738"},"2A9":{"r":"EI-DHV","t":"B738"},"2AA":{"r":"EI-DHW","t":"B738"},"2AB":{"r":"EI-DHX","t":"B738"},"2AC":{"r":"EI-DHY","t":"B738"},"2AD":{"r":"EI-DHZ","t":"B738"},"2B3":{"r":"EI-SLH","t":"AT72"},"2B8":{"r":"EI-CGH","t":"C210"},"2BD":{"r":"EI-GDL"},"2BE":{"r":"EI-REX","t":"LJ60"},"2BF":{"r":"EI-DLB","t":"B738"},"2C0":{"r":"EI-DLC","t":"B738"},"2C1":{"r":"EI-DLD","t":"B738"},"2C2":{"r":"EI-DLE","t":"B738"},"2C3":{"r":"EI-DLF","t":"B738"},"2C4":{"r":"EI-DLG","t":"B738"},"2C5":{"r":"EI-FXG","t":"AT72"},"2C6":{"r":"EI-UPI","t":"MD11"},"2C9":{"r":"EI-DEP","t":"A320"},"2CA":{"r":"EI-DES","t":"A320"},"2CB":{"r":"EI-DER","t":"A320"},"2CE":{"r":"EI-DMJ","t":"B763"},"2D0":{"r":"EI-IAN"},"2D1":{"r":"EI-REI","t":"AT72"},"2D3":{"r":"EI-DMN","t":"B733"},"2D4":{"r":"EI-DLH","t":"B738"},"2D5":{"r":"EI-DLI","t":"B738"},"2D6":{"r":"EI-DLJ","t":"B738"},"2D7":{"r":"EI-DLK","t":"B738"},"2D8":{"r":"EI-DLL","t":"B738"},"2D9":{"r":"EI-DLM","t":"B738"},"2DA":{"r":"EI-DLN","t":"B738"},"2DB":{"r":"EI-DLO","t":"B738"},"2DE":{"r":"EI-DMR","t":"B734"},"2E4":{"r":"EI-UPE","t":"MD11"},"2E6":{"r":"EI-DNA","t":"B752"},"2EC":{"r":"EI-LVB","t":"A321"},"2ED":{"r":"EI-LVD","t":"A321"},"2EE":{"r":"EI-LVA","t":"A321"},"2F2":{"r":"EI-DOV","t":"B734"},"2F5":{"r":"EI-REH","t":"AT72"},"2F8":{"r":"EI-DOF","t":"B763"},"2FA":{"r":"EI-DOE","t":"A320"},"2FB":{"r":"EI-REJ","t":"AT72"},"2FE":{"r":"EI-DLR","t":"B738"},"2FF":{"r":"EI-DLS","t":"B738"},"300":{"r":"EI-DLT","t":"B738"},"301":{"r":"EI-DLV","t":"B738"},"302":{"r":"EI-DLW","t":"B738"},"303":{"r":"EI-DLX","t":"B738"},"304":{"r":"EI-DLY","t":"B738"},"305":{"r":"EI-DLZ","t":"B738"},"306":{"r":"EI-DOH","t":"B733"},"309":{"r":"EI-DET","t":"A320"},"30C":{"r":"EI-DNM","t":"B734"},"30E":{"r":"EI-FXH","t":"AT72"},"312":{"r":"EI-HOK","t":"EC30"},"31C":{"r":"EI-DOU"},"330":{"r":"275","t":"A139"},"33C":{"r":"EI-FEG","t":"B738"},"33D":{"r":"EI-FEH","t":"B738"},"33E":{"r":"EI-FEI","t":"B738"},"349":{"r":"EI-STH","t":"B734"},"34A":{"r":"EI-FIA","t":"B738"},"34B":{"r":"EI-FIB","t":"B738"},"34C":{"r":"EI-FGH","t":"B712"},"34D":{"r":"EI-FGI","t":"B712"},"351":{"r":"EI-FHA","t":"B738"},"352":{"r":"EI-FHB","t":"B738"},"353":{"r":"EI-FHC","t":"B738"},"354":{"r":"EI-FHD","t":"B738"},"355":{"r":"EI-FHE","t":"B738"},"356":{"r":"EI-FHF","t":"B738"},"357":{"r":"EI-FHG","t":"B738"},"358":{"r":"EI-FHH","t":"B738"},"359":{"r":"EI-FHI","t":"B738"},"362":{"r":"EI-GSM","t":"C182"},"372":{"r":"EI-FIC","t":"B738"},"373":{"r":"EI-FID","t":"B738"},"376":{"r":"EI-FIE","t":"B738"},"377":{"r":"EI-FIF","t":"B738"},"37C":{"r":"EI-FIG","t":"B738"},"37D":{"r":"EI-FIH","t":"B738"},"37E":{"r":"EI-FIJ","t":"B738"},"37F":{"r":"EI-FIK","t":"B738"},"4B3":{"r":"EI-DRA","t":"B738"},"4B4":{"r":"EI-DRB","t":"B738"},"4B5":{"r":"EI-DRC","t":"B738"},"4B9":{"r":"EI-TAG","t":"A320"},"4C2":{"r":"EI-RJP","t":"RJ85"},"4C3":{"r":"EI-RJR","t":"RJ85"},"4C6":{"r":"EI-DRI"},"4CC":{"r":"EI-FHJ","t":"B738"},"4D2":{"r":"EI-LED","t":"A321"},"4DB":{"r":"EI-DRM"},"4E2":{"r":"EI-DRW"},"4E3":{"r":"EI-RJO","t":"RJ85"},"4E5":{"r":"EI-DPA","t":"B738"},"4E6":{"r":"EI-DPB","t":"B738"},"4E7":{"r":"EI-DPC","t":"B738"},"4E8":{"r":"EI-DPD","t":"B738"},"4E9":{"r":"EI-DPE","t":"B738"},"4EA":{"r":"EI-DPF","t":"B738"},"4EB":{"r":"EI-DPG","t":"B738"},"4EC":{"r":"EI-DPH","t":"B738"},"4ED":{"r":"EI-DPI","t":"B738"},"4EE":{"r":"EI-DPJ","t":"B738"},"4EF":{"r":"EI-DPK","t":"B738"},"4F0":{"r":"EI-DPL","t":"B738"},"4F1":{"r":"EI-DPM","t":"B738"},"4F2":{"r":"EI-DPN","t":"B738"},"4F3":{"r":"EI-DPO","t":"B738"},"4F4":{"r":"EI-DPP","t":"B738"},"4F5":{"r":"EI-DPR","t":"B738"},"4F6":{"r":"EI-DPS","t":"B738"},"4F7":{"r":"EI-DPT","t":"B738"},"4F8":{"r":"EI-DPV","t":"B738"},"502":{"r":"EI-DSA","t":"A320"},"50B":{"r":"EI-IGC","t":"B752"},"50D":{"r":"EI-DTX","t":"B735"},"50E":{"r":"EI-DTY","t":"B733"},"50F":{"r":"EI-DTU","t":"B735"},"510":{"r":"EI-FXI","t":"AT72"},"517":{"r":"EI-DUA","t":"B752"},"518":{"r":"EI-DUC","t":"B752"},"519":{"r":"EI-DUD","t":"B752"},"51D":{"r":"EI-RJN","t":"RJ85"},"51E":{"r":"EI-RJS","t":"RJ85"},"51F":{"r":"EI-RJT","t":"RJ85"},"520":{"r":"EI-RJU","t":"RJ85"},"521":{"r":"EI-DTV","t":"B735"},"522":{"r":"EI-DTW","t":"B735"},"524":{"r":"EI-IGA","t":"B752"},"525":{"r":"EI-IGB","t":"B752"},"529":{"r":"EI-FHS","t":"B738"},"52B":{"r":"EI-RJE","t":"RJ85"},"52D":{"r":"EI-DSB","t":"A320"},"532":{"r":"EI-FHK","t":"B738"},"533":{"r":"EI-DUK","t":"CRJ9"},"53B":{"r":"EI-DUS","t":"B733"},"53C":{"r":"EI-MSG","t":"A109"},"53D":{"r":"EI-FIL","t":"B738"},"53E":{"r":"EI-FIM","t":"B738"},"53F":{"r":"EI-FIN","t":"B738"},"540":{"r":"EI-FIO","t":"B738"},"541":{"r":"EI-FIP","t":"B738"},"542":{"r":"EI-FIR","t":"B738"},"545":{"r":"EI-DUM"},"546":{"r":"EI-DUU"},"552":{"r":"EI-DVC","t":"B733"},"553":{"r":"EI-DSC","t":"A320"},"555":{"r":"EI-RJI","t":"RJ85"},"559":{"r":"EI-DVD","t":"A319"},"55C":{"r":"EI-DVA","t":"B733"},"55E":{"r":"EI-DUX"},"560":{"r":"EI-DUY"},"562":{"r":"EI-DPW","t":"B738"},"563":{"r":"EI-DPX","t":"B738"},"564":{"r":"EI-DPY","t":"B738"},"565":{"r":"EI-DPZ","t":"B738"},"566":{"r":"EI-DWA","t":"B738"},"567":{"r":"EI-DWB","t":"B738"},"568":{"r":"EI-DWC","t":"B738"},"569":{"r":"EI-DWD","t":"B738"},"56A":{"r":"EI-DWE","t":"B738"},"56B":{"r":"EI-DWF","t":"B738"},"56C":{"r":"EI-DWG","t":"B738"},"56D":{"r":"EI-DWH","t":"B738"},"56E":{"r":"EI-DWI","t":"B738"},"56F":{"r":"EI-DWJ","t":"B738"},"570":{"r":"EI-DWK","t":"B738"},"571":{"r":"EI-DWL","t":"B738"},"573":{"r":"EI-DVP"},"575":{"r":"EI-DVU","t":"A319"},"587":{"r":"EI-FIS","t":"B738"},"588":{"r":"EI-FIT","t":"B738"},"593":{"r":"EI-REL","t":"AT72"},"5A5":{"r":"EI-DVZ","t":"R44"},"5A6":{"r":"EI-DXB","t":"B733"},"5A8":{"r":"EI-DXC","t":"B734"},"5AF":{"r":"EI-DSD","t":"A320"},"5B0":{"r":"EI-DSE","t":"A320"},"5B3":{"r":"EI-DXH","t":"R44"},"5B8":{"r":"EI-DSF","t":"A320"},"5BD":{"r":"EI-RJB","t":"RJ85"},"5BE":{"r":"EI-RJD","t":"RJ85"},"5C3":{"r":"EI-DSG","t":"A320"},"5C6":{"r":"EI-DUO","t":"A332"},"5C7":{"r":"EI-DUZ","t":"A333"},"5C8":{"r":"EI-DVE","t":"A320"},"5C9":{"r":"EI-DVF","t":"A320"},"5D0":{"r":"EI-FXJ","t":"AT72"},"5D5":{"r":"EI-RJK","t":"RJ85"},"5D6":{"r":"EI-RJL","t":"RJ85"},"5D8":{"r":"EI-RJV","t":"RJ85"},"5D9":{"r":"EI-RJW","t":"RJ85"},"5DA":{"r":"EI-RJX","t":"RJ85"},"5E4":{"r":"EI-REM","t":"AT72"},"605":{"r":"EI-DSH","t":"A320"},"60B":{"r":"EI-FXK","t":"AT72"},"60C":{"r":"EI-VIV","t":"LJ60"},"611":{"r":"EI-WXP","t":"H25B"},"612":{"r":"EI-RJF","t":"RJ85"},"61B":{"r":"EI-DWM","t":"B738"},"61C":{"r":"EI-DWO","t":"B738"},"61D":{"r":"EI-DWP","t":"B738"},"61E":{"r":"EI-DWR","t":"B738"},"61F":{"r":"EI-DWS","t":"B738"},"621":{"r":"EI-DWT","t":"B738"},"622":{"r":"EI-DWV","t":"B738"},"623":{"r":"EI-DWW","t":"B738"},"624":{"r":"EI-DWX","t":"B738"},"625":{"r":"EI-DWY","t":"B738"},"626":{"r":"EI-DWZ","t":"B738"},"627":{"r":"EI-SPB","t":"C206"},"628":{"r":"EI-DSI","t":"A320"},"629":{"r":"EI-NBG","t":"A109"},"62A":{"r":"EI-RJA","t":"RJ85"},"62B":{"r":"EI-RJC","t":"RJ85"},"63A":{"r":"EI-DVG","t":"A320"},"63D":{"r":"EI-DSJ","t":"A320"},"640":{"r":"EI-DVH","t":"A320"},"643":{"r":"EI-DYA","t":"B738"},"644":{"r":"EI-DYB","t":"B738"},"645":{"r":"EI-DYC","t":"B738"},"646":{"r":"EI-DYD","t":"B738"},"647":{"r":"EI-DYE","t":"B738"},"648":{"r":"EI-DYF","t":"B738"},"64A":{"r":"EI-DYH","t":"B738"},"64B":{"r":"EI-DYI","t":"B738"},"64C":{"r":"EI-DYJ","t":"B738"},"64D":{"r":"EI-DYK","t":"B738"},"64E":{"r":"EI-DYL","t":"B738"},"64F":{"r":"EI-DYM","t":"B738"},"651":{"r":"EI-DSK","t":"A320"},"654":{"r":"EI-UNA","t":"B763"},"655":{"r":"EI-UNB","t":"B763"},"664":{"r":"EI-SKD","t":"PA44"},"665":{"r":"EI-WFO"},"666":{"r":"EI-DSL","t":"A320"},"668":{"r":"EI-RJG","t":"RJ85"},"670":{"r":"EI-DXY","t":"A320"},"674":{"r":"EI-RJJ","t":"RJ85"},"675":{"r":"EI-DSM","t":"A320"},"685":{"r":"EI-UND","t":"B763"},"687":{"r":"EI-RJH","t":"RJ85"},"688":{"r":"EI-DZH","t":"B763"},"689":{"r":"EI-GJL"},"68D":{"r":"EI-UNF","t":"B763"},"694":{"r":"EI-DSN","t":"A320"},"6A3":{"r":"EI-DYN","t":"B738"},"6A4":{"r":"EI-DYO","t":"B738"},"6A5":{"r":"EI-DYP","t":"B738"},"6A6":{"r":"EI-DYR","t":"B738"},"6A7":{"r":"EI-DYS","t":"B738"},"6A8":{"r":"EI-DYT","t":"B738"},"6A9":{"r":"EI-DYV","t":"B738"},"6AA":{"r":"EI-DYW","t":"B738"},"6AB":{"r":"EI-REO","t":"AT72"},"6AC":{"r":"EI-RJY","t":"RJ85"},"6AD":{"r":"EI-RJZ","t":"RJ85"},"6AF":{"r":"EI-DZR","t":"A320"},"6B3":{"r":"EI-DSO","t":"A320"},"6BB":{"r":"EI-WXA","t":"RJ85"},"6BE":{"r":"EI-LCM","t":"TBM7"},"6C0":{"r":"EI-DSP","t":"A320"},"6C1":{"r":"EI-XLS","t":"C560"},"6C4":{"r":"EI-DVI","t":"A320"},"6C6":{"r":"EI-MJC","t":"C25B"},"6CD":{"r":"EI-EAF","t":"A319"},"6D5":{"r":"EI-REP","t":"AT72"},"6D7":{"r":"EI-DSR","t":"A320"},"6D8":{"r":"EI-EAG","t":"PIVI"},"6DA":{"r":"EI-DSS","t":"A320"},"6E4":{"r":"EI-DST","t":"A320"},"6EC":{"r":"EI-EAR","t":"B763"},"6ED":{"r":"EI-UNX","t":"B772"},"6EE":{"r":"EI-UNZ","t":"B772"},"6F1":{"r":"EI-DSU","t":"A320"},"6FB":{"r":"EI-DYX","t":"B738"},"6FC":{"r":"EI-DYY","t":"B738"},"6FD":{"r":"EI-DYZ","t":"B738"},"6FE":{"r":"EI-EBA","t":"B738"},"6FF":{"r":"EI-EBB","t":"B738"},"700":{"r":"EI-EBC","t":"B738"},"701":{"r":"EI-EBD","t":"B738"},"702":{"r":"EI-EBE","t":"B738"},"703":{"r":"EI-EBF","t":"B738"},"704":{"r":"EI-EBG","t":"B738"},"705":{"r":"EI-EBH","t":"B738"},"706":{"r":"EI-EBI","t":"B738"},"707":{"r":"EI-EBK","t":"B738"},"708":{"r":"EI-EBL","t":"B738"},"713":{"r":"EI-ECB","t":"B763"},"718":{"r":"EI-DSV","t":"A320"},"719":{"r":"EI-DSW","t":"A320"},"720":{"r":"EI-ECE","t":"H25B"},"725":{"r":"EI-ECM","t":"B738"},"72E":{"r":"EI-ECR","t":"C25A"},"730":{"r":"EI-DSX","t":"A320"},"732":{"r":"EI-ECX","t":"A319"},"733":{"r":"EI-ECY","t":"A319"},"736":{"r":"EI-EBM","t":"B738"},"737":{"r":"EI-EBN","t":"B738"},"738":{"r":"EI-EBO","t":"B738"},"739":{"r":"EI-EBP","t":"B738"},"73A":{"r":"EI-EBR","t":"B738"},"73B":{"r":"EI-EBS","t":"B738"},"73C":{"r":"EI-EBT","t":"B738"},"73D":{"r":"EI-EBV","t":"B738"},"73E":{"r":"EI-EBW","t":"B738"},"73F":{"r":"EI-EBX","t":"B738"},"740":{"r":"EI-EBY","t":"B738"},"741":{"r":"EI-EBZ","t":"B738"},"74C":{"r":"EI-UNW","t":"B772"},"74E":{"r":"EI-EAV","t":"A333"},"757":{"r":"EI-DSY","t":"A320"},"758":{"r":"EI-DSZ","t":"A320"},"759":{"r":"EI-DTA","t":"A320"},"75A":{"r":"EI-EDM","t":"A319"},"75C":{"r":"EI-EFA","t":"B738"},"75D":{"r":"EI-EFB","t":"B738"},"75E":{"r":"EI-EFC","t":"B738"},"75F":{"r":"EI-EFD","t":"B738"},"760":{"r":"EI-EFE","t":"B738"},"761":{"r":"EI-EFF","t":"B738"},"762":{"r":"EI-EFG","t":"B738"},"763":{"r":"EI-EFH","t":"B738"},"764":{"r":"EI-EFI","t":"B738"},"765":{"r":"EI-EFJ","t":"B738"},"766":{"r":"EI-EFK","t":"B738"},"767":{"r":"EI-EFL","t":"B738"},"768":{"r":"EI-EFM","t":"B738"},"769":{"r":"EI-EFN","t":"B738"},"76A":{"r":"EI-EFO","t":"B738"},"76F":{"r":"EI-EDP","t":"A320"},"770":{"r":"EI-EDS","t":"A320"},"778":{"r":"EI-VII","t":"RV7"},"77D":{"r":"EI-EDZ","t":"B738"},"77E":{"r":"EI-EEA","t":"B738"},"780":{"r":"EI-EED","t":"B763"},"782":{"r":"EI-EDY","t":"A333"},"783":{"r":"EI-DTB","t":"A320"},"787":{"r":"EI-JJJ","t":"H25B"},"788":{"r":"EI-DVJ","t":"A320"},"78C":{"r":"EI-DTC","t":"A320"},"790":{"r":"EI-DTD","t":"A320"},"798":{"r":"EI-DTE","t":"A320"},"7A2":{"r":"EI-EEJ","t":"E145"},"7A7":{"r":"EI-EFP","t":"B738"},"7A8":{"r":"EI-EFR","t":"B738"},"7A9":{"r":"EI-EFS","t":"B738"},"7AA":{"r":"EI-EFT","t":"B738"},"7AB":{"r":"EI-EFV","t":"B738"},"7AC":{"r":"EI-EFW","t":"B738"},"7B3":{"r":"EI-EFX","t":"B738"},"7B4":{"r":"EI-EFY","t":"B738"},"7B5":{"r":"EI-EFZ","t":"B738"},"7B6":{"r":"EI-EGA","t":"B738"},"7B7":{"r":"EI-EGB","t":"B738"},"7B9":{"r":"EI-EGC","t":"B738"},"7BD":{"r":"EI-DTF","t":"A320"},"7BF":{"r":"EI-DTG","t":"A320"},"7C0":{"r":"EI-SFD","t":"C510"},"7C1":{"r":"EI-SFE","t":"C510"},"7C8":{"r":"EI-EEW","t":"B733"},"7CE":{"r":"EI-EEX","t":"A320"},"7CF":{"r":"EI-EEY","t":"A320"},"7D2":{"r":"EI-SLJ","t":"AT72"},"7D6":{"r":"EI-EHH","t":"AT43"},"7D7":{"r":"EI-DTH","t":"A320"},"7DD":{"r":"EI-DTI","t":"A320"},"7DE":{"r":"EI-EEZ","t":"CRJ2"},"7E1":{"r":"EI-DTJ","t":"A320"},"7F4":{"r":"EI-TDV","t":"F2TH"},"7F5":{"r":"EI-SLK","t":"AT72"},"7F6":{"r":"EI-EZL","t":"A332"},"7FE":{"r":"EI-EKA","t":"B738"},"7FF":{"r":"EI-EKB","t":"B738"},"800":{"r":"EI-DTK","t":"A320"},"801":{"r":"EI-EKC","t":"B738"},"802":{"r":"EI-EKD","t":"B738"},"803":{"r":"EI-EKE","t":"B738"},"804":{"r":"EI-EKF","t":"B738"},"805":{"r":"EI-EKG","t":"B738"},"806":{"r":"EI-EKH","t":"B738"},"808":{"r":"EI-EKI","t":"B738"},"809":{"r":"EI-EKJ","t":"B738"},"80B":{"r":"EI-EKK","t":"B738"},"80C":{"r":"EI-EKL","t":"B738"},"80D":{"r":"EI-EKM","t":"B738"},"80E":{"r":"EI-EKN","t":"B738"},"80F":{"r":"EI-EKO","t":"B738"},"810":{"r":"EI-EKP","t":"B738"},"811":{"r":"EI-EKR","t":"B738"},"812":{"r":"EI-EKS","t":"B738"},"813":{"r":"EI-EKT","t":"B738"},"814":{"r":"EI-EKV","t":"B738"},"815":{"r":"EI-EKW","t":"B738"},"816":{"r":"EI-EKX","t":"B738"},"818":{"r":"EI-SLL","t":"AT72"},"819":{"r":"EI-EKR","t":"B738"},"81C":{"r":"EI-DTL","t":"A320"},"81D":{"r":"EI-DTM","t":"A320"},"81E":{"r":"EI-KEL","t":"EC35"},"827":{"r":"EI-ELD","t":"A320"},"82A":{"r":"EI-ELG","t":"A320"},"82D":{"r":"EI-SLM","t":"AT72"},"82E":{"r":"EI-DTN","t":"A320"},"82F":{"r":"EI-DTO","t":"A320"},"834":{"r":"EI-OZD","t":"A30B"},"835":{"r":"EI-OZE","t":"A30B"},"838":{"r":"EI-OZH","t":"A30B"},"839":{"r":"EI-OZF","t":"A30B"},"83B":{"r":"EI-OZG","t":"A30B"},"83C":{"r":"EI-OZI","t":"A30B"},"83F":{"r":"EI-STA","t":"B733"},"841":{"r":"EI-SLN","t":"AT75"},"842":{"r":"EI-ELA","t":"A333"},"843":{"r":"EI-IXH","t":"A321"},"844":{"r":"EI-IXJ","t":"A321"},"845":{"r":"EI-IXV","t":"A321"},"846":{"r":"EI-IXZ","t":"A321"},"847":{"r":"EI-EKY","t":"B738"},"848":{"r":"EI-EKZ","t":"B738"},"849":{"r":"EI-EMA","t":"B738"},"84A":{"r":"EI-EMB","t":"B738"},"84B":{"r":"EI-EMC","t":"B738"},"84C":{"r":"EI-EMD","t":"B738"},"84D":{"r":"EI-EME","t":"B738"},"84E":{"r":"EI-EMF","t":"B738"},"84F":{"r":"EI-EMH","t":"B738"},"850":{"r":"EI-EMI","t":"B738"},"852":{"r":"EI-EMJ","t":"B738"},"853":{"r":"EI-EMK","t":"B738"},"854":{"r":"EI-EML","t":"B738"},"855":{"r":"EI-EMM","t":"B738"},"856":{"r":"EI-EMN","t":"B738"},"857":{"r":"EI-EMO","t":"B738"},"858":{"r":"EI-EMP","t":"B738"},"859":{"r":"EI-EMR","t":"B738"},"85B":{"r":"EI-EIA","t":"A320"},"85C":{"r":"EI-EIB","t":"A320"},"85E":{"r":"EI-ELN","t":"A320"},"866":{"r":"EI-ELU","t":"B734"},"86A":{"r":"EI-EZN","t":"A320"},"86B":{"r":"EI-EZO","t":"A320"},"86C":{"r":"EI-ELY","t":"B734"},"86D":{"r":"EI-ELZ","t":"B734"},"86F":{"r":"EI-IGR","t":"B733"},"870":{"r":"EI-IGS","t":"B733"},"872":{"r":"EI-EMS","t":"MD11"},"874":{"r":"EI-DFN","t":"A320"},"875":{"r":"EI-WFI","t":"CL60"},"87C":{"r":"EI-EJG","t":"A332"},"87D":{"r":"EI-EJH","t":"A332"},"882":{"r":"EI-UNR","t":"B772"},"883":{"r":"EI-UNS","t":"B772"},"884":{"r":"EI-UNT","t":"B772"},"885":{"r":"EI-UNU","t":"B772"},"886":{"r":"EI-UNV","t":"B772"},"88A":{"r":"EI-EZS","t":"A320"},"88B":{"r":"EI-EZT","t":"A320"},"88C":{"r":"EI-ENA","t":"B738"},"88E":{"r":"EI-ENB","t":"B738"},"88F":{"r":"EI-ENC","t":"B738"},"891":{"r":"EI-ENE","t":"B738"},"892":{"r":"EI-ENF","t":"B738"},"893":{"r":"EI-ENG","t":"B738"},"894":{"r":"EI-ENH","t":"B738"},"895":{"r":"EI-EOE","t":"B735"},"899":{"r":"EI-IGP","t":"B737"},"8A7":{"r":"EI-UNC","t":"B763"},"8AC":{"r":"EI-EOJ","t":"B738"},"8AF":{"r":"EI-EGD","t":"B738"},"8BD":{"r":"EI-DVK","t":"A320"},"8BF":{"r":"EI-XLB","t":"B744"},"8C0":{"r":"EI-XLC","t":"B744"},"8C1":{"r":"EI-XLD","t":"B744"},"8C2":{"r":"EI-XLE","t":"B744"},"8C3":{"r":"EI-XLF","t":"B744"},"8C4":{"r":"EI-XLG","t":"B744"},"8CF":{"r":"EI-TEN","t":"C750"},"8D0":{"r":"EI-IKB","t":"A320"},"8D1":{"r":"EI-IKU","t":"A320"},"8D4":{"r":"EI-ENI","t":"B738"},"8D5":{"r":"EI-ENJ","t":"B738"},"8D6":{"r":"EI-ENK","t":"B738"},"8D7":{"r":"EI-ENL","t":"B738"},"8D8":{"r":"EI-ENM","t":"B738"},"8D9":{"r":"EI-ENN","t":"B738"},"8DA":{"r":"EI-ENO","t":"B738"},"8DB":{"r":"EI-ENP","t":"B738"},"8DC":{"r":"EI-IKL","t":"A320"},"8DE":{"r":"EI-IMF","t":"A319"},"8DF":{"r":"EI-IMF","t":"A319"},"8E0":{"r":"EI-IXF","t":"A321"},"8E1":{"r":"EI-IXO","t":"A321"},"8E2":{"r":"EI-IXU","t":"A321"},"8E4":{"r":"EI-ENR","t":"B738"},"8E5":{"r":"EI-ENS","t":"B738"},"8E6":{"r":"EI-ENT","t":"B738"},"8E7":{"r":"EI-ENV","t":"B738"},"8E8":{"r":"EI-ENW","t":"B738"},"8E9":{"r":"EI-ENX","t":"B738"},"8EA":{"r":"EI-ENY","t":"B738"},"8EB":{"r":"EI-ENZ","t":"B738"},"8EC":{"r":"EI-IMC","t":"A319"},"8ED":{"r":"EI-IMD","t":"A319"},"8EE":{"r":"EI-IXI","t":"A321"},"8EF":{"r":"EI-IMG","t":"A319"},"8F0":{"r":"EI-IMO","t":"A319"},"8F1":{"r":"EI-IXB","t":"A321"},"8F2":{"r":"EI-IXC","t":"A321"},"8F3":{"r":"EI-IXD","t":"A321"},"8F4":{"r":"EI-IMB","t":"A319"},"8F5":{"r":"EI-IMH","t":"A319"},"8F6":{"r":"EI-IMI","t":"A319"},"8F7":{"r":"EI-IMJ","t":"A319"},"8F8":{"r":"EI-IML","t":"A319"},"8F9":{"r":"EI-IXG","t":"A321"},"8FD":{"r":"EI-DJL","t":"B763"},"8FF":{"r":"EI-EIC","t":"A320"},"900":{"r":"EI-EID","t":"A320"},"906":{"r":"EI-MED","t":"C550"},"90A":{"r":"EI-EIE","t":"A320"},"90C":{"r":"EI-LIR","t":"A319"},"90F":{"r":"EI-EPA","t":"B738"},"910":{"r":"EI-EPB","t":"B738"},"911":{"r":"EI-EPC","t":"B738"},"912":{"r":"EI-EPD","t":"B738"},"913":{"r":"EI-EPE","t":"B738"},"914":{"r":"EI-EPF","t":"B738"},"915":{"r":"EI-EPG","t":"B738"},"916":{"r":"EI-EPH","t":"B738"},"91F":{"r":"EI-ERF","t":"B752"},"922":{"r":"EI-ERH","t":"A320"},"92D":{"r":"EI-DVM","t":"A320"},"935":{"r":"EI-DVL","t":"A320"},"936":{"r":"EI-EJI","t":"A332"},"937":{"r":"EI-EJJ","t":"A332"},"938":{"r":"EI-EJK","t":"A332"},"939":{"r":"EI-UNG","t":"B735"},"941":{"r":"EI-ERP","t":"B733"},"946":{"r":"EI-IGT","t":"B737"},"947":{"r":"EI-DVN","t":"A320"},"94F":{"r":"EI-IGU","t":"B737"},"950":{"r":"EI-UNE","t":"B763"},"963":{"r":"EI-EPR","t":"A319"},"96B":{"r":"EI-ESL","t":"B738"},"96C":{"r":"EI-ESM","t":"B738"},"96D":{"r":"EI-ESN","t":"B738"},"96E":{"r":"EI-ESO","t":"B738"},"96F":{"r":"EI-ESP","t":"B738"},"973":{"r":"EI-IMM","t":"A319"},"979":{"r":"EI-ESR","t":"B738"},"97A":{"r":"EI-ESS","t":"B738"},"97B":{"r":"EI-EST","t":"B738"},"97C":{"r":"EI-ESV","t":"B738"},"97D":{"r":"EI-ESW","t":"B738"},"97E":{"r":"EI-ESX","t":"B738"},"980":{"r":"EI-ESY","t":"B738"},"981":{"r":"EI-ESZ","t":"B738"},"982":{"r":"EI-XLK","t":"B744"},"983":{"r":"EI-UNH","t":"B735"},"987":{"r":"EI-ISD","t":"B772"},"988":{"r":"EI-RNA","t":"E190"},"989":{"r":"EI-ESG","t":"A319"},"98A":{"r":"EI-IMN","t":"A319"},"993":{"r":"EI-IKF","t":"A320"},"994":{"r":"EI-IKG","t":"A320"},"995":{"r":"EI-UNJ","t":"B738"},"997":{"r":"EI-UNK","t":"B738"},"99B":{"r":"EI-RDA","t":"E170"},"99C":{"r":"EI-RNB","t":"E190"},"99D":{"r":"EI-XLL","t":"B744"},"9A4":{"r":"EI-RDB","t":"E170"},"9A8":{"r":"EI-UNL","t":"B773"},"9AE":{"r":"EI-UNY","t":"B772"},"9AF":{"r":"EI-XLZ","t":"B744"},"9B0":{"r":"EI-ETH","t":"A321"},"9B2":{"r":"EI-LIS","t":"A320"},"9B3":{"r":"EI-IMP","t":"A319"},"9B4":{"r":"EI-IMR","t":"A319"},"9B5":{"r":"EI-XLH","t":"B744"},"9B6":{"r":"EI-XLM","t":"B744"},"9BD":{"r":"EI-IMS","t":"A320"},"9BE":{"r":"EI-RNC","t":"E190"},"9BF":{"r":"EI-ETJ","t":"A321"},"9C0":{"r":"EI-ETI","t":"A333"},"9C1":{"r":"EI-EVA","t":"B738"},"9C2":{"r":"EI-EVB","t":"B738"},"9C3":{"r":"EI-EVC","t":"B738"},"9C4":{"r":"EI-EVD","t":"B738"},"9C5":{"r":"EI-XLI","t":"B744"},"9C6":{"r":"EI-UNN","t":"B773"},"9C7":{"r":"EI-RUA","t":"B738"},"9C8":{"r":"EI-ETK","t":"A321"},"9C9":{"r":"EI-ETL","t":"A321"},"9CA":{"r":"EI-RUB","t":"B738"},"9CC":{"r":"EI-EVE","t":"B738"},"9CD":{"r":"EI-EVF","t":"B738"},"9CF":{"r":"EI-EVG","t":"B738"},"9D0":{"r":"EI-EVH","t":"B738"},"9D1":{"r":"EI-EVI","t":"B738"},"9D2":{"r":"EI-EVJ","t":"B738"},"9D3":{"r":"EI-EVK","t":"B738"},"9D4":{"r":"EI-EVL","t":"B738"},"9D5":{"r":"EI-ETN","t":"A319"},"9D6":{"r":"EI-ETO","t":"A319"},"9D7":{"r":"EI-ETP","t":"A319"},"9DD":{"r":"EI-EPS","t":"A319"},"9DE":{"r":"EI-RDC","t":"E170"},"9DF":{"r":"EI-EJL","t":"A332"},"9E0":{"r":"EI-UNM","t":"B773"},"9E2":{"r":"EI-RDD","t":"E170"},"9E3":{"r":"EI-RND","t":"E190"},"9E5":{"r":"EI-XLJ","t":"B744"},"9E9":{"r":"EI-ETT","t":"B734"},"9EA":{"r":"EI-EVM","t":"B738"},"9EB":{"r":"EI-EVN","t":"B738"},"9EC":{"r":"EI-EVO","t":"B738"},"9ED":{"r":"EI-EVP","t":"B738"},"9EE":{"r":"EI-IMT","t":"A319"},"9F0":{"r":"EI-UNP","t":"B773"},"9F2":{"r":"EI-RUZ","t":"B763"},"9F3":{"r":"EI-ISB","t":"B772"},"9F4":{"r":"EI-EUA","t":"A320"},"9F5":{"r":"EI-RUY","t":"B763"},"9F6":{"r":"EI-EUB","t":"A320"},"9F8":{"r":"EI-EUC","t":"A320"},"A03":{"r":"EI-EUN","t":"A320"},"A0C":{"r":"EI-ETX","t":"B737"},"A0E":{"r":"EI-EUW","t":"B737"},"A0F":{"r":"EI-EUX","t":"B737"},"A10":{"r":"EI-EUY","t":"B737"},"A11":{"r":"EI-EUZ","t":"B737"},"A1A":{"r":"EI-RDE","t":"E170"},"A1C":{"r":"EI-RNE","t":"E190"},"A1E":{"r":"EI-RUG","t":"B738"},"A22":{"r":"EI-EWI","t":"B712"},"A27":{"r":"EI-EWO","t":"A320"},"A28":{"r":"EI-EWP","t":"A321"},"A2A":{"r":"EI-RUC","t":"B738"},"A2B":{"r":"EI-RUD","t":"B738"},"A2C":{"r":"EI-RUE","t":"B738"},"A2D":{"r":"EI-RUF","t":"B738"},"A32":{"r":"EI-EJM","t":"A332"},"A33":{"r":"EI-EJN","t":"A332"},"A34":{"r":"EI-EWT","t":"B752"},"A3C":{"r":"EI-IGN","t":"B738"},"A3E":{"r":"EI-IMU","t":"A319"},"A44":{"r":"EI-RDF","t":"E170"},"A45":{"r":"EI-RDG","t":"E170"},"A46":{"r":"EI-RDH","t":"E170"},"A48":{"r":"EI-EXA","t":"B712"},"A4A":{"r":"EI-EXI","t":"B712"},"A52":{"r":"EI-EXK","t":"A320"},"A57":{"r":"EI-EVR","t":"B738"},"A58":{"r":"EI-EVS","t":"B738"},"A59":{"r":"EI-EVT","t":"B738"},"A5A":{"r":"EI-EVV","t":"B738"},"A5B":{"r":"EI-EVW","t":"B738"},"A5C":{"r":"EI-EVX","t":"B738"},"A5D":{"r":"EI-EVY","t":"B738"},"A5E":{"r":"EI-EVZ","t":"B738"},"A5F":{"r":"EI-EXD","t":"B738"},"A60":{"r":"EI-EXE","t":"B738"},"A61":{"r":"EI-EXF","t":"B738"},"A63":{"r":"EI-RDI","t":"E170"},"A65":{"r":"EI-XLN","t":"B744"},"A6C":{"r":"EI-STB","t":"B734"},"A6D":{"r":"EI-EJO","t":"A332"},"A76":{"r":"EI-RDJ","t":"E170"},"A77":{"r":"EI-RDK","t":"E170"},"A7B":{"r":"EI-RDL","t":"E170"},"A7C":{"r":"EI-RDM","t":"E170"},"A7E":{"r":"EI-EYH","t":"A320"},"A8F":{"r":"EI-STC","t":"B734"},"A9B":{"r":"EI-EJP","t":"A332"},"A9D":{"r":"EI-STD","t":"B734"},"A9E":{"r":"EI-OZJ","t":"A306"},"AA7":{"r":"EI-IMV","t":"A319"},"AA8":{"r":"EI-IMW","t":"A319"},"AAD":{"r":"EI-EZC","t":"A319"},"AB4":{"r":"EI-IMX","t":"A319"},"AB6":{"r":"EI-ISA","t":"B772"},"AB7":{"r":"EI-ISO","t":"B772"},"ABA":{"r":"EI-ISE","t":"B772"},"ABE":{"r":"EI-RDN","t":"E170"},"ABF":{"r":"EI-RDO","t":"E170"},"AC4":{"r":"EI-RUH","t":"B738"},"AC5":{"r":"EI-RUI","t":"B738"},"AC8":{"r":"EI-EZV","t":"A320"},"AC9":{"r":"EI-EZW","t":"A320"},"AD1":{"r":"EI-RUJ","t":"B738"},"AD2":{"r":"EI-EPT","t":"A319"},"AD7":{"r":"EI-FAS","t":"AT76"},"AD8":{"r":"EI-FAT","t":"AT76"},"AD9":{"r":"EI-FAU","t":"AT76"},"ADA":{"r":"EI-FAV","t":"AT76"},"AE3":{"r":"EI-ZMA","t":"F900"},"AE4":{"r":"EI-FBJ","t":"B712"},"AE5":{"r":"EI-FBK","t":"B712"},"AE6":{"r":"EI-FBL","t":"B712"},"AE7":{"r":"EI-FBM","t":"B712"},"AEA":{"r":"EI-FBH","t":"A321"},"AEB":{"r":"EI-FAW","t":"AT76"},"AEC":{"r":"EI-FAX","t":"AT76"},"AEF":{"r":"EI-FBO","t":"A319"},"AF8":{"r":"EI-LNA","t":"B788"},"B04":{"r":"EI-FCC","t":"A320"},"B05":{"r":"EI-EPU","t":"A319"},"B07":{"r":"EI-LNB","t":"B788"},"B08":{"r":"EI-LND","t":"B788"},"B09":{"r":"EI-LNF","t":"B788"},"B0A":{"r":"EI-LNG","t":"B788"},"B10":{"r":"EI-FBV","t":"A321"},"B12":{"r":"EI-FCT","t":"E190"},"B17":{"r":"EI-FCY","t":"AT76"},"B19":{"r":"EI-STE","t":"B734"},"B2A":{"r":"EI-FCU","t":"B712"},"B4C":{"r":"EI-RUL","t":"B737"},"B4D":{"r":"EI-LNC","t":"B788"},"B5E":{"r":"EI-RUV","t":"B763"},"B5F":{"r":"EI-RUW","t":"B763"},"B61":{"r":"EI-RUM","t":"B737"},"B62":{"r":"EI-RUU","t":"B763"},"B64":{"r":"EI-RUN","t":"B738"},"B65":{"r":"EI-RUO","t":"B738"},"B82":{"r":"EI-JSK","t":"GLF6"},"B83":{"r":"EI-LIM","t":"A139"},"B93":{"r":"EI-FEB","t":"B738"},"B94":{"r":"EI-FEC","t":"B738"},"B95":{"r":"EI-FED","t":"B738"},"C7F":{"r":"EI-EZR","t":"A320"}}