{"0006":{"r":"HZ-AIF","t":"B74S"},"000A":{"r":"HZ-AIK","t":"B743"},"000B":{"r":"HZ-AIL","t":"B743"},"000D":{"r":"HZ-AIN","t":"B743"},"000F":{"r":"HZ-AIP","t":"B743"},"0014":{"r":"HZ-AIU","t":"B742"},"0015":{"r":"HZ-AIV","t":"B744"},"0016":{"r":"HZ-AIW","t":"B744"},"0017":{"r":"HZ-AIX","t":"B744"},"0018":{"r":"HZ-AIY","t":"B744"},"001A":{"r":"HZ-AI3","t":"B748"},"0033":{"r":"HZ-AKA","t":"B772"},"0034":{"r":"HZ-AKB","t":"B772"},"0035":{"r":"HZ-AKC","t":"B772"},"0036":{"r":"HZ-AKD","t":"B772"},"0037":{"r":"HZ-AKE","t":"B772"},"0038":{"r":"HZ-AKF","t":"B772"},"0039":{"r":"HZ-AKG","t":"B772"},"003A":{"r":"HZ-AKH","t":"B772"},"003B":{"r":"HZ-AKI","t":"B772"},"003C":{"r":"HZ-AKJ","t":"B772"},"003D":{"r":"HZ-AKK","t":"B772"},"003E":{"r":"HZ-AKL","t":"B772"},"003F":{"r":"HZ-AKM","t":"B772"},"0040":{"r":"HZ-AKN","t":"B772"},"0041":{"r":"HZ-AKO","t":"B772"},"0042":{"r":"HZ-AKP","t":"B772"},"0043":{"r":"HZ-AKQ","t":"B772"},"0044":{"r":"HZ-AKR","t":"B772"},"0045":{"r":"HZ-AKS","t":"B772"},"0046":{"r":"HZ-AKT","t":"B772"},"0047":{"r":"HZ-AKU","t":"B772"},"0048":{"r":"HZ-AKV","t":"B772"},"0049":{"r":"HZ-AKW","t":"B772"},"004A":{"r":"HZ-AQA","t":"A333"},"004B":{"r":"HZ-AQB","t":"A333"},"004C":{"r":"HZ-AQC","t":"A333"},"004D":{"r":"HZ-AQD","t":"A333"},"004E":{"r":"HZ-AQE","t":"A333"},"0050":{"r":"HZ-AQG","t":"A333"},"0051":{"r":"HZ-AQH","t":"A333"},"0052":{"r":"HZ-AQF","t":"A333"},"0053":{"r":"HZ-AK11","t":"B773"},"0054":{"r":"HZ-AK12","t":"B773"},"0055":{"r":"HZ-AK13","t":"B773"},"0056":{"r":"HZ-AK14","t":"B773"},"0057":{"r":"HZ-AK15","t":"B77W"},"0058":{"r":"HZ-AK16","t":"B77W"},"0059":{"r":"HZ-AK17","t":"B77W"},"005A":{"r":"HZ-AK18","t":"B77W"},"005E":{"r":"HZ-AK19","t":"B77W"},"005F":{"r":"HZ-AK20","t":"B77W"},"0060":{"r":"HZ-AK21","t":"B77W"},"0061":{"r":"HZ-AK22","t":"B77W"},"0064":{"r":"HZ-AK24","t":"B77W"},"0070":{"r":"HZ-ASA","t":"A320"},"0071":{"r":"HZ-ASB","t":"A320"},"0073":{"r":"HZ-AS11","t":"A320"},"0074":{"r":"HZ-AS12","t":"A320"},"0075":{"r":"HZ-AS13","t":"A320"},"0076":{"r":"HZ-AS14","t":"A320"},"0077":{"r":"HZ-AS15","t":"A320"},"0078":{"r":"HZ-AS16","t":"A320"},"007A":{"r":"HZ-AS31","t":"A320"},"007B":{"r":"HZ-AS32","t":"A320"},"007C":{"r":"HZ-ASC","t":"A320"},"007D":{"r":"HZ-AS33","t":"A320"},"007E":{"r":"HZ-ASD","t":"A320"},"007F":{"r":"HZ-ASE","t":"A320"},"0080":{"r":"HZ-AS18","t":"A320"},"0081":{"r":"HZ-AS19","t":"A320"},"0082":{"r":"HZ-AS34","t":"A320"},"0083":{"r":"HZ-AS35","t":"A320"},"0084":{"r":"HZ-AS36","t":"A320"},"0085":{"r":"HZ-AS17","t":"A320"},"0086":{"r":"HZ-AS20","t":"A320"},"0087":{"r":"HZ-AS21","t":"A320"},"0088":{"r":"HZ-AS37","t":"A320"},"0089":{"r":"HZ-AS38","t":"A320"},"008A":{"r":"HZ-AS22","t":"A320"},"008B":{"r":"HZ-AS39","t":"A320"},"008C":{"r":"HZ-AS40","t":"A320"},"008D":{"r":"HZ-AS41","t":"A320"},"008E":{"r":"HZ-AS42","t":"A320"},"008F":{"r":"HZ-AS43","t":"A320"},"0090":{"r":"HZ-ASH","t":"A321"},"0091":{"r":"HZ-ASI","t":"A321"},"0092":{"r":"HZ-ASJ","t":"A321"},"0093":{"r":"HZ-ASK","t":"A321"},"0094":{"r":"HZ-AS44","t":"A320"},"0095":{"r":"HZ-AS23","t":"A320"},"0096":{"r":"HZ-AS45","t":"A320"},"00A6":{"r":"HZ-ASF","t":"A320"},"00A7":{"r":"HZ-ASL","t":"A321"},"00A8":{"r":"HZ-ASM","t":"A321"},"00A9":{"r":"HZ-ASN","t":"A321"},"00AB":{"r":"HZ-ASO","t":"A321"},"00AD":{"r":"HZ-ASG","t":"A320"},"00CE":{"r":"HZ-APF","t":"MD90"},"00E7":{"r":"HZ-SPAG","t":"FA7X"},"00EC":{"r":"HZ-SPAH","t":"FA7X"},"00ED":{"r":"HZ-SPAF","t":"BE40"},"00EE":{"r":"HZ-SPAI","t":"FA7X"},"00EF":{"r":"HZ-SPAL","t":"F900"},"00F0":{"r":"HZ-SPAJ","t":"FA7X"},"00FE":{"r":"HZ-IAM","t":"E135"},"00FF":{"r":"HZ-TFM","t":"CL60"},"0104":{"r":"HZ-AK26","t":"B77W"},"010A":{"r":"HZ-103","t":"GLF4"},"010B":{"r":"HZ-124","t":"A342"},"0191":{"r":"HZ-ANA","t":"MD11"},"0192":{"r":"HZ-ANB","t":"MD11"},"0193":{"r":"HZ-ANC","t":"MD11"},"0194":{"r":"HZ-AND","t":"MD11"},"01BA":{"r":"HZ-AB3","t":"B722"},"01C0":{"r":"HZ-AFA2","t":"CL60"},"01C7":{"r":"HZ-AFT","t":"F900"},"01CD":{"r":"HZ-AFV","t":"GLF4"},"01D1":{"r":"HZ-AFU","t":"GLF4"},"01D2":{"r":"HZ-AFX","t":"GLF4"},"01D3":{"r":"HZ-KSDC","t":"F2TH"},"01E0":{"r":"HZ-MS5A","t":"GLF5"},"01E2":{"r":"HZ-MF1","t":"B737"},"01E3":{"r":"HZ-MF2","t":"B737"},"01E4":{"r":"HZ-WBT5","t":"H25B"},"01E6":{"r":"HZ-NSA","t":"A310"},"01E7":{"r":"HZ-MF3","t":"GLF4"},"01E9":{"r":"HZ-MF4","t":"GLF4"},"01EF":{"r":"HZ-XY7","t":"A320"},"01F0":{"r":"HZ-MF5","t":"GLF4"},"01F1":{"r":"HZ-WBT7","t":"B744"},"01F2":{"r":"HZ-ARK","t":"GLF5"},"01F3":{"r":"HZ-SKI","t":"B722"},"01F4":{"r":"HZ-BL1","t":"C525"},"01F6":{"r":"HZ-DMO","t":"B733"},"01F8":{"r":"HZ-OFC5","t":"F900"},"01FC":{"r":"HZ-DME","t":"F900"},"01FD":{"r":"HZ-NMA","t":"B733"},"0200":{"r":"HZ-BIN","t":"H25B"},"0203":{"r":"HZ-KSGA","t":"GLF4"},"020B":{"r":"HZ-KSRD","t":"H25B"},"0217":{"r":"HZ-AJ2","t":"A320"},"021A":{"r":"HZ-AWA1","t":"B744"},"021B":{"r":"HZ-AWA3","t":"B744"},"0220":{"r":"HZ-ALFA","t":"GLF5"},"0221":{"r":"HZ-HHT","t":"GLF3"},"0222":{"r":"HZ-ATR","t":"B739"},"0223":{"r":"HZ-A2","t":"A320"},"0226":{"r":"HZ-A4","t":"A319"},"0227":{"r":"HZ-RCA","t":"A318"},"0228":{"r":"HZ-A8","t":"H25B"},"022A":{"r":"HZ-OFC6","t":"FA7X"},"022B":{"r":"HZ-MF6","t":"B739"},"022E":{"r":"HZ-A3","t":"A320"},"0238":{"r":"HZ-A9","t":"H25B"},"023F":{"r":"HZ-HSH","t":"CL60"},"0240":{"r":"HZ-IBN","t":"E55P"},"0247":{"r":"HZ-A5","t":"A319"},"0248":{"r":"HZ-MEJ1","t":"CL60"},"024D":{"r":"HZ-103S","t":"B739"},"024E":{"r":"HZ-OHS","t":"CL60"},"024F":{"r":"HZ-HAA","t":"B735"},"0254":{"r":"HZ-A6","t":"GLF5"},"0259":{"r":"1630","t":"C130"},"025A":{"r":"472","t":"C130"},"025B":{"r":"473","t":"C130"},"025C":{"r":"1622","t":"C130"},"025D":{"r":"1623","t":"C130"},"025E":{"r":"1624","t":"C130"},"0291":{"r":"7503","t":"TOR"},"02D5":{"r":"1604","t":"C130"},"02DC":{"r":"482","t":"C130"},"02DD":{"r":"483","t":"C130"},"02DE":{"r":"1632","t":"C130"},"02E1":{"r":"474","t":"C130"},"02E2":{"r":"475","t":"C130"},"02E3":{"r":"1625","t":"C130"},"02E4":{"r":"1626","t":"C130"},"02F9":{"r":"2401","t":"A332"},"0322":{"r":"HZ-HM1B","t":"B74S"},"0323":{"r":"HZ-AIJ","t":"B74S"},"032C":{"r":"HZ-HMED","t":"B752"},"0333":{"r":"HZ-HM1","t":"B744"},"0334":{"r":"HZ-HMS2","t":"A342"},"0386":{"r":"HZ-128","t":"C130"},"0387":{"r":"HZ-129","t":"C130"},"0388":{"r":"HZ-115","t":"C130"},"038D":{"r":"HZ-110","t":"H25B"},"038E":{"r":"HZ-130","t":"H25B"},"038F":{"r":"HZ-132","t":"C130"},"0391":{"r":"HZ-101","t":"B738"},"0392":{"r":"HZ-102","t":"B737"},"0396":{"r":"HZ-136","t":"C550"},"03E9":{"r":"HZ-MFL","t":"GLF4"},"03EB":{"r":"HZ-AFY","t":"GLF4"},"03EE":{"r":"HZ-TAA","t":"B737"},"03F0":{"r":"HZ-HA1","t":"GLF2"},"03F2":{"r":"HZ-MS4","t":"GLF4"},"03FA":{"r":"HZ-MIS","t":"B732"},"BA27":{"r":"HL7227","t":"B737"},"BC00":{"r":"HL7400","t":"B744"},"BC02":{"r":"HL7402","t":"B744"},"BC03":{"r":"HL7403","t":"B744"},"BC04":{"r":"HL7404","t":"B744"},"BC13":{"r":"HL7413","t":"B744"},"BC14":{"r":"HL7414","t":"B744"},"BC15":{"r":"HL7415","t":"B744"},"BC17":{"r":"HL7417","t":"B744"},"BC18":{"r":"HL7418","t":"B744"},"BC19":{"r":"HL7419","t":"B744"},"BC20":{"r":"HL7420","t":"B744"},"BC21":{"r":"HL7421","t":"B744"},"BC23":{"r":"HL7423","t":"B744"},"BC28":{"r":"HL7428","t":"B744"},"BC34":{"r":"HL7434","t":"B744"},"BC36":{"r":"HL7436","t":"B744"},"BC37":{"r":"HL7437","t":"B744"},"BC38":{"r":"HL7438","t":"B744"},"BC39":{"r":"HL7439","t":"B744"},"BC48":{"r":"HL7448","t":"B744"},"BC49":{"r":"HL7449","t":"B744"},"BC60":{"r":"HL7460","t":"B744"},"BC61":{"r":"HL7461","t":"B744"},"BC62":{"r":"HL7462","t":"B744"},"BC65":{"r":"HL7465","t":"B744"},"BC66":{"r":"HL7466","t":"B744"},"BC67":{"r":"HL7467","t":"B744"},"BC72":{"r":"HL7472","t":"B744"},"BC73":{"r":"HL7473","t":"B744"},"BC82":{"r":"HL7482","t":"B744"},"BC83":{"r":"HL7483","t":"B744"},"BC84":{"r":"HL7484","t":"B744"},"BC85":{"r":"HL7485","t":"B744"},"BC86":{"r":"HL7486","t":"B744"},"BC87":{"r":"HL7487","t":"B744"},"BC88":{"r":"HL7488","t":"B744"},"BC89":{"r":"HL7489","t":"B744"},"BC90":{"r":"HL7490","t":"B744"},"BC91":{"r":"HL7491","t":"B744"},"BC92":{"r":"HL7492","t":"B744"},"BC93":{"r":"HL7493","t":"B744"},"BC94":{"r":"HL7494","t":"B744"},"BC95":{"r":"HL7495","t":"B744"},"BC98":{"r":"HL7498","t":"B744"},"BC99":{"r":"HL7499","t":"B744"},"BD00":{"r":"HL7500","t":"B772"},"BD24":{"r":"HL7524","t":"A333"},"BD25":{"r":"HL7525","t":"A333"},"BD26":{"r":"HL7526","t":"B772"},"BD30":{"r":"HL7530","t":"B772"},"BD31":{"r":"HL7531","t":"B772"},"BD32":{"r":"HL7532","t":"B773"},"BD38":{"r":"HL7538","t":"A332"},"BD39":{"r":"HL7539","t":"A332"},"BD40":{"r":"HL7540","t":"A333"},"BD50":{"r":"HL7550","t":"A333"},"BD51":{"r":"HL7551","t":"A333"},"BD52":{"r":"HL7552","t":"A332"},"BD53":{"r":"HL7553","t":"A333"},"BD54":{"r":"HL7554","t":"A333"},"BD74":{"r":"HL7574","t":"B772"},"BD75":{"r":"HL7575","t":"B772"},"BD84":{"r":"HL7584","t":"A333"},"BD85":{"r":"HL7585","t":"A333"},"BD86":{"r":"HL7586","t":"A333"},"BD87":{"r":"HL7587","t":"A333"},"BD96":{"r":"HL7596","t":"B772"},"BD97":{"r":"HL7597","t":"B772"},"BD98":{"r":"HL7598","t":"B772"},"BE00":{"r":"HL7600","t":"B744"},"BE01":{"r":"HL7601","t":"B744"},"BE02":{"r":"HL7602","t":"B744"},"BE03":{"r":"HL7603","t":"B744"},"BE04":{"r":"HL7604","t":"B744"},"BE05":{"r":"HL7605","t":"B744"},"BE06":{"r":"HL7606","t":"B744"},"BE08":{"r":"HL7608","t":"B744"},"BE09":{"r":"HL7609","t":"B748"},"BE10":{"r":"HL7610","t":"B748"},"BE11":{"r":"HL7611","t":"A388"},"BE12":{"r":"HL7612","t":"A388"},"BE13":{"r":"HL7613","t":"A388"},"BE14":{"r":"HL7614","t":"A388"},"BE15":{"r":"HL7615","t":"A388"},"BE16":{"r":"HL7616","t":"B744"},"BE18":{"r":"HL7618","t":"B744"},"BE19":{"r":"HL7619","t":"A388"},"BE20":{"r":"HL7620","t":"B744"},"BF00":{"r":"HL7700","t":"B772"},"BF01":{"r":"HL7701","t":"A333"},"BF02":{"r":"HL7702","t":"A333"},"BF09":{"r":"HL7709","t":"A333"},"BF10":{"r":"HL7710","t":"A333"},"BF14":{"r":"HL7714","t":"B772"},"BF15":{"r":"HL7715","t":"B772"},"BF20":{"r":"HL7720","t":"A333"},"BF21":{"r":"HL7721","t":"B772"},"BF32":{"r":"HL7732","t":"B772"},"BF33":{"r":"HL7733","t":"B772"},"BF34":{"r":"HL7734","t":"B772"},"BF39":{"r":"HL7739","t":"B772"},"BF42":{"r":"HL7742","t":"B772"},"BF43":{"r":"HL7743","t":"B772"},"BF49":{"r":"HL7749","t":"GLEX"},"BF50":{"r":"HL7750","t":"B772"},"BF51":{"r":"HL7751","t":"B772"},"BF52":{"r":"HL7752","t":"B772"},"BF55":{"r":"HL7755","t":"B772"},"BF56":{"r":"HL7756","t":"B772"},"BF59":{"r":"HL7759","t":"B737"},"BF63":{"r":"HL7763","t":"A320"},"BF64":{"r":"HL7764","t":"B772"},"BF65":{"r":"HL7765","t":"B772"},"BF66":{"r":"HL7766","t":"B772"},"BF73":{"r":"HL7773","t":"A320"},"BF75":{"r":"HL7775","t":"B772"},"BF82":{"r":"HL7782","t":"B77W"},"BF83":{"r":"HL7783","t":"B77W"},"BF84":{"r":"HL7784","t":"B77W"},"BF87":{"r":"HL7787","t":"B737"},"BF89":{"r":"HL7789","t":"A321"},"BF91":{"r":"HL7791","t":"B772"},"BF94":{"r":"HL7794","t":"A333"},"BF95":{"r":"HL7795","t":"A333"},"C007":{"r":"HL8007","t":"B77W"},"C200":{"r":"HL8200","t":"GLF5"},"C208":{"r":"HL8208","t":"B77W"},"C209":{"r":"HL8209","t":"B77W"},"C210":{"r":"HL8210","t":"B77W"},"C211":{"r":"HL8211","t":"A332"},"C212":{"r":"HL8212","t":"A332"},"C216":{"r":"HL8216","t":"B77W"},"C217":{"r":"HL8217","t":"B77W"},"C218":{"r":"HL8218","t":"B77W"},"C221":{"r":"HL8221","t":"B739"},"C223":{"r":"HL8223","t":"B739"},"C224":{"r":"HL8224","t":"B738"},"C226":{"r":"HL8226","t":"B772"},"C227":{"r":"HL8227","t":"A332"},"C228":{"r":"HL8228","t":"A332"},"C240":{"r":"HL8240","t":"B738"},"C241":{"r":"HL8241","t":"B738"},"C242":{"r":"HL8242","t":"B738"},"C243":{"r":"HL8243","t":"B738"},"C245":{"r":"HL8245","t":"B738"},"C248":{"r":"HL8248","t":"B739"},"C249":{"r":"HL8249","t":"B739"},"C250":{"r":"HL8250","t":"B77W"},"C251":{"r":"HL8251","t":"B77L"},"C252":{"r":"HL8252","t":"B77L"},"C254":{"r":"HL8254","t":"B772"},"C255":{"r":"HL8255","t":"A321"},"C256":{"r":"HL8256","t":"A321"},"C258":{"r":"HL8258","t":"A333"},"C259":{"r":"HL8259","t":"A333"},"C265":{"r":"HL8265","t":"A321"},"C274":{"r":"HL8274","t":"B77W"},"C275":{"r":"HL8275","t":"B77W"},"C285":{"r":"HL8285","t":"B77L"}}