{"01C1":{"r":"VH-AMR","t":"BE20"},"01C2":{"r":"VH-AMS","t":"BE20"},"01E9":{"r":"VH-ANV","t":"E170"},"0876":{"r":"VH-BYG","t":"PA31"},"089A":{"r":"VH-BZG","t":"B738"},"0A6A":{"r":"VH-CCC","t":"GLF5"},"0AFD":{"r":"VH-CGF","t":"GLF4"},"0BE5":{"r":"VH-CMV","t":"PA38"},"0C04":{"r":"VH-CNQ","t":"DA42"},"0C9A":{"r":"VH-CRW","t":"F2TH"},"10CE":{"r":"VH-DLS","t":"SR22"},"1194":{"r":"VH-DRA","t":"C340"},"1464":{"r":"VH-EBA","t":"A332"},"1465":{"r":"VH-EBB","t":"A332"},"1466":{"r":"VH-EBC","t":"A332"},"1467":{"r":"VH-EBD","t":"A332"},"1468":{"r":"VH-EBE","t":"A332"},"1469":{"r":"VH-EBF","t":"A332"},"146A":{"r":"VH-EBG","t":"A332"},"146B":{"r":"VH-EBH","t":"A332"},"146C":{"r":"VH-EBI","t":"A332"},"146D":{"r":"VH-EBJ","t":"A332"},"146E":{"r":"VH-EBK","t":"A332"},"146F":{"r":"VH-EBL","t":"A332"},"1470":{"r":"VH-EBM","t":"A332"},"1471":{"r":"VH-EBN","t":"A332"},"1472":{"r":"VH-EBO","t":"A332"},"1473":{"r":"VH-EBP","t":"A332"},"1474":{"r":"VH-EBQ","t":"A332"},"1475":{"r":"VH-EBR","t":"A332"},"1476":{"r":"VH-EBS","t":"A332"},"1505":{"r":"VH-EFR","t":"B763"},"1739":{"r":"VH-EVF","t":"H25B"},"178C":{"r":"VH-EXQ","t":"C680"},"17C7":{"r":"VH-EZD","t":"BE58"},"19C4":{"r":"VH-FDI","t":"BE20"},"19C8":{"r":"VH-FDM","t":"BE20"},"19CF":{"r":"VH-FDT","t":"BE20"},"1A78":{"r":"VH-FII","t":"BE20"},"1A87":{"r":"VH-FIX","t":"B350"},"1B06":{"r":"VH-FMG","t":"GLEX"},"1B4F":{"r":"VH-FOH","t":"SR20"},"1C53":{"r":"VH-FVP","t":"AT75"},"1CE2":{"r":"VH-FZO","t":"F100"},"2A68":{"r":"VH-INU","t":"B733"},"2F03":{"r":"VH-JKL"},"33C8":{"r":"VH-KII","t":"C172"},"3457":{"r":"VH-KMH","t":"C172"},"3552":{"r":"VH-KTG","t":"GL5T"},"35E8":{"r":"VH-KXM","t":"C510"},"3803":{"r":"VH-LCL","t":"DH8B"},"382C":{"r":"VH-LDQ","t":"SW2"},"39F0":{"r":"VH-LQA"},"3A2B":{"r":"VH-LRX","t":"LJ35"},"3A8B":{"r":"VH-LUL","t":"CL60"},"3AAB":{"r":"VH-LVH","t":"R44"},"3CF3":{"r":"VH-MBP","t":"GLF4"},"3E34":{"r":"VH-MKM","t":"PA30"},"3E88":{"r":"VH-MMY","t":"BE36"},"3F0A":{"r":"VH-MQK","t":"F900"},"3FCA":{"r":"VH-MVW","t":"BE20"},"3FCB":{"r":"VH-MVX","t":"BE20"},"3FE2":{"r":"VH-MWK","t":"BE20"},"41D9":{"r":"VH-NAJ","t":"B350"},"41DE":{"r":"VH-NAO","t":"B350"},"4292":{"r":"VH-NFO","t":"AS50"},"42D6":{"r":"VH-NHK","t":"F100"},"42D9":{"r":"VH-NHN","t":"F100"},"4414":{"r":"VH-NQE","t":"F100"},"4447":{"r":"VH-NRT","t":"RV7"},"444D":{"r":"VH-NRZ","t":"P28A"},"446A":{"r":"VH-NSS","t":"BE58"},"4517":{"r":"VH-NXL","t":"B712"},"4558":{"r":"VH-NZE"},"4559":{"r":"VH-NZF"},"473D":{"r":"VH-OCV","t":"GLEX"},"4771":{"r":"VH-OEB","t":"B744"},"4774":{"r":"VH-OEE","t":"B744"},"4775":{"r":"VH-OEF","t":"B744"},"4776":{"r":"VH-OEG","t":"B744"},"4777":{"r":"VH-OEH","t":"B744"},"4778":{"r":"VH-OEI","t":"B744"},"4779":{"r":"VH-OEJ","t":"B744"},"47C2":{"r":"VH-OGK","t":"B763"},"47C3":{"r":"VH-OGL","t":"B763"},"47C5":{"r":"VH-OGN","t":"B763"},"47C6":{"r":"VH-OGO","t":"B763"},"47C7":{"r":"VH-OGP","t":"B763"},"47C8":{"r":"VH-OGQ","t":"B763"},"47C9":{"r":"VH-OGR","t":"B763"},"47CA":{"r":"VH-OGS","t":"B763"},"47CB":{"r":"VH-OGT","t":"B763"},"47CC":{"r":"VH-OGU","t":"B763"},"47CD":{"r":"VH-OGV","t":"B763"},"4824":{"r":"VH-OJA","t":"B744"},"4825":{"r":"VH-OJB","t":"B744"},"4826":{"r":"VH-OJC","t":"B744"},"4827":{"r":"VH-OJD","t":"B744"},"4828":{"r":"VH-OJE","t":"B744"},"4829":{"r":"VH-OJF","t":"B744"},"482A":{"r":"VH-OJG","t":"B744"},"482B":{"r":"VH-OJH","t":"B744"},"482C":{"r":"VH-OJI","t":"B744"},"482D":{"r":"VH-OJJ","t":"B744"},"482E":{"r":"VH-OJK","t":"B744"},"482F":{"r":"VH-OJL","t":"B744"},"4830":{"r":"VH-OJM","t":"B744"},"4831":{"r":"VH-OJN","t":"B744"},"4832":{"r":"VH-OJO","t":"B744"},"4833":{"r":"VH-OJP","t":"B744"},"4834":{"r":"VH-OJQ","t":"B744"},"4835":{"r":"VH-OJR","t":"B744"},"4836":{"r":"VH-OJS","t":"B744"},"4837":{"r":"VH-OJT","t":"B744"},"4838":{"r":"VH-OJU","t":"B744"},"48FC":{"r":"VH-OPA","t":"C182"},"4920":{"r":"VH-OQA","t":"A388"},"4921":{"r":"VH-OQB","t":"A388"},"4922":{"r":"VH-OQC","t":"A388"},"4923":{"r":"VH-OQD","t":"A388"},"4924":{"r":"VH-OQE","t":"A388"},"4925":{"r":"VH-OQF","t":"A388"},"4926":{"r":"VH-OQG","t":"A388"},"4927":{"r":"VH-OQH","t":"A388"},"4928":{"r":"VH-OQI","t":"A388"},"4929":{"r":"VH-OQJ","t":"A388"},"492A":{"r":"VH-OQK","t":"A388"},"492B":{"r":"VH-OQL","t":"A388"},"497E":{"r":"VH-OSW","t":"GLF4"},"4CAF":{"r":"VH-PFL","t":"GLF5"},"4E0F":{"r":"VH-PPD","t":"F900"},"4E15":{"r":"VH-PPJ","t":"D328"},"4E1C":{"r":"VH-PPQ","t":"D328"},"530A":{"r":"VH-QOS","t":"DH8D"},"531C":{"r":"VH-QPA","t":"A333"},"531D":{"r":"VH-QPB","t":"A333"},"531E":{"r":"VH-QPC","t":"A333"},"531F":{"r":"VH-QPD","t":"A333"},"5320":{"r":"VH-QPE","t":"A333"},"5321":{"r":"VH-QPF","t":"A333"},"5322":{"r":"VH-QPG","t":"A333"},"5323":{"r":"VH-QPH","t":"A333"},"5324":{"r":"VH-QPI","t":"A333"},"5325":{"r":"VH-QPJ","t":"A333"},"5357":{"r":"VH-QQX","t":"F70"},"561C":{"r":"VH-RAM","t":"F2TH"},"6031":{"r":"VH-TAB"},"6049":{"r":"VH-TAZ","t":"C441"},"610E":{"r":"VH-TGG","t":"GLEX"},"6257":{"r":"VH-TPL","t":"P28A"},"6296":{"r":"VH-TRC","t":"C404"},"62C6":{"r":"VH-TSO","t":"PA31"},"6A53":{"r":"VH-VAD","t":"BE20"},"6A54":{"r":"VH-VAE","t":"BE20"},"6A57":{"r":"VH-VAH","t":"BE20"},"6A8C":{"r":"VH-VBY","t":"B737"},"6A8D":{"r":"VH-VBZ","t":"B737"},"6AD3":{"r":"VH-VDX","t":"GLEX"},"6B07":{"r":"VH-VFD","t":"A320"},"6B09":{"r":"VH-VFF","t":"A320"},"6B0B":{"r":"VH-VFH","t":"A320"},"6B0D":{"r":"VH-VFJ","t":"A320"},"6B0E":{"r":"VH-VFK","t":"A320"},"6B14":{"r":"VH-VFQ","t":"A320"},"6B17":{"r":"VH-VFT","t":"A320"},"6B18":{"r":"VH-VFU","t":"A320"},"6B28":{"r":"VH-VGA","t":"A320"},"6B2B":{"r":"VH-VGD","t":"A320"},"6B2D":{"r":"VH-VGF","t":"A320"},"6B2F":{"r":"VH-VGH","t":"A320"},"6B30":{"r":"VH-VGI","t":"A320"},"6B31":{"r":"VH-VGJ","t":"A320"},"6B35":{"r":"VH-VGN","t":"A320"},"6B36":{"r":"VH-VGO","t":"A320"},"6B37":{"r":"VH-VGP","t":"A320"},"6B38":{"r":"VH-VGQ","t":"A320"},"6B39":{"r":"VH-VGR","t":"A320"},"6B3B":{"r":"VH-VGT","t":"A320"},"6B3C":{"r":"VH-VGU","t":"A320"},"6B3D":{"r":"VH-VGV","t":"A320"},"6B3F":{"r":"VH-VGX","t":"GLEX"},"6B40":{"r":"VH-VGY","t":"A320"},"6B41":{"r":"VH-VGZ","t":"A320"},"6BBF":{"r":"VH-VKH","t":"B788"},"6BDE":{"r":"VH-VLC","t":"CL60"},"6C17":{"r":"VH-VMX","t":"CRJ2"},"6C25":{"r":"VH-VNB","t":"A320"},"6C26":{"r":"VH-VNC","t":"A320"},"6C27":{"r":"VH-VND","t":"A320"},"6C29":{"r":"VH-VNF","t":"A320"},"6C2A":{"r":"VH-VNG","t":"A320"},"6C2B":{"r":"VH-VNH","t":"A320"},"6C2D":{"r":"VH-VNJ","t":"A320"},"6C2E":{"r":"VH-VNK","t":"A320"},"6C32":{"r":"VH-VNO","t":"A320"},"6C33":{"r":"VH-VNP","t":"A320"},"6C34":{"r":"VH-VNQ","t":"A320"},"6C52":{"r":"VH-VOK","t":"B738"},"6C5A":{"r":"VH-VOS","t":"B738"},"6C5B":{"r":"VH-VOT","t":"B738"},"6C5C":{"r":"VH-VOU","t":"B738"},"6C5E":{"r":"VH-VOW","t":"B738"},"6C5F":{"r":"VH-VOX","t":"B738"},"6C61":{"r":"VH-VOZ","t":"B77W"},"6C6F":{"r":"VH-VPD","t":"B77W"},"6C70":{"r":"VH-VPE","t":"B77W"},"6C71":{"r":"VH-VPF","t":"B77W"},"6C73":{"r":"VH-VPH","t":"B77W"},"6C78":{"r":"VH-VPM","t":"C501"},"6C90":{"r":"VH-VQA","t":"A320"},"6C91":{"r":"VH-VQB","t":"A320"},"6C92":{"r":"VH-VQC","t":"A320"},"6C93":{"r":"VH-VQD","t":"A320"},"6C94":{"r":"VH-VQE","t":"A320"},"6C95":{"r":"VH-VQF","t":"A320"},"6C96":{"r":"VH-VQG","t":"A320"},"6C97":{"r":"VH-VQH","t":"A320"},"6C98":{"r":"VH-VQI","t":"A320"},"6C99":{"r":"VH-VQJ","t":"A320"},"6C9A":{"r":"VH-VQK","t":"A320"},"6C9B":{"r":"VH-VQL","t":"A320"},"6C9C":{"r":"VH-VQM","t":"A320"},"6C9D":{"r":"VH-VQN","t":"A320"},"6C9E":{"r":"VH-VQO","t":"A320"},"6C9F":{"r":"VH-VQP","t":"A320"},"6CA0":{"r":"VH-VQQ","t":"A320"},"6CA1":{"r":"VH-VQR","t":"A320"},"6CA2":{"r":"VH-VQS","t":"A320"},"6CA3":{"r":"VH-VQT","t":"A320"},"6CA4":{"r":"VH-VQU","t":"A320"},"6CA5":{"r":"VH-VQV","t":"A320"},"6CA6":{"r":"VH-VQW","t":"A320"},"6CA7":{"r":"VH-VQX","t":"A320"},"6CA8":{"r":"VH-VQY","t":"A320"},"6CA9":{"r":"VH-VQZ","t":"A320"},"6CB6":{"r":"VH-VRC","t":"H25B"},"6CB8":{"r":"VH-VRE","t":"CL60"},"6CE8":{"r":"VH-VSQ","t":"C510"},"6D20":{"r":"VH-VUA","t":"B738"},"6D22":{"r":"VH-VUC","t":"B738"},"6D24":{"r":"VH-VUE","t":"B738"},"6D25":{"r":"VH-VUF","t":"B738"},"6D26":{"r":"VH-VUG","t":"B738"},"6D28":{"r":"VH-VUI","t":"B738"},"6D29":{"r":"VH-VUJ","t":"B738"},"6D2A":{"r":"VH-VUK","t":"B738"},"6D2B":{"r":"VH-VUL","t":"B738"},"6D2C":{"r":"VH-VUM","t":"B738"},"6D2D":{"r":"VH-VUN","t":"B738"},"6D31":{"r":"VH-VUR","t":"B738"},"6D32":{"r":"VH-VUS","t":"B738"},"6D33":{"r":"VH-VUT","t":"B738"},"6D34":{"r":"VH-VUU","t":"B738"},"6D35":{"r":"VH-VUV","t":"B738"},"6D36":{"r":"VH-VUW","t":"B738"},"6D37":{"r":"VH-VUX","t":"B738"},"6D38":{"r":"VH-VUY","t":"B738"},"6D39":{"r":"VH-VUZ","t":"B738"},"6D7B":{"r":"VH-VWT","t":"A321"},"6D7C":{"r":"VH-VWU","t":"A321"},"6D7E":{"r":"VH-VWW","t":"A321"},"6D7F":{"r":"VH-VWX","t":"A321"},"6D81":{"r":"VH-VWZ","t":"A321"},"6D8C":{"r":"VH-VXA","t":"B738"},"6D8D":{"r":"VH-VXB","t":"B738"},"6D8E":{"r":"VH-VXC","t":"B738"},"6D8F":{"r":"VH-VXD","t":"B738"},"6D90":{"r":"VH-VXE","t":"B738"},"6D91":{"r":"VH-VXF","t":"B738"},"6D92":{"r":"VH-VXG","t":"B738"},"6D93":{"r":"VH-VXH","t":"B738"},"6D94":{"r":"VH-VXI","t":"B738"},"6D95":{"r":"VH-VXJ","t":"B738"},"6D96":{"r":"VH-VXK","t":"B738"},"6D97":{"r":"VH-VXL","t":"B738"},"6D99":{"r":"VH-VXN","t":"B738"},"6D9A":{"r":"VH-VXO","t":"B738"},"6D9B":{"r":"VH-VXP","t":"B738"},"6D9D":{"r":"VH-VXR","t":"B738"},"6D9E":{"r":"VH-VXS","t":"B738"},"6D9F":{"r":"VH-VXT","t":"B738"},"6DA0":{"r":"VH-VXU","t":"B738"},"6DB0":{"r":"VH-VYA","t":"B738"},"6DB1":{"r":"VH-VYB","t":"B738"},"6DB2":{"r":"VH-VYC","t":"B738"},"6DB3":{"r":"VH-VYD","t":"B738"},"6DB4":{"r":"VH-VYE","t":"B738"},"6DB5":{"r":"VH-VYF","t":"B738"},"6DB6":{"r":"VH-VYG","t":"B738"},"6DB7":{"r":"VH-VYH","t":"B738"},"6DB8":{"r":"VH-VYI","t":"B738"},"6DB9":{"r":"VH-VYJ","t":"B738"},"6DBA":{"r":"VH-VYK","t":"B738"},"6DBB":{"r":"VH-VYL","t":"B738"},"6DD4":{"r":"VH-VZA","t":"B738"},"6DD5":{"r":"VH-VZB","t":"B738"},"6DD6":{"r":"VH-VZC","t":"B738"},"6DD7":{"r":"VH-VZD","t":"B738"},"6DD8":{"r":"VH-VZE","t":"B738"},"6DDF":{"r":"VH-VZL","t":"B738"},"6DE0":{"r":"VH-VZM","t":"B738"},"6DE2":{"r":"VH-VZO","t":"B738"},"6DE3":{"r":"VH-VZP","t":"B738"},"6DE5":{"r":"VH-VZR","t":"B738"},"6DE6":{"r":"VH-VZS","t":"B738"},"6DE7":{"r":"VH-VZT","t":"B738"},"6DE8":{"r":"VH-VZU","t":"B738"},"6DE9":{"r":"VH-VZV","t":"B738"},"6DEA":{"r":"VH-VZW","t":"B738"},"6DEB":{"r":"VH-VZX","t":"B738"},"6DEC":{"r":"VH-VZY","t":"B738"},"6DED":{"r":"VH-VZZ","t":"B738"},"703F":{"r":"VH-WGH","t":"C182"},"708E":{"r":"VH-WIO","t":"F2TH"},"72AA":{"r":"VH-WXO","t":"BE20"},"74C1":{"r":"VH-XCJ","t":"C750"},"7524":{"r":"VH-XFA","t":"A332"},"7525":{"r":"VH-XFB","t":"A332"},"7526":{"r":"VH-XFC","t":"A332"},"7527":{"r":"VH-XFD","t":"A332"},"7528":{"r":"VH-XFE","t":"A332"},"7629":{"r":"VH-XMJ","t":"C441"},"7655":{"r":"VH-XNR","t":"A109"},"7799":{"r":"VH-XWR","t":"F100"},"77F4":{"r":"VH-XZA","t":"B738"},"77F8":{"r":"VH-XZE","t":"B738"},"77F9":{"r":"VH-XZF","t":"B738"},"77FB":{"r":"VH-XZH","t":"B738"},"77FC":{"r":"VH-XZI","t":"B738"},"7A36":{"r":"VH-YFC","t":"B738"},"7A38":{"r":"VH-YFE","t":"B738"},"7A39":{"r":"VH-YFF","t":"B738"},"7A3A":{"r":"VH-YFG","t":"B738"},"7A3B":{"r":"VH-YFH","t":"B738"},"7A3C":{"r":"VH-YFI","t":"B738"},"7A3D":{"r":"VH-YFJ","t":"B738"},"7A3E":{"r":"VH-YFK","t":"B738"},"7A3F":{"r":"VH-YFL","t":"B738"},"7AA0":{"r":"VH-YIA","t":"B738"},"7AA1":{"r":"VH-YIB","t":"B738"},"7AA3":{"r":"VH-YID","t":"B738"},"7AA4":{"r":"VH-YIE","t":"B738"},"7AA5":{"r":"VH-YIF","t":"B738"},"7AA6":{"r":"VH-YIG","t":"B738"},"7AA7":{"r":"VH-YIH","t":"B738"},"7AA9":{"r":"VH-YIJ","t":"B738"},"7AAB":{"r":"VH-YIL","t":"B738"},"7AAC":{"r":"VH-YIM","t":"B738"},"7AAE":{"r":"VH-YIO","t":"B738"},"7AB0":{"r":"VH-YIQ","t":"B738"},"7AB2":{"r":"VH-YIS","t":"B738"},"7BD4":{"r":"VH-YQU","t":"B712"},"7BD6":{"r":"VH-YQW","t":"B712"},"7C74":{"r":"VH-YVA","t":"B734"},"7C76":{"r":"VH-YVC","t":"B734"},"7C77":{"r":"VH-YVD","t":"B738"},"7CBC":{"r":"VH-YXA","t":"BE58"},"7EE0":{"r":"VH-ZCI","t":"BE20"},"7F4B":{"r":"VH-ZFH","t":"EC25"},"8022":{"r":"VH-ZLG","t":"SF34"},"8023":{"r":"VH-ZLH","t":"SF34"},"8026":{"r":"VH-ZLK","t":"SF34"},"802A":{"r":"VH-ZLO","t":"SF34"},"802C":{"r":"VH-ZLQ","t":"SF34"},"802E":{"r":"VH-ZLS","t":"SF34"},"8031":{"r":"VH-ZLV","t":"SF34"},"8032":{"r":"VH-ZLW","t":"SF34"},"80AC":{"r":"VH-ZPA","t":"E190"},"80B0":{"r":"VH-ZPE","t":"E190"},"80B3":{"r":"VH-ZPH","t":"E190"},"80B4":{"r":"VH-ZPI","t":"E190"},"80B5":{"r":"VH-ZPJ","t":"E190"},"80B7":{"r":"VH-ZPL","t":"E190"},"80B9":{"r":"VH-ZPN","t":"E190"},"80BC":{"r":"VH-ZPQ","t":"E190"},"80BD":{"r":"VH-ZPR","t":"E190"},"80BF":{"r":"VH-ZPT","t":"E190"},"80F5":{"r":"VH-ZRB","t":"SF34"},"80F6":{"r":"VH-ZRC","t":"SF34"},"80F8":{"r":"VH-ZRE","t":"SF34"},"80FB":{"r":"VH-ZRH","t":"SF34"},"810C":{"r":"VH-ZRY","t":"SF34"},"810D":{"r":"VH-ZRZ","t":"SF34"},"821B":{"r":"VH-ZZH","t":"CL60"},"F838":{"r":"A97-465","t":"C30J"},"F85C":{"r":"A36-001","t":"B737"},"F85D":{"r":"A36-002","t":"B737"},"F85E":{"r":"A37-001","t":"CL60"},"F860":{"r":"A37-003","t":"CL60"},"F866":{"r":"A39-003","t":"A332"},"F867":{"r":"A39-004","t":"A332"},"F869":{"r":"A41-206","t":"C17"},"F86D":{"r":"A32-426","t":"B350"},"F86E":{"r":"A32-437","t":"B350"},"F86F":{"r":"A32-439","t":"B350"},"F8E4":{"r":"A17-051","t":"B06"},"F8EB":{"r":"A32-651","t":"B350"},"F8EC":{"r":"A32-670","t":"B350"},"F8ED":{"r":"A32-671","t":"B350"},"F8EE":{"r":"A32-673","t":"B350"},"F8EF":{"r":"A32-675","t":"B350"},"F906":{"r":"A17-026","t":"B06"},"F925":{"r":"A41-211","t":"C17"}}