{"20035":{"r":"N228RE","t":"GLF4"},"2007C":{"r":"N228UA","t":"B772"},"2008C":{"r":"N228US","t":"DA42"},"200DF":{"r":"N228Y","t":"CL30"},"20297":{"r":"N229BP","t":"CL30"},"202AF":{"r":"N229CN","t":"C25B"},"202C5":{"r":"N229DK","t":"F900"},"20433":{"r":"N229UA","t":"B772"},"2060E":{"r":"N2299L","t":"BE33"},"206AE":{"r":"N23FK","t":"EA50"},"206B0":{"r":"N23FM","t":"FA50"},"2071F":{"r":"N23KY","t":"P210"},"2073A":{"r":"N23M","t":"GLF5"},"207B9":{"r":"N23SB","t":"CL60"},"207C4":{"r":"N23SN","t":"M20P"},"209D6":{"r":"N230PS","t":"CRJ2"},"209EF":{"r":"N230QS","t":"F2TH"},"20C6E":{"r":"N231CE","t":"GLF5"},"20DD0":{"r":"N231SJ","t":"M20T"},"2102B":{"r":"N232CL","t":"F900"},"210CF":{"r":"N232K","t":"GLF4"},"21113":{"r":"N232MT"},"2113A":{"r":"N232PG","t":"SR22"},"2115D":{"r":"N232QS","t":"F2TH"},"21489":{"r":"N233KC","t":"F900"},"214CA":{"r":"N233MT","t":"EA50"},"21514":{"r":"N233QS","t":"F2TH"},"21749":{"r":"N2339S","t":"R22"},"21772":{"r":"N234AX","t":"B762"},"217A9":{"r":"N234DB","t":"GLF5"},"217B5":{"r":"N234DP","t":"CL30"},"217E2":{"r":"N234FJ","t":"F2TH"},"21808":{"r":"N234GX","t":"GLEX"},"218DA":{"r":"N234RG"},"218ED":{"r":"N234SA","t":"F900"},"219E8":{"r":"N2341S","t":"BE30"},"21AE1":{"r":"N2348W","t":"PAY1"},"21B74":{"r":"N235DX","t":"GLF5"},"21BFE":{"r":"N235KK","t":"GLF4"},"21C5D":{"r":"N235PE","t":"GLF5"},"21C5E":{"r":"N235PF","t":"P28A"},"21C6C":{"r":"N235PV","t":"GLF5"},"21C70":{"r":"N235PZ","t":"GLF4"},"21E01":{"r":"N2354K"},"21F58":{"r":"N236FS","t":"GLF4"},"21FC7":{"r":"N236LC","t":"GALX"},"21FD2":{"r":"N236LP","t":"GLF4"},"21FE6":{"r":"N236MJ","t":"GLF4"},"21FF6":{"r":"N236N","t":"CL60"},"221F3":{"r":"N23659","t":"BE58"},"22318":{"r":"N237GA","t":"GLF4"},"22617":{"r":"N2379C","t":"C182"},"2263F":{"r":"N238AG","t":"B734"},"227BB":{"r":"N238RM","t":"C25A"},"22A05":{"r":"N239AX","t":"F900"},"22AC5":{"r":"N239JP","t":"C425"},"22DDB":{"r":"N24CC","t":"AC90"},"22E3E":{"r":"N24GB","t":"C421"},"22E7E":{"r":"N24JR","t":"C182"},"22EE4":{"r":"N24NT","t":"BE58"},"22F57":{"r":"N24TH","t":"GLF4"},"22F59":{"r":"N24TK","t":"LJ24"},"22FDD":{"r":"N24YS","t":"GLF2"},"23011":{"r":"N240AT","t":"B737"},"23047":{"r":"N240CX","t":"GLF4"},"23100":{"r":"N240LG","t":"F900"},"231DA":{"r":"N240V","t":"H25B"},"23443":{"r":"N241FR","t":"CL60"},"23445":{"r":"N241FT","t":"C550"},"234E2":{"r":"N241N","t":"CL60"},"2353E":{"r":"N241RS","t":"BE36"},"235AC":{"r":"N241WB","t":"BE58"},"2365B":{"r":"N2412G","t":"PA46"},"23696":{"r":"N24136","t":"BE36"},"237B3":{"r":"N242CV","t":"DA42"},"23A74":{"r":"N2425","t":"C680"},"23A97":{"r":"N2426","t":"C560"},"23C0B":{"r":"N243KF","t":"PA46"},"23C6C":{"r":"N243PC","t":"HA4T"},"23F37":{"r":"N244DS","t":"GLF4"},"23FA3":{"r":"N244J","t":"GLF4"},"2406B":{"r":"N244S","t":"GALX"},"241F6":{"r":"N2445V","t":"C182"},"24264":{"r":"N24480","t":"C182"},"242A9":{"r":"N245AY","t":"B762"},"242AF":{"r":"N245BD","t":"GLF5"},"24439":{"r":"N245SY","t":"B734"},"2444D":{"r":"N245TT","t":"GLF5"},"24650":{"r":"N246AG","t":"F900"},"24660":{"r":"N246AY","t":"B762"},"24693":{"r":"N246CZ","t":"C25B"},"2479F":{"r":"N246PS","t":"CRJ2"},"24824":{"r":"N246V","t":"GLF4"},"248A8":{"r":"N2460G","t":"C208"},"24A3B":{"r":"N247CJ","t":"F900"},"24A3C":{"r":"N247CK","t":"CL60"},"24A70":{"r":"N247EM","t":"GLF4"},"24B06":{"r":"N247LM","t":"PA31"},"24BF9":{"r":"N247WE","t":"CL60"},"24DC0":{"r":"N248AJ"},"24DCE":{"r":"N248AY","t":"B762"},"24EC7":{"r":"N248LX","t":"F900"},"24F5E":{"r":"N248SY","t":"B734"},"25181":{"r":"N249AU","t":"B762"},"25188":{"r":"N249BA","t":"B744"},"252C4":{"r":"N249PS","t":"CRJ2"},"25328":{"r":"N249TS","t":"DA42"},"2552E":{"r":"N25AJ","t":"B06"},"255AB":{"r":"N25FJ","t":"F2TH"},"2567A":{"r":"N25PR","t":"PA30"},"256B7":{"r":"N25SB","t":"CL60"},"256BE":{"r":"N25SJ","t":"FA50"},"2573D":{"r":"N25XL","t":"C310"},"2576B":{"r":"N25ZG","t":"CL60"},"25781":{"r":"N250AC","t":"PA31"},"25784":{"r":"N250AF","t":"GLF4"},"25785":{"r":"N250AG","t":"B733"},"25795":{"r":"N250AY","t":"B762"},"257A2":{"r":"N250BL","t":"C25A"},"257B3":{"r":"N250CC","t":"PA24"},"257BA":{"r":"N250CK","t":"SR22"},"257DD":{"r":"N250DV","t":"GLF5"},"2587F":{"r":"N250LG","t":"FA7X"},"258A8":{"r":"N250MY","t":"B762"},"258FC":{"r":"N250RG","t":"GLF4"},"2594E":{"r":"N250UP","t":"MD11"},"25B4C":{"r":"N251AY","t":"B762"},"25BDF":{"r":"N251GV","t":"GLF5"},"25C54":{"r":"N251MM","t":"GLF4"},"25CD3":{"r":"N251SP","t":"H25B"},"25D05":{"r":"N251UP","t":"MD11"},"25D1E":{"r":"N251VP","t":"GLF4"},"25DC6":{"r":"N2511X","t":"COL3"},"25EFF":{"r":"N252AU","t":"B762"},"25F21":{"r":"N252CC","t":"M20T"},"25F25":{"r":"N252CG","t":"M20T"},"25F26":{"r":"N252CH","t":"GLF4"},"25F3F":{"r":"N252DH","t":"CL60"},"260BC":{"r":"N252UP","t":"MD11"},"2619E":{"r":"N2522V","t":"PA31"},"262BA":{"r":"N253AY","t":"B762"},"262E1":{"r":"N253CM","t":"GLF5"},"26302":{"r":"N253DV","t":"GLF5"},"26473":{"r":"N253UP","t":"MD11"},"26666":{"r":"N254AM","t":"CL60"},"266F1":{"r":"N254GA","t":"GLF4"},"267B0":{"r":"N254PS","t":"CRJ2"},"267EE":{"r":"N254SD","t":"GLF4"},"2682A":{"r":"N254UP","t":"MD11"},"26A28":{"r":"N255AY","t":"B762"},"26A46":{"r":"N255CC","t":"CL60"},"26A72":{"r":"N255DX","t":"H25B"},"26AA8":{"r":"N255GA","t":"GLF4"},"26B8A":{"r":"N255RB","t":"H25B"},"26BE1":{"r":"N255UP","t":"MD11"},"26DDF":{"r":"N256AY","t":"B762"},"26E14":{"r":"N256DA","t":"C25B"},"26E93":{"r":"N256JC","t":"FA50"},"26ECC":{"r":"N256LK","t":"GLF5"},"26F00":{"r":"N256NM","t":"B350"},"26F1E":{"r":"N256PS","t":"CRJ2"},"26F98":{"r":"N256UP","t":"MD11"},"2722E":{"r":"N257H","t":"GLF4"},"27253":{"r":"N257JM","t":"TBM8"},"27256":{"r":"N257JQ","t":"E145"},"2734F":{"r":"N257UP","t":"MD11"},"273F5":{"r":"N25705","t":"B737"},"273FA":{"r":"N2571","t":"SR22"},"27659":{"r":"N258MR","t":"H25B"},"276BB":{"r":"N258RP","t":"BE58"},"276D4":{"r":"N258SP","t":"TBM8"},"27706":{"r":"N258UP","t":"MD11"},"278D2":{"r":"N2589J","t":"PA46"},"27920":{"r":"N259CA","t":"B752"},"27922":{"r":"N259CC","t":"C208"},"27ABD":{"r":"N259UP","t":"MD11"},"27D88":{"r":"N26KC","t":"PA46"},"27DBC":{"r":"N26ME","t":"H25B"},"27E2D":{"r":"N26RT","t":"BE33"},"27EA1":{"r":"N26WJ","t":"FA50"},"27EA6":{"r":"N26WP","t":"FA50"},"27F11":{"r":"N260AV","t":"A320"},"27F4E":{"r":"N260DF","t":"C182"},"280CD":{"r":"N260UP","t":"MD11"},"282C6":{"r":"N261AT","t":"B737"},"282C8":{"r":"N261AV","t":"A320"},"28338":{"r":"N261FG","t":"A320"},"283FA":{"r":"N261PA","t":"H25C"},"2840E":{"r":"N261PW","t":"CL60"},"2856E":{"r":"N26123","t":"B752"},"285CC":{"r":"N2615S","t":"CL60"},"286B8":{"r":"N262DB","t":"SR22"},"28702":{"r":"N262GA","t":"GALX"},"28733":{"r":"N262J","t":"TBM7"},"2876B":{"r":"N262LF","t":"BE58"},"2878C":{"r":"N262MP","t":"SR20"},"28A36":{"r":"N263AV","t":"A320"},"28B4B":{"r":"N263MX"},"28BB9":{"r":"N263SG","t":"B744"},"28DD9":{"r":"N264A","t":"GLEX"},"28E0B":{"r":"N264C","t":"F900"},"28E0F":{"r":"N264CD","t":"SR20"},"2923F":{"r":"N265H","t":"F900"},"29271":{"r":"N265K","t":"CL30"},"292A0":{"r":"N265LX","t":"F900"},"292B4":{"r":"N265MS","t":"B744"},"2931D":{"r":"N265RX","t":"C750"},"29329":{"r":"N265SJ","t":"GLF4"},"2958B":{"r":"N266CT","t":"A319"},"295AC":{"r":"N266EA","t":"BE58"},"295DE":{"r":"N266GA","t":"G280"},"29611":{"r":"N266JB","t":"E190"},"29825":{"r":"N26634","t":"PA24"},"29910":{"r":"N267AT","t":"B737"},"2992C":{"r":"N267BW","t":"F2TH"},"299FF":{"r":"N267LG","t":"GLF4"},"29A98":{"r":"N267SK","t":"E145"},"29CB6":{"r":"N268AA","t":"GLEX"},"29F56":{"r":"N2682C","t":"C182"},"2A127":{"r":"N269HM","t":"GLF4"},"2A206":{"r":"N269SK","t":"E145"},"2A261":{"r":"N269WA","t":"MD11"},"2A2DF":{"r":"N26902","t":"B788"},"2A2E3":{"r":"N26906","t":"B788"},"2A2E6":{"r":"N26909","t":"B788"},"2A300":{"r":"N26910","t":"B788"},"2A38E":{"r":"N26952","t":"B789"},"2A4AB":{"r":"N27FL","t":"H25B"},"2A54B":{"r":"N27MW","t":"BE58"},"2A59D":{"r":"N27RC","t":"BE20"},"2A5E7":{"r":"N27UB","t":"C25B"},"2A64A":{"r":"N27YA","t":"GLF4"},"2A692":{"r":"N270AX","t":"DC10"},"2A693":{"r":"N270AY","t":"A333"},"2A801":{"r":"N270RP","t":"B744"},"2A80F":{"r":"N270SC","t":"GLF4"},"2A816":{"r":"N270SK","t":"E145"},"2A84C":{"r":"N270UP","t":"MD11"},"2A871":{"r":"N270WA","t":"MD11"},"2A915":{"r":"N27015","t":"B772"},"2A99E":{"r":"N27052","t":"EA50"},"2AA4A":{"r":"N271AY","t":"A333"},"2AA92":{"r":"N271DV","t":"F900"},"2AA9C":{"r":"N271EE","t":"TBM8"},"2AB89":{"r":"N271PS","t":"GLF4"},"2AC03":{"r":"N271UP","t":"MD11"},"2AC28":{"r":"N271WA","t":"MD11"},"2ADFC":{"r":"N272AT","t":"B737"},"2AE01":{"r":"N272AY","t":"A333"},"2AE06":{"r":"N272BC","t":"CL30"},"2AFA9":{"r":"N272TX","t":"GLF4"},"2AFBA":{"r":"N272UP","t":"MD11"},"2AFDF":{"r":"N272WA","t":"MD11"},"2B1A1":{"r":"N273A","t":"GLF5"},"2B1B3":{"r":"N273AT","t":"B737"},"2B1B8":{"r":"N273AY","t":"A333"},"2B26C":{"r":"N273JC"},"2B346":{"r":"N273SW","t":"F2TH"},"2B371":{"r":"N273UP","t":"MD11"},"2B396":{"r":"N273WA","t":"MD11"},"2B56F":{"r":"N274AY","t":"A333"},"2B623":{"r":"N274JC"},"2B728":{"r":"N274UP","t":"MD11"},"2B74D":{"r":"N274WA","t":"MD11"},"2B810":{"r":"N27421","t":"B739"},"2B926":{"r":"N275AY","t":"A333"},"2B963":{"r":"N275DJ","t":"GLF4"},"2BA34":{"r":"N275MT","t":"CL60"},"2BABB":{"r":"N275TC","t":"BE36"},"2BADF":{"r":"N275UP","t":"MD11"},"2BB04":{"r":"N275WA","t":"MD11"},"2BCD8":{"r":"N276AT","t":"B737"},"2BCDD":{"r":"N276AY","t":"A333"},"2BD5F":{"r":"N276GC","t":"CL60"},"2BE96":{"r":"N276UP","t":"MD11"},"2BEBB":{"r":"N276WA","t":"MD11"},"2C013":{"r":"N2767","t":"B762"},"2C084":{"r":"N277AG","t":"BE55"},"2C094":{"r":"N277AY","t":"A333"},"2C0AF":{"r":"N277C","t":"C25C"},"2C11F":{"r":"N277GM","t":"GLF4"},"2C1A5":{"r":"N277MW"},"2C24D":{"r":"N277UP","t":"MD11"},"2C272":{"r":"N277WA","t":"MD11"},"2C442":{"r":"N278AP","t":"PRM1"},"2C446":{"r":"N278AT","t":"B737"},"2C44B":{"r":"N278AY","t":"A333"},"2C481":{"r":"N278DB","t":"M20P"},"2C4BA":{"r":"N278FJ","t":"F900"},"2C52E":{"r":"N278L","t":"GLF6"},"2C561":{"r":"N278NA","t":"GLF4"},"2C5D8":{"r":"N278SV","t":"C680"},"2C604":{"r":"N278UP","t":"MD11"},"2C629":{"r":"N278WA","t":"MD11"},"2C7EF":{"r":"N279AD","t":"B734"},"2C7FD":{"r":"N279AT","t":"B737"},"2C7FF":{"r":"N279AV","t":"A332"},"2C802":{"r":"N279AY","t":"A332"},"2C807":{"r":"N279BC","t":"BE9L"},"2C84A":{"r":"N279DV","t":"C25C"},"2C9BB":{"r":"N279UP","t":"MD11"},"2C9E0":{"r":"N279WA","t":"MD11"},"2CA5D":{"r":"N27901","t":"B788"},"2CA5F":{"r":"N27903","t":"B788"},"2CA64":{"r":"N27908","t":"B788"},"2CB13":{"r":"N27958","t":"B789"},"2CC41":{"r":"N28GJ","t":"BE36"},"2CC84":{"r":"N28KA","t":"CL60"},"2CCED":{"r":"N28PF","t":"SR20"},"2CD19":{"r":"N28R","t":"F2TH"},"2CD40":{"r":"N28SP","t":"C550"},"2CD50":{"r":"N28TE","t":"BE58"},"2CE0F":{"r":"N280AV","t":"A332"},"2CE12":{"r":"N280AY","t":"A332"},"2CE17":{"r":"N280BC","t":"FA50"},"2CE75":{"r":"N280EX","t":"G280"},"2CE94":{"r":"N280GC","t":"G280"},"2CE95":{"r":"N280GD","t":"G280"},"2CEDC":{"r":"N280K","t":"CL60"},"2CF95":{"r":"N280SK","t":"E145"},"2CFCB":{"r":"N280UP","t":"MD11"},"2D1C4":{"r":"N281AT","t":"B737"},"2D1C9":{"r":"N281AY","t":"A332"},"2D1F5":{"r":"N281CS","t":"B733"},"2D27C":{"r":"N281JB","t":"E190"},"2D371":{"r":"N281TX","t":"BE40"},"2D382":{"r":"N281UP","t":"MD11"},"2D4B0":{"r":"N28141"},"2D580":{"r":"N282AY","t":"A332"},"2D59D":{"r":"N282CB","t":"SR22"},"2D5A7":{"r":"N282CM","t":"GALX"},"2D6C7":{"r":"N282Q","t":"GLF5"},"2D739":{"r":"N282UP","t":"MD11"},"2D754":{"r":"N282VR","t":"C560"},"2D818":{"r":"N2822S","t":"P28A"},"2D932":{"r":"N283AT","t":"B737"},"2D937":{"r":"N283AY","t":"A332"},"2D977":{"r":"N283DM","t":"CL60"},"2DABA":{"r":"N283SK","t":"E145"},"2DABB":{"r":"N283SL","t":"F2TH"},"2DAF0":{"r":"N283UP","t":"MD11"},"2DCE9":{"r":"N284AT","t":"B737"},"2DCEE":{"r":"N284AY","t":"A332"},"2DD0C":{"r":"N284CC","t":"GLF5"},"2DEA7":{"r":"N284UP","t":"MD11"},"2DFFE":{"r":"N28457","t":"B739"},"2E0A0":{"r":"N285AT","t":"B737"},"2E0A5":{"r":"N285AY","t":"A332"},"2E25E":{"r":"N285UP","t":"MD11"},"2E45C":{"r":"N286AY","t":"A332"},"2E48D":{"r":"N286CX","t":"F2TH"},"2E561":{"r":"N286MJ","t":"F900"},"2E615":{"r":"N286UP","t":"MD11"},"2E696":{"r":"N286ZT","t":"FA50"},"2E6DD":{"r":"N28614","t":"P28A"},"2E80E":{"r":"N287AT","t":"B737"},"2E813":{"r":"N287AY","t":"A332"},"2E852":{"r":"N287DL","t":"CL60"},"2E8DF":{"r":"N287KB","t":"MD87"},"2E9BB":{"r":"N287TX","t":"GLF4"},"2E9CC":{"r":"N287UP","t":"MD11"},"2EBB3":{"r":"N288A","t":"GLF5"},"2EBC5":{"r":"N288AT","t":"B737"},"2EBCA":{"r":"N288AY","t":"A332"},"2EBFB":{"r":"N288CX","t":"C750"},"2EC49":{"r":"N288G","t":"C25A"},"2EC5A":{"r":"N288GS","t":"BE20"},"2ECA0":{"r":"N288KM","t":"BE20"},"2ECC8":{"r":"N288MB","t":"H25B"},"2ED83":{"r":"N288UP","t":"MD11"},"2EDF2":{"r":"N288Z","t":"GLEX"},"2EF44":{"r":"N28888","t":"E190"},"2EF7C":{"r":"N289AT","t":"B737"},"2EF81":{"r":"N289AY","t":"A332"},"2EFB6":{"r":"N289DA","t":"SR20"},"2F04B":{"r":"N289K","t":"CL60"},"2F090":{"r":"N289MU","t":"GLF4"},"2F13A":{"r":"N289UP","t":"MD11"},"2F200":{"r":"N28912","t":"B788"},"2F424":{"r":"N29LJ","t":"LJ60"},"2F565":{"r":"N29ZE","t":"LJ45"},"2F58C":{"r":"N290AT","t":"B737"},"2F591":{"r":"N290AY","t":"A332"},"2F6A3":{"r":"N290MX","t":"FA50"},"2F74A":{"r":"N290UP","t":"MD11"},"2F943":{"r":"N291AT","t":"B737"},"2F948":{"r":"N291AY","t":"A332"},"2F9A8":{"r":"N291EU","t":"PRM1"},"2FB01":{"r":"N291UP","t":"MD11"},"2FBEC":{"r":"N29124","t":"B752"},"2FBF1":{"r":"N29129","t":"B752"},"2FCFA":{"r":"N292AT","t":"B737"},"2FCFF":{"r":"N292AY","t":"A332"},"2FD2B":{"r":"N292CS","t":"C680"},"2FE0E":{"r":"N292MU","t":"GLF4"},"2FEB8":{"r":"N292UP","t":"MD11"},"2FFB6":{"r":"N2923N","t":"PA32"},"500C5":{"r":"N421QS","t":"GLF4"},"500FE":{"r":"N421SZ","t":"GLEX"},"50126":{"r":"N421UP","t":"B752"},"50321":{"r":"N422AV","t":"A319"},"50408":{"r":"N422LA","t":"B763"},"5047C":{"r":"N422QS","t":"GLF4"},"5049F":{"r":"N422SB","t":"BE60"},"504AE":{"r":"N422SS","t":"M20P"},"504DD":{"r":"N422UP","t":"B752"},"506D9":{"r":"N423AW","t":"CRJ2"},"5073B":{"r":"N423EU","t":"BE36"},"50746":{"r":"N423FE","t":"A310"},"5075B":{"r":"N423GA","t":"GLF4"},"5087F":{"r":"N423TT","t":"GLF4"},"50894":{"r":"N423UP","t":"B752"},"508C0":{"r":"N423WH"},"50AB6":{"r":"N424CJ","t":"C25C"},"50BD6":{"r":"N424PX","t":"GLF4"},"50BEA":{"r":"N424QS","t":"GLF4"},"50C30":{"r":"N424TM","t":"CL30"},"50C4B":{"r":"N424UP","t":"B752"},"50E4F":{"r":"N425BD","t":"CL30"},"50EB4":{"r":"N425FE","t":"A310"},"50EC7":{"r":"N425FZ","t":"C425"},"50EE3":{"r":"N425HB","t":"C425"},"50F01":{"r":"N425JG","t":"C425"},"50F13":{"r":"N425K","t":"P28T"},"50FA1":{"r":"N425QS","t":"GLF4"},"50FCD":{"r":"N425SL","t":"C425"},"50FD4":{"r":"N425ST","t":"C550"},"51002":{"r":"N425UP","t":"B752"},"51164":{"r":"N4256H","t":"M20P"},"51221":{"r":"N426CF","t":"CL60"},"5126B":{"r":"N426FE","t":"A310"},"51333":{"r":"N426PE","t":"CL60"},"51334":{"r":"N426PF","t":"CL60"},"51358":{"r":"N426QS","t":"GLF4"},"513A4":{"r":"N426TT","t":"GLF4"},"513B9":{"r":"N426UP","t":"B752"},"51622":{"r":"N427FE","t":"A310"},"5164B":{"r":"N427GW","t":"F2TH"},"51656":{"r":"N427HG","t":"GLF5"},"51731":{"r":"N427SA","t":"GLF4"},"51770":{"r":"N427UP","t":"B752"},"5196C":{"r":"N428AW","t":"CRJ2"},"5197A":{"r":"N428BK"},"5198C":{"r":"N428CC","t":"FA50"},"51992":{"r":"N428CJ","t":"C25C"},"519D9":{"r":"N428FE","t":"A310"},"51A6A":{"r":"N428M","t":"GLF4"},"51AC6":{"r":"N428QS","t":"GLF4"},"51B27":{"r":"N428UP","t":"B752"},"51D23":{"r":"N429AW","t":"CRJ2"},"51D2F":{"r":"N429BH","t":"B429"},"51D41":{"r":"N429CA","t":"PA46"},"51D44":{"r":"N429CD","t":"SR22"},"51D51":{"r":"N429CS","t":"C25B"},"51D5D":{"r":"N429DD","t":"GLF4"},"51D90":{"r":"N429FE","t":"A310"},"51E24":{"r":"N429MC","t":"B744"},"51E31":{"r":"N429MR","t":"C25C"},"51E9F":{"r":"N429SA","t":"F2TH"},"51EA7":{"r":"N429SJ","t":"F2TH"},"51EDE":{"r":"N429UP","t":"B752"},"51F09":{"r":"N429WG","t":"CL60"},"520FF":{"r":"N43CH","t":"PA46"},"5221A":{"r":"N43PR","t":"B737"},"5223C":{"r":"N43R","t":"CL60"},"522BF":{"r":"N43WF","t":"DA42"},"522D3":{"r":"N43XA","t":"B734"},"52321":{"r":"N430AC","t":"FA50"},"523A0":{"r":"N430FE","t":"A310"},"523A4":{"r":"N430FJ","t":"J328"},"523EE":{"r":"N430JH","t":"C525"},"52473":{"r":"N430PR","t":"B430"},"5248D":{"r":"N430QS","t":"GLF4"},"524B8":{"r":"N430SK"},"524C5":{"r":"N430SY","t":"B430"},"524EE":{"r":"N430UP","t":"B752"},"526EA":{"r":"N431AW","t":"CRJ2"},"52709":{"r":"N431CB","t":"CL60"},"52757":{"r":"N431FE","t":"A310"},"527A4":{"r":"N431JG"},"528A5":{"r":"N431UP","t":"B752"},"52946":{"r":"N43100","t":"PA46"},"52A9D":{"r":"N432AS","t":"GLF4"},"52B3E":{"r":"N432HC","t":"GLF4"},"52C5C":{"r":"N432UP","t":"B752"},"52E54":{"r":"N433AS","t":"B739"},"53013":{"r":"N433UP","t":"B752"},"531FA":{"r":"N434A","t":"SR22"},"5329B":{"r":"N434GL"},"533CA":{"r":"N434UP","t":"B752"},"535C6":{"r":"N435AW","t":"CRJ2"},"53633":{"r":"N435FE","t":"A310"},"53663":{"r":"N435HC","t":"GLF4"},"53696":{"r":"N435KD","t":"MD11"},"53720":{"r":"N435QS","t":"GLF4"},"5375A":{"r":"N435T","t":"F900"},"53781":{"r":"N435UP","t":"B752"},"5399B":{"r":"N436CA","t":"CRJ2"},"539BF":{"r":"N436DM","t":"CL60"},"539EA":{"r":"N436FE","t":"A310"},"53AD7":{"r":"N436QS","t":"GLF4"},"53B38":{"r":"N436UP","t":"B752"},"53D2A":{"r":"N437AL","t":"PA34"},"53DB6":{"r":"N437GA","t":"GLF4"},"53EEF":{"r":"N437UP","t":"B752"},"53F59":{"r":"N437YV","t":"DH8B"},"542A6":{"r":"N438UP","t":"B752"},"54345":{"r":"N4380Y","t":"B350"},"54423":{"r":"N4387","t":"GLF4"},"5465D":{"r":"N439UP","t":"B752"},"54696":{"r":"N439WW","t":"WW24"},"548AF":{"r":"N44EG","t":"F900"},"548BC":{"r":"N44EV","t":"LJ35"},"548E5":{"r":"N44GL"},"548EE":{"r":"N44GV","t":"GLF4"},"548F0":{"r":"N44GX","t":"GLEX"},"54926":{"r":"N44KA","t":"BE20"},"5492E":{"r":"N44KJ","t":"GLF6"},"54957":{"r":"N44M","t":"C680"},"54975":{"r":"N44NE","t":"C414"},"549DA":{"r":"N44SF","t":"CL60"},"54A2D":{"r":"N44VP","t":"F900"},"54A89":{"r":"N44ZF","t":"GLF4"},"54AAE":{"r":"N440AS","t":"B739"},"54AB2":{"r":"N440AW","t":"CRJ2"},"54B34":{"r":"N440GA"},"54B36":{"r":"N440GC","t":"PA44"},"54B4E":{"r":"N440HB","t":"HA4T"},"54B6E":{"r":"N440JJ","t":"LJ45"},"54B8A":{"r":"N440KM","t":"CL60"},"54C0C":{"r":"N440QS","t":"GLF4"},"54C29":{"r":"N440RW","t":"SR22"},"54C49":{"r":"N440TC","t":"GLF4"},"54C6D":{"r":"N440UP","t":"B752"},"54EDF":{"r":"N441FP","t":"BE30"},"54FC3":{"r":"N441QS","t":"GLF4"},"55024":{"r":"N441UP","t":"B752"},"55090":{"r":"N441YX","t":"E170"},"55161":{"r":"N4415F","t":"BE9L"},"552C6":{"r":"N442HM","t":"GLF4"},"553C6":{"r":"N442TT","t":"SR22"},"553DB":{"r":"N442UP","t":"B752"},"555D7":{"r":"N443AW","t":"CRJ2"},"55644":{"r":"N443FE","t":"A310"},"556D5":{"r":"N443M","t":"GLF5"},"55792":{"r":"N443UP","t":"B752"},"5599C":{"r":"N444BK","t":"BE20"},"55A2D":{"r":"N444HE","t":"B733"},"55A93":{"r":"N444MG","t":"H25B"},"55ADE":{"r":"N444QG","t":"GLF4"},"55B49":{"r":"N444UP","t":"B752"},"55B7A":{"r":"N444WN","t":"B737"},"55D7D":{"r":"N445DB","t":"GL5T"},"55DB2":{"r":"N445FE","t":"A310"},"55E9F":{"r":"N445QS","t":"GLF4"},"55F00":{"r":"N445UP","t":"B752"},"56122":{"r":"N446CJ","t":"C25A"},"56135":{"r":"N446DC","t":"DA40"},"56198":{"r":"N446HB","t":"HA4T"},"561EA":{"r":"N446LJ","t":"LJ45"},"5627C":{"r":"N446SE","t":"P32R"},"562B7":{"r":"N446UP","t":"B752"},"564C0":{"r":"N447BJ","t":"B738"},"56511":{"r":"N447EQ","t":"SR22"},"56520":{"r":"N447FE","t":"A310"},"5666E":{"r":"N447UP","t":"B752"},"56866":{"r":"N448AS","t":"CL30"},"5686A":{"r":"N448AW","t":"CRJ2"},"56892":{"r":"N448CL","t":"CL30"},"568B9":{"r":"N448E","t":"CL60"},"56906":{"r":"N448HB","t":"HA4T"},"569C4":{"r":"N448QS","t":"GLF4"},"569DE":{"r":"N448RT","t":"C680"},"56A0A":{"r":"N448TM","t":"E55P"},"56A25":{"r":"N448UP","t":"B752"},"56B15":{"r":"N44829","t":"R66"},"56B2B":{"r":"N4483W","t":"BE40"},"56C3C":{"r":"N449BY","t":"PC12"},"56D27":{"r":"N449MH","t":"C310"},"56D9D":{"r":"N449SA","t":"F2TH"},"56DDC":{"r":"N449UP","t":"B752"},"56E46":{"r":"N449YV","t":"DH8B"},"56FC6":{"r":"N45AC","t":"GLF4"},"56FCB":{"r":"N45AH","t":"S22T"},"56FE9":{"r":"N45BN","t":"WACF"},"57039":{"r":"N45ET","t":"GLF4"},"5706F":{"r":"N45GX","t":"GLEX"},"5708D":{"r":"N45JB","t":"FA20"},"57090":{"r":"N45JE","t":"GLEX"},"570C6":{"r":"N45LJ","t":"LJ45"},"57110":{"r":"N45PH","t":"CL60"},"57165":{"r":"N45ST","t":"GLF5"},"571BD":{"r":"N45WF","t":"PA46"},"571C2":{"r":"N45WL","t":"CL60"},"5721E":{"r":"N450AB","t":"GLF4"},"57239":{"r":"N450BD","t":"GLF3"},"5723A":{"r":"N450BE","t":"GLF4"},"57253":{"r":"N450CE","t":"GLF4"},"5725A":{"r":"N450CM","t":"C25C"},"57285":{"r":"N450EE","t":"GLF4"},"5729E":{"r":"N450FE","t":"A310"},"572A3":{"r":"N450FK","t":"GLF4"},"572B3":{"r":"N450GA","t":"GLF4"},"572B6":{"r":"N450GD","t":"GLF4"},"572E9":{"r":"N450JE","t":"GLF4"},"572F4":{"r":"N450JR","t":"GLF4"},"57307":{"r":"N450KK","t":"GLF4"},"5730D":{"r":"N450KR","t":"GLF4"},"57319":{"r":"N450LC","t":"GLF4"},"57331":{"r":"N450MB","t":"GLF4"},"5733A":{"r":"N450ML","t":"DC10"},"57348":{"r":"N450N","t":"SR22"},"57362":{"r":"N450PA","t":"B744"},"57368":{"r":"N450PG","t":"GLF4"},"5738B":{"r":"N450QS","t":"GLF4"},"5739A":{"r":"N450RG","t":"GLF4"},"573AF":{"r":"N450SC","t":"P210"},"573EC":{"r":"N450UP","t":"B752"},"5743F":{"r":"N450XX","t":"GLF4"},"574C1":{"r":"N4502G"},"5753E":{"r":"N45052","t":"PA31"},"575F4":{"r":"N451BH","t":"GLF4"},"575F5":{"r":"N451BJ","t":"B737"},"57605":{"r":"N451C","t":"GLF4"},"57611":{"r":"N451CM","t":"GLF4"},"57616":{"r":"N451CS","t":"GLEX"},"57621":{"r":"N451DC","t":"GLF4"},"5765E":{"r":"N451FP","t":"C25A"},"5766A":{"r":"N451GA","t":"GLF4"},"5767D":{"r":"N451GV","t":"GLF5"},"5767F":{"r":"N451GX","t":"GLEX"},"5769E":{"r":"N451JC","t":"GLF4"},"57710":{"r":"N451NS","t":"GLF4"},"57719":{"r":"N451PA","t":"B744"},"577A3":{"r":"N451UP","t":"B752"},"578CD":{"r":"N4514X","t":"P28A"},"5799F":{"r":"N452AW","t":"CRJ2"},"57AC7":{"r":"N452NS","t":"GLF4"},"57AD0":{"r":"N452PA","t":"B744"},"57AF9":{"r":"N452QS","t":"GLF4"},"57B5A":{"r":"N452UP","t":"B752"},"57D63":{"r":"N453BJ","t":"B737"},"57DA1":{"r":"N453DW","t":"C510"},"57DC3":{"r":"N453FE","t":"A310"},"57DE8":{"r":"N453GS","t":"CL60"},"57E87":{"r":"N453PA","t":"B744"},"57F11":{"r":"N453UP","t":"B752"},"58153":{"r":"N454DR","t":"E55P"},"5817A":{"r":"N454FE","t":"A310"},"5823E":{"r":"N454PA","t":"B744"},"58267":{"r":"N454QS","t":"GLF4"},"582A9":{"r":"N454TH","t":"GALX"},"582AD":{"r":"N454TM","t":"BE20"},"582C8":{"r":"N454UP","t":"B752"},"583F5":{"r":"N45440","t":"B739"},"584C4":{"r":"N455AW","t":"CRJ2"},"58531":{"r":"N455FE","t":"A310"},"5861E":{"r":"N455QS","t":"GLF4"},"5867F":{"r":"N455UP","t":"B752"},"58871":{"r":"N456AL","t":"GLF3"},"5889E":{"r":"N456CF","t":"SR22"},"588E8":{"r":"N456FE","t":"A310"},"588EE":{"r":"N456FL","t":"BE40"},"5894D":{"r":"N456KF","t":"PA46"},"58A02":{"r":"N456SM","t":"C680"},"58A36":{"r":"N456UP","t":"B752"},"58C32":{"r":"N457AW","t":"CRJ2"},"58C79":{"r":"N457DS","t":"GLF4"},"58CCC":{"r":"N457H","t":"GLF4"},"58CE8":{"r":"N457JC","t":"GLF3"},"58DED":{"r":"N457UP","t":"B752"},"590EA":{"r":"N458MC","t":"B744"},"591A4":{"r":"N458UP","t":"B752"},"591E1":{"r":"N458X","t":"GLF4"},"593CE":{"r":"N459CS","t":"CL60"},"594A1":{"r":"N459MC","t":"B744"},"59534":{"r":"N459T","t":"BE35"},"5955B":{"r":"N459UP","t":"B752"},"59601":{"r":"N45905","t":"B788"},"596B1":{"r":"N45956","t":"B789"},"59733":{"r":"N4599W","t":"AC11"},"59760":{"r":"N46BE","t":"C25A"},"59767":{"r":"N46BM"},"597BF":{"r":"N46F","t":"CL60"},"597EE":{"r":"N46GX","t":"GLEX"},"59904":{"r":"N46U","t":"PA46"},"59939":{"r":"N46WC","t":"H25C"},"59940":{"r":"N46WK","t":"PA46"},"599E6":{"r":"N460D","t":"F900"},"59A18":{"r":"N460F","t":"CL60"},"59B0A":{"r":"N460QS","t":"GLF4"},"59B6B":{"r":"N460UP","t":"B752"},"59C0A":{"r":"N4600Y"},"59D62":{"r":"N461AR","t":"GLF3"},"59DFA":{"r":"N461GT","t":"GLF3"},"59E55":{"r":"N461LJ","t":"LJ45"},"59EC1":{"r":"N461QS","t":"GLF4"},"59F22":{"r":"N461UP","t":"B752"},"5A1B0":{"r":"N462GS","t":"PC12"},"5A226":{"r":"N462MK","t":"GLF5"},"5A257":{"r":"N462PJ","t":"P46T"},"5A2D9":{"r":"N462UP","t":"B752"},"5A5D4":{"r":"N463MA","t":"GLF4"},"5A63B":{"r":"N463RD","t":"TBM8"},"5A66F":{"r":"N463TF","t":"SR22"},"5A690":{"r":"N463UP","t":"B752"},"5A98D":{"r":"N464MC","t":"B744"},"5AA47":{"r":"N464UP","t":"B752"},"5AD44":{"r":"N465MC","t":"B744"},"5AD9D":{"r":"N465QS","t":"GLF4"},"5ADFE":{"r":"N465UP","t":"B752"},"5AFEA":{"r":"N466AE","t":"C525"},"5B020":{"r":"N466CJ","t":"C25A"},"5B033":{"r":"N466DC"},"5B062":{"r":"N466F","t":"C25B"},"5B0F8":{"r":"N466M","t":"COL4"},"5B186":{"r":"N466SS","t":"C550"},"5B1B5":{"r":"N466UP","t":"B752"},"5B3B1":{"r":"N467AW","t":"CRJ2"},"5B3D7":{"r":"N467CJ","t":"C25A"},"5B3DF":{"r":"N467CS"},"5B55F":{"r":"N467UA","t":"A320"},"5B56C":{"r":"N467UP","t":"B752"},"5B755":{"r":"N468AB","t":"GLF4"},"5B75F":{"r":"N468AM","t":"FA50"},"5B768":{"r":"N468AW","t":"CRJ2"},"5B7F1":{"r":"N468GH","t":"F900"},"5B83F":{"r":"N468KL","t":"GL5T"},"5B8C2":{"r":"N468QS","t":"GLF4"},"5B923":{"r":"N468UP","t":"B752"},"5BB0D":{"r":"N469AC","t":"B744"},"5BCDA":{"r":"N469UP","t":"B752"},"5BF2C":{"r":"N47EG","t":"F900"},"5BF30":{"r":"N47EL","t":"F2TH"},"5BFAC":{"r":"N47KK","t":"C303"},"5BFFF":{"r":"N47NT","t":"C25B"},"5C0CA":{"r":"N47WW"},"5C192":{"r":"N470EV","t":"B742"},"5C1E8":{"r":"N470JF","t":"AT43"},"5C289":{"r":"N470QS","t":"GLF4"},"5C2EA":{"r":"N470UP","t":"B752"},"5C549":{"r":"N471EV","t":"B742"},"5C6A1":{"r":"N471UP","t":"B752"},"5C9A7":{"r":"N472MM","t":"GLF4"},"5C9F7":{"r":"N472QS","t":"GLF4"},"5CA58":{"r":"N472UP","t":"B752"},"5CC61":{"r":"N473BJ","t":"SR22"},"5CC83":{"r":"N473CT","t":"B733"},"5CC86":{"r":"N473CW","t":"GLF4"},"5CE0F":{"r":"N473UP","t":"B752"},"5D041":{"r":"N474D","t":"GLF4"},"5D109":{"r":"N474M","t":"GLF4"},"5D1C6":{"r":"N474UP","t":"B752"},"5D28E":{"r":"N47414","t":"B739"},"5D3A6":{"r":"N47494","t":"P28R"},"5D4AA":{"r":"N475LC","t":"GLF4"},"5D4C0":{"r":"N475M","t":"GLF4"},"5D4C3":{"r":"N475MC","t":"B744"},"5D57D":{"r":"N475UP","t":"B752"},"5D66E":{"r":"N4753","t":"GLF4"},"5D68D":{"r":"N47536","t":"PA34"},"5D87A":{"r":"N476MC","t":"B744"},"5DB72":{"r":"N477DM","t":"CL60"},"5DBD8":{"r":"N477HP","t":"P32R"},"5DC31":{"r":"N477MC","t":"B744"},"5DC8A":{"r":"N477QS","t":"GLF4"},"5DCAC":{"r":"N477SA","t":"GLF4"},"5DCB4":{"r":"N477SJ","t":"GLF3"},"5DD16":{"r":"N477WG","t":"GLF3"},"5DEE3":{"r":"N478AS","t":"B739"},"5DF0D":{"r":"N478CJ","t":"C25A"},"5DF16":{"r":"N478CT","t":"DC10"},"5DF79":{"r":"N478GS","t":"GLF4"},"5E07C":{"r":"N478TA","t":"A319"},"5E094":{"r":"N478U","t":"CL60"},"5E263":{"r":"N47888","t":"DC10"},"5E433":{"r":"N479TA","t":"A319"},"5E679":{"r":"N48CG","t":"F900"},"5E683":{"r":"N48CS","t":"BE20"},"5E6BF":{"r":"N48FB","t":"F2TH"},"5E6E1":{"r":"N48GL","t":"GLF4"},"5E6EC":{"r":"N48GX","t":"GALX"},"5E6F5":{"r":"N48HF","t":"C750"},"5E739":{"r":"N48KZ","t":"LJ60"},"5E77D":{"r":"N48NS","t":"C550"},"5E820":{"r":"N48VE","t":"C750"},"5E8B3":{"r":"N480BA","t":"CL30"},"5E8CE":{"r":"N480CC","t":"C25B"},"5E963":{"r":"N480JB","t":"EN48"},"5E969":{"r":"N480JH","t":"C25B"},"5E96A":{"r":"N480JJ","t":"G150"},"5EA08":{"r":"N480QS","t":"GLF4"},"5EA43":{"r":"N480TA","t":"A319"},"5EC5C":{"r":"N481AM","t":"C25C"},"5EF0E":{"r":"N48127","t":"B752"},"5F03D":{"r":"N482CD","t":"SR22"},"5F042":{"r":"N482CJ","t":"C25C"},"5F07F":{"r":"N482EV","t":"B742"},"5F578":{"r":"N483TS","t":"DA42"},"5FB67":{"r":"N485CJ","t":"C25C"},"5FBA4":{"r":"N485EV","t":"B742"},"5FF5B":{"r":"N486EV","t":"B742"},"5FF7A":{"r":"N486GA","t":"G150"},"5FFB1":{"r":"N486JF","t":"SR22"},"children":["A0","A1","A3","A4","A6","A7","A8","A9","AA","AB","AC","AD","AE"]}