{"0001":{"r":"N1","t":"GLF4"},"000D":{"r":"N1AL","t":"GLF6"},"000E":{"r":"N1AM","t":"GLF4"},"0012":{"r":"N1AR","t":"GLF4"},"001D":{"r":"N1BB","t":"GLF4"},"0028":{"r":"N1BN","t":"GLF5"},"0031":{"r":"N1BX","t":"GLF4"},"0034":{"r":"N1C","t":"F2TH"},"003B":{"r":"N1CG","t":"FA50"},"003C":{"r":"N1CH","t":"C25C"},"0042":{"r":"N1CP","t":"CL60"},"0050":{"r":"N1DC","t":"GLF5"},"0054":{"r":"N1DG","t":"GL5T"},"0055":{"r":"N1DH","t":"CL60"},"0059":{"r":"N1DM","t":"C25C"},"0084":{"r":"N1FE","t":"GLEX"},"0096":{"r":"N1FY","t":"C421"},"00A5":{"r":"N1GN","t":"GLF5"},"00AA":{"r":"N1GT","t":"GLF5"},"00B4":{"r":"N1HC"},"00D4":{"r":"N1JK","t":"F2TH"},"00D7":{"r":"N1JN","t":"GLF5"},"00E8":{"r":"N1KE","t":"GLF5"},"00FC":{"r":"N1L","t":"F900"},"00FE":{"r":"N1LB","t":"GLF5"},"012F":{"r":"N1NA","t":"CL60"},"0131":{"r":"N1NC","t":"F2TH"},"014E":{"r":"N1PG","t":"GLF4"},"017F":{"r":"N1RF","t":"C680"},"0187":{"r":"N1RP"},"0188":{"r":"N1RQ","t":"P46T"},"0193":{"r":"N1SA","t":"F900"},"0198":{"r":"N1SF","t":"GLF5"},"019F":{"r":"N1SN","t":"GLF4"},"01B1":{"r":"N1TF","t":"GLF5"},"01B7":{"r":"N1TM","t":"GLF4"},"01BC":{"r":"N1TS","t":"B737"},"01D0":{"r":"N1UM","t":"C501"},"0229":{"r":"N1YA","t":"C421"},"0241":{"r":"N1Z","t":"GALX"},"02B0":{"r":"N10DK","t":"PA46"},"02BC":{"r":"N10DX"},"02D2":{"r":"N10EU","t":"F2TH"},"02DD":{"r":"N10FE","t":"CL60"},"0322":{"r":"N10HZ","t":"F900"},"0331":{"r":"N10JP","t":"F2TH"},"0370":{"r":"N10MB","t":"LJ60"},"0371":{"r":"N10MC","t":"SR22"},"0386":{"r":"N10MZ","t":"GLF5"},"03CA":{"r":"N10QS","t":"HA4T"},"03EA":{"r":"N10RZ","t":"G150"},"03F6":{"r":"N10SL","t":"GLEX"},"0414":{"r":"N10TR","t":"C510"},"041E":{"r":"N10UA","t":"SR22"},"046F":{"r":"N10XG","t":"GLF5"},"048A":{"r":"N10YJ","t":"H25B"},"04B4":{"r":"N100A","t":"GLEX"},"0505":{"r":"N100DF","t":"GLF4"},"0527":{"r":"N100EQ","t":"E50P"},"0529":{"r":"N100ES","t":"GLEX"},"052D":{"r":"N100EW","t":"GLF4"},"0537":{"r":"N100FF","t":"E50P"},"0538":{"r":"N100FG","t":"E55P"},"0541":{"r":"N100FR","t":"SR22"},"0551":{"r":"N100GG","t":"C501"},"055E":{"r":"N100GV","t":"GLF5"},"056A":{"r":"N100HG","t":"GLF4"},"0582":{"r":"N100JF","t":"GLF4"},"058D":{"r":"N100JS","t":"C25B"},"0594":{"r":"N100JZ","t":"C25B"},"05AF":{"r":"N100LA","t":"H25B"},"05C4":{"r":"N100LX","t":"C501"},"05C9":{"r":"N100MB","t":"F2TH"},"05D8":{"r":"N100MS","t":"PC12"},"0623":{"r":"N100QS","t":"GL5T"},"0643":{"r":"N100RZ","t":"SR22"},"0684":{"r":"N100UP","t":"F900"},"0690":{"r":"N100VA","t":"EA50"},"06F1":{"r":"N100YY","t":"SR20"},"07F7":{"r":"N10060","t":"DC10"},"080C":{"r":"N1007L","t":"P28R"},"082B":{"r":"N1008G","t":"C208"},"0835":{"r":"N1008S","t":"B788"},"08AB":{"r":"N101CP","t":"GLF5"},"08B1":{"r":"N101CV","t":"GLF4"},"08CB":{"r":"N101DW","t":"P32R"},"08ED":{"r":"N101FE","t":"B763"},"08FB":{"r":"N101FU","t":"C510"},"0932":{"r":"N101HZ","t":"F2TH"},"0969":{"r":"N101LD","t":"C525"},"0986":{"r":"N101MH","t":"GLF5"},"09AE":{"r":"N101NY","t":"F2TH"},"09C4":{"r":"N101PV","t":"F2TH"},"09DA":{"r":"N101QS","t":"GL5T"},"0A31":{"r":"N101UD","t":"CL30"},"0B74":{"r":"N1015B","t":"B788"},"0BFB":{"r":"N10187","t":"B788"},"0C22":{"r":"N102A","t":"GLEX"},"0C42":{"r":"N102BG","t":"GLF5"},"0C4A":{"r":"N102BQ","t":"GLF4"},"0C85":{"r":"N102DZ","t":"GLF5"},"0CA3":{"r":"N102FD","t":"GALX"},"0D25":{"r":"N102LJ","t":"LJ60"},"0D68":{"r":"N102PA","t":"E50P"},"0E0E":{"r":"N102VS"},"0F4D":{"r":"N1026A","t":"M20P"},"0F60":{"r":"N1026V","t":"C208"},"0F76":{"r":"N1027G"},"100F":{"r":"N103CD","t":"GLF3"},"1148":{"r":"N103QS","t":"GL5T"},"1180":{"r":"N103SY","t":"E170"},"1230":{"r":"N103ZZ","t":"GL5T"},"128D":{"r":"N1032X","t":"M20P"},"1399":{"r":"N104AJ","t":"BE9L"},"13A0":{"r":"N104AR","t":"GLF4"},"13D8":{"r":"N104CX","t":"BE20"},"13DC":{"r":"N104DA","t":"GLEX"},"1407":{"r":"N104EU","t":"BE20"},"141F":{"r":"N104FT","t":"CL30"},"149C":{"r":"N104LT","t":"P68"},"14FF":{"r":"N104QS","t":"GL5T"},"1527":{"r":"N104SG","t":"GALX"},"1553":{"r":"N104UA","t":"B744"},"15E8":{"r":"N1040","t":"GLF5"},"16AF":{"r":"N1045Z"},"174B":{"r":"N105AD","t":"C25C"},"1752":{"r":"N105AL","t":"A320"},"176A":{"r":"N105BK","t":"F900"},"1880":{"r":"N105NN","t":"A321"},"18E9":{"r":"N105ST"},"190A":{"r":"N105UA","t":"B744"},"1917":{"r":"N105UP","t":"CL60"},"1A00":{"r":"N10522","t":"PA46"},"1AD2":{"r":"N10582","t":"COL4"},"1B0B":{"r":"N106AN","t":"C208"},"1B35":{"r":"N106CE","t":"GLF4"},"1BBC":{"r":"N106HQ","t":"E170"},"1C1C":{"r":"N106ML","t":"BE9L"},"1EE9":{"r":"N107CB","t":"SR22"},"1EEC":{"r":"N107CE","t":"H25B"},"2078":{"r":"N107UA","t":"B744"},"20A1":{"r":"N107VS","t":"GLF5"},"20B9":{"r":"N107WR","t":"PRM1"},"2125":{"r":"N1070Z","t":"M20T"},"2282":{"r":"N108AX","t":"DC10"},"22A3":{"r":"N108CE","t":"GLF5"},"22B9":{"r":"N108DB","t":"GLF5"},"22BB":{"r":"N108DD","t":"H25B"},"22CA":{"r":"N108DU","t":"GLF4"},"22F2":{"r":"N108FJ","t":"F900"},"232A":{"r":"N108HQ","t":"E170"},"2390":{"r":"N108MS","t":"B737"},"23AF":{"r":"N108NY","t":"GLF5"},"2413":{"r":"N108SY","t":"E170"},"2427":{"r":"N108TT","t":"COL4"},"2596":{"r":"N1086","t":"GLF4"},"2672":{"r":"N109DD","t":"GLF3"},"27C5":{"r":"N109ST","t":"GLF4"},"27D2":{"r":"N109TF","t":"A109"},"27D6":{"r":"N109TK","t":"A109"},"27E1":{"r":"N109TW","t":"C25B"},"2891":{"r":"N1090X","t":"CL60"},"28C9":{"r":"N1092H","t":"BE9L"},"29B0":{"r":"N10984","t":"B429"},"29DA":{"r":"N11A","t":"CL60"},"29E6":{"r":"N11AM","t":"LJ60"},"2A8D":{"r":"N11HD","t":"C310"},"2BA0":{"r":"N11UD","t":"C25B"},"2BA7":{"r":"N11UL","t":"H25B"},"2BDA":{"r":"N11WM","t":"F900"},"2C40":{"r":"N110AN","t":"A321"},"2CE3":{"r":"N110HA","t":"GALX"},"2CEA":{"r":"N110HH"},"2D04":{"r":"N110JJ","t":"G150"},"2D7F":{"r":"N110PG","t":"C56X"},"2DA2":{"r":"N110QS","t":"GL5T"},"2DDA":{"r":"N110SY","t":"E170"},"2FB0":{"r":"N1108N","t":"BE36"},"2FE9":{"r":"N111","t":"F900"},"302B":{"r":"N111CQ","t":"GLF4"},"30B1":{"r":"N111HZ","t":"F2TH"},"30D4":{"r":"N111KJ","t":"C25B"},"3164":{"r":"N111RC","t":"P46T"},"318F":{"r":"N111SW","t":"F900"},"31D1":{"r":"N111VM","t":"GLF5"},"3236":{"r":"N111ZN","t":"H25B"},"33D9":{"r":"N112CF","t":"CL60"},"345F":{"r":"N112HQ","t":"E170"},"34CB":{"r":"N112MY","t":"GLEX"},"34DD":{"r":"N112NR","t":"SR22"},"3541":{"r":"N112SR","t":"SR22"},"359E":{"r":"N112WJ","t":"GLF4"},"3739":{"r":"N1129E","t":"C56X"},"3745":{"r":"N1129S","t":"BE58"},"375B":{"r":"N113AC"},"377F":{"r":"N113BP","t":"PA46"},"379B":{"r":"N113CS","t":"GLF4"},"392F":{"r":"N113UW","t":"A320"},"3955":{"r":"N113WJ","t":"GLF4"},"3A99":{"r":"N1136Y","t":"BE36"},"3B2C":{"r":"N114BD","t":"LJ60"},"3B74":{"r":"N114EA","t":"EA50"},"3BA1":{"r":"N114FW","t":"C525"},"3BCD":{"r":"N114HQ","t":"E170"},"3FAA":{"r":"N115KC","t":"TBM7"},"3FDD":{"r":"N115MD"},"3FE1":{"r":"N115MH","t":"GLEX"},"40B2":{"r":"N115VS"},"41DB":{"r":"N1155P","t":"C206"},"42D2":{"r":"N116DK","t":"E55P"},"433B":{"r":"N116HQ","t":"E170"},"4341":{"r":"N116HW","t":"G150"},"4375":{"r":"N116KY","t":"PA32"},"4391":{"r":"N116MA","t":"LJ35"},"440F":{"r":"N116SB","t":"AC11"},"4424":{"r":"N116SY","t":"E170"},"4440":{"r":"N116UA","t":"B744"},"4476":{"r":"N116WE","t":"LJ45"},"447A":{"r":"N116WJ","t":"GLF4"},"466C":{"r":"N117CF","t":"C337"},"4690":{"r":"N117DS","t":"HA4T"},"4699":{"r":"N117EA","t":"EA50"},"46AB":{"r":"N117EU","t":"BE20"},"46B6":{"r":"N117FE","t":"B763"},"4758":{"r":"N117MS","t":"GLF4"},"47CA":{"r":"N117SF","t":"F900"},"47D7":{"r":"N117SU","t":"SR22"},"47E3":{"r":"N117TF","t":"GLEX"},"47F7":{"r":"N117UA","t":"B744"},"480B":{"r":"N117UW","t":"A320"},"4838":{"r":"N117WR","t":"GLF3"},"4A9D":{"r":"N118HC","t":"BE9L"},"4B10":{"r":"N118MT","t":"CL60"},"4B1F":{"r":"N118NH","t":"BE33"},"4B6A":{"r":"N118RH","t":"CL60"},"4BAE":{"r":"N118UA","t":"B744"},"4BF1":{"r":"N118WT","t":"GLEX"},"4C42":{"r":"N118ZZ","t":"GLEX"},"4CE2":{"r":"N1184U","t":"C182"},"4DA6":{"r":"N119AD","t":"GLF4"},"4DA8":{"r":"N119AF","t":"GLF4"},"4DAC":{"r":"N119AK","t":"HA4T"},"4E12":{"r":"N119EM","t":"F2TH"},"4E2B":{"r":"N119FM","t":"GLF4"},"4E60":{"r":"N119HQ","t":"E170"},"4E7C":{"r":"N119JT","t":"A119"},"4EA1":{"r":"N119LE","t":"GLF5"},"4EB8":{"r":"N119MC","t":"BE20"},"4EBF":{"r":"N119MK","t":"SR20"},"4F49":{"r":"N119SY","t":"E170"},"4F65":{"r":"N119UA","t":"B744"},"5160":{"r":"N12AG"},"51C2":{"r":"N12EE"},"5269":{"r":"N12LX","t":"F2TH"},"5281":{"r":"N12MW","t":"F2TH"},"529D":{"r":"N12NZ","t":"GLF4"},"531B":{"r":"N12U","t":"FA7X"},"5327":{"r":"N12UM","t":"GLF4"},"53AE":{"r":"N12ZX"},"53BC":{"r":"N120AK","t":"GLEX"},"53F5":{"r":"N120CS","t":"C525"},"5408":{"r":"N120DL","t":"B763"},"5469":{"r":"N120HH","t":"B407"},"5483":{"r":"N120JJ","t":"GLF4"},"5575":{"r":"N120UA","t":"B744"},"5582":{"r":"N120UP","t":"A306"},"5614":{"r":"N1200K","t":"B763"},"563B":{"r":"N1201P","t":"B763"},"5770":{"r":"N121AG","t":"E400"},"5811":{"r":"N121GT","t":"BE9L"},"5813":{"r":"N121GV","t":"GALX"},"5837":{"r":"N121JF","t":"BE33"},"583A":{"r":"N121JJ","t":"GLF4"},"583D":{"r":"N121JM","t":"GLF4"},"586F":{"r":"N121LM","t":"CL30"},"58B1":{"r":"N121PC","t":"E50P"},"58F1":{"r":"N121RS","t":"CL60"},"5910":{"r":"N121SY","t":"E170"},"5922":{"r":"N121TR","t":"TRIN"},"592C":{"r":"N121UA","t":"B744"},"5939":{"r":"N121UP","t":"A306"},"59E3":{"r":"N12109","t":"B752"},"5A01":{"r":"N12114","t":"B752"},"5A03":{"r":"N12116","t":"B752"},"5A25":{"r":"N12125","t":"B752"},"5B46":{"r":"N122BN","t":"GLEX"},"5BCA":{"r":"N122GV","t":"GLF4"},"5C3A":{"r":"N122MG","t":"SR22"},"5CB1":{"r":"N122SA","t":"SR22"},"5CE3":{"r":"N122UA","t":"B744"},"5CF0":{"r":"N122UP","t":"A306"},"5D71":{"r":"N122ZT","t":"SR22"},"5DC0":{"r":"N1222B","t":"C425"},"5DC5":{"r":"N1222G","t":"COL3"},"5DCC":{"r":"N1222P","t":"GLF5"},"5EED":{"r":"N123AX","t":"P32R"},"5F21":{"r":"N123CZ","t":"C25B"},"5F2F":{"r":"N123DN","t":"B763"},"5F36":{"r":"N123DV","t":"SR22"},"5F66":{"r":"N123FT","t":"GLF5"},"5F81":{"r":"N123GV","t":"GALX"},"5FE5":{"r":"N123LV","t":"GLF4"},"62C4":{"r":"N124CD","t":"SR20"},"62CE":{"r":"N124CP","t":"SR22"},"62EB":{"r":"N124DT","t":"GLF3"},"6300":{"r":"N124EP","t":"GLF3"},"6310":{"r":"N124FE","t":"B763"},"63AB":{"r":"N124MK"},"63D7":{"r":"N124PD","t":"H500"},"643D":{"r":"N124TF","t":"GLF4"},"645E":{"r":"N124UP","t":"A306"},"667F":{"r":"N125CH","t":"GLEX"},"66A4":{"r":"N125DV","t":"P46T"},"66E3":{"r":"N125GH","t":"GLF5"},"6703":{"r":"N125HQ","t":"E170"},"675C":{"r":"N125MD","t":"C206"},"679B":{"r":"N125PS","t":"CL60"},"67C0":{"r":"N125RD","t":"B763"},"67DE":{"r":"N125SJ","t":"GLF4"},"67E7":{"r":"N125ST","t":"CL60"},"67F4":{"r":"N125TF","t":"GLF4"},"67FA":{"r":"N125TM","t":"CL30"},"6815":{"r":"N125UP","t":"A306"},"681C":{"r":"N125UW","t":"A320"},"684B":{"r":"N125WT","t":"C25A"},"6860":{"r":"N125XP","t":"H25B"},"6A0E":{"r":"N126AT","t":"B737"},"6AE0":{"r":"N126KC","t":"H25B"},"6B48":{"r":"N126PG","t":"C25C"},"6BCC":{"r":"N126UP","t":"A306"},"6BD3":{"r":"N126UW","t":"A320"},"6C53":{"r":"N126ZZ","t":"HA4T"},"6CA4":{"r":"N1262K","t":"C425"},"6DDF":{"r":"N127BU","t":"C551"},"6E39":{"r":"N127FJ","t":"C25A"},"6E50":{"r":"N127GG","t":"GLF5"},"6E53":{"r":"N127GK","t":"GLF3"},"6ED6":{"r":"N127MR","t":"BE20"},"6F22":{"r":"N127QS","t":"B737"},"6F49":{"r":"N127SF","t":"F900"},"6F53":{"r":"N127SR","t":"CL60"},"6F76":{"r":"N127UA","t":"B744"},"6F83":{"r":"N127UP","t":"A306"},"6F8A":{"r":"N127UW","t":"A320"},"705E":{"r":"N1272N","t":"COL4"},"716C":{"r":"N128AB","t":"GLF4"},"7202":{"r":"N128GB","t":"GLF5"},"7214":{"r":"N128GV","t":"GLF5"},"732D":{"r":"N128UA","t":"B744"},"733A":{"r":"N128UP","t":"A306"},"7341":{"r":"N128UW","t":"A320"},"7528":{"r":"N129AG","t":"TBM7"},"763C":{"r":"N129MH","t":"GLF4"},"765E":{"r":"N129NS","t":"GLF4"},"7690":{"r":"N129QS","t":"B737"},"76B4":{"r":"N129SC","t":"PA32"},"76CC":{"r":"N129TB","t":"AC90"},"76F1":{"r":"N129UP","t":"A306"},"77D9":{"r":"N12921","t":"E145"},"79B1":{"r":"N13JS","t":"GL5T"},"7A69":{"r":"N13SA","t":"GLF4"},"7B3E":{"r":"N130AN","t":"A321"},"7BDB":{"r":"N130GV","t":"GLF5"},"7CE6":{"r":"N130TM","t":"GLF5"},"7D01":{"r":"N130UP","t":"A306"},"7EF1":{"r":"N131AJ","t":"LJ35"},"7F1E":{"r":"N131CD","t":"SR20"},"7F5A":{"r":"N131EP","t":"F2TH"},"808D":{"r":"N131SW","t":"GLF4"},"80A7":{"r":"N131TX","t":"SR22"},"80B8":{"r":"N131UP","t":"A306"},"817C":{"r":"N13110","t":"B752"},"817F":{"r":"N13113","t":"B752"},"81CA":{"r":"N13138","t":"B752"},"82EB":{"r":"N132DA","t":"F2TH"},"8433":{"r":"N132SD","t":"GLF5"},"859F":{"r":"N13243","t":"C172"},"8639":{"r":"N1329G","t":"C525"},"86B1":{"r":"N133DR","t":"PA32"},"8714":{"r":"N133HQ","t":"E170"},"879C":{"r":"N133PA","t":"P180"},"87D8":{"r":"N133RL","t":"F2TH"},"87E9":{"r":"N133SC","t":"C501"},"87FD":{"r":"N133SY","t":"E170"},"8826":{"r":"N133UP","t":"A306"},"8BDD":{"r":"N134UP","t":"A306"},"8C0D":{"r":"N134WM","t":"CL60"},"8E72":{"r":"N135GZ"},"8E98":{"r":"N135JM","t":"P46T"},"8EDF":{"r":"N135MH","t":"EC35"},"8F5B":{"r":"N135SG","t":"E135"},"8F5E":{"r":"N135SK","t":"E135"},"8F5F":{"r":"N135SL","t":"E135"},"8F94":{"r":"N135UP","t":"A306"},"9025":{"r":"N1350J","t":"AC11"},"9188":{"r":"N136AN","t":"A321"},"91F2":{"r":"N136EU","t":"BE36"},"9229":{"r":"N136GZ"},"9296":{"r":"N136MH","t":"EC35"},"934B":{"r":"N136UP","t":"A306"},"9370":{"r":"N136WA","t":"DC10"},"93BD":{"r":"N136ZC","t":"GLF4"},"94F7":{"r":"N1368M","t":"GL5T"},"9533":{"r":"N137AA","t":"A321"},"95B0":{"r":"N137FA","t":"FA50"},"961F":{"r":"N137KM","t":"P46T"},"9702":{"r":"N137UP","t":"A306"},"9727":{"r":"N137WA","t":"DC10"},"985F":{"r":"N1376C"},"9923":{"r":"N138CH","t":"CL30"},"9927":{"r":"N138CM","t":"PA46"},"9A04":{"r":"N138MH","t":"EC35"},"9AA6":{"r":"N138TV","t":"PC12"},"9AB9":{"r":"N138UP","t":"A306"},"9ADE":{"r":"N138WA","t":"DC10"},"9C62":{"r":"N1388J","t":"C680"},"9CAB":{"r":"N139AL","t":"F900"},"9DBB":{"r":"N139MH","t":"EC35"},"9DEC":{"r":"N139PG","t":"SR20"},"9E5B":{"r":"N139TT"},"9E70":{"r":"N139UP","t":"A306"},"9FE9":{"r":"N13966","t":"PA27"},"A0D9":{"r":"N14FE","t":"GLEX"},"A0EA":{"r":"N14FX","t":"F900"},"A10C":{"r":"N14HF"},"A184":{"r":"N14NA","t":"F900"},"A1C6":{"r":"N14QS","t":"HA4T"},"A23A":{"r":"N14VH","t":"SR20"},"A46A":{"r":"N140TS","t":"C650"},"A480":{"r":"N140UP","t":"A306"},"A69A":{"r":"N141CA","t":"AEST"},"A6A7":{"r":"N141CP","t":"GLF4"},"A728":{"r":"N141HT","t":"SR22"},"A751":{"r":"N141KJ","t":"S22T"},"A7D6":{"r":"N141QS","t":"GLEX"},"A837":{"r":"N141UP","t":"A306"},"A8DA":{"r":"N14102","t":"B752"},"A8DE":{"r":"N14106","t":"B752"},"A8DF":{"r":"N14107","t":"B752"},"A900":{"r":"N14115","t":"B752"},"A903":{"r":"N14118","t":"B752"},"A91E":{"r":"N14120","t":"B752"},"A91F":{"r":"N14121","t":"B752"},"A97B":{"r":"N1415N","t":"GLEX"},"AA1F":{"r":"N142AA","t":"C56X"},"AA3A":{"r":"N142BC","t":"P210"},"AAD0":{"r":"N142HC","t":"GLF4"},"AB2A":{"r":"N142LT","t":"PC12"},"AB8D":{"r":"N142QS","t":"BE40"},"ABAE":{"r":"N142S","t":"BE58"},"ABC5":{"r":"N142SY","t":"E170"},"ABEE":{"r":"N142UP","t":"A306"},"ACFD":{"r":"N14235","t":"B738"},"AD05":{"r":"N1424C","t":"C182"},"ADE2":{"r":"N143AN","t":"A321"},"AE0C":{"r":"N143CE","t":"B350"},"AE6B":{"r":"N143G","t":"GLF5"},"AEAF":{"r":"N143JT","t":"C25B"},"AF44":{"r":"N143QS","t":"GLEX"},"AFA5":{"r":"N143UP","t":"A306"},"B1B6":{"r":"N144BS","t":"CL60"},"B211":{"r":"N144FH","t":"F900"},"B277":{"r":"N144KK","t":"GLF5"},"B2DB":{"r":"N144PK","t":"GLF4"},"B35C":{"r":"N144UP","t":"A306"},"B5EA":{"r":"N145GS"},"B6D9":{"r":"N145SF","t":"C25A"},"B713":{"r":"N145UP","t":"A306"},"B82F":{"r":"N1454H","t":"GLF5"},"B8D6":{"r":"N1459","t":"B350"},"B914":{"r":"N146BA","t":"CL60"},"B974":{"r":"N146EX","t":"F900"},"B9CB":{"r":"N146JJ","t":"SR20"},"BACA":{"r":"N146UP","t":"A306"},"BBA5":{"r":"N1462N","t":"C182"},"BCB8":{"r":"N147AG","t":"CL30"},"BCE7":{"r":"N147CD","t":"SR20"},"BD37":{"r":"N147FJ","t":"FA7X"},"BD47":{"r":"N147G","t":"F2TH"},"BD59":{"r":"N147GT","t":"SR22"},"BD68":{"r":"N147HH","t":"CL60"},"BD8B":{"r":"N147JT","t":"C172"},"BD93":{"r":"N147KA","t":"SR22"},"BD94":{"r":"N147KB","t":"SR22"},"BDAF":{"r":"N147LD","t":"SR22"},"BDB5":{"r":"N147LK","t":"SR22"},"BE20":{"r":"N147QS","t":"GLEX"},"BE81":{"r":"N147UP","t":"A306"},"BE8F":{"r":"N147VC","t":"SR22"},"BEBE":{"r":"N147X","t":"GLF4"},"C069":{"r":"N148AA","t":"B350"},"C0EE":{"r":"N148FJ","t":"F900"},"C1D7":{"r":"N148QS","t":"GLEX"},"C238":{"r":"N148UP","t":"A306"},"C3DB":{"r":"N1488C","t":"SR20"},"C431":{"r":"N149AT","t":"B737"},"C4AC":{"r":"N149FR","t":"SR20"},"C5EF":{"r":"N149UP","t":"A306"},"C808":{"r":"N15C","t":"C25B"},"C869":{"r":"N15FX","t":"FA7X"},"C875":{"r":"N15GJ","t":"C510"},"C87E":{"r":"N15GT","t":"CL30"},"C88A":{"r":"N15HE","t":"GLF3"},"C931":{"r":"N15PX","t":"GLEX"},"C955":{"r":"N15RH"},"C96A":{"r":"N15SD","t":"C750"},"C9FC":{"r":"N15Y","t":"GLF4"},"CA4A":{"r":"N150BB","t":"CL60"},"CA4B":{"r":"N150BC","t":"FA7X"},"CAC6":{"r":"N150GA","t":"G150"},"CAC9":{"r":"N150GD","t":"G150"},"CACB":{"r":"N150GF","t":"H25B"},"CAD9":{"r":"N150GV","t":"G150"},"CBAF":{"r":"N150RJ","t":"FA50"},"CBB8":{"r":"N150RT","t":"G150"},"CBFF":{"r":"N150UP","t":"A306"},"CC86":{"r":"N150ZZ","t":"SR22"},"CCB8":{"r":"N1501P","t":"B763"},"CE06":{"r":"N151BG","t":"BE20"},"CE60":{"r":"N151EX","t":"F2TH"},"CF7A":{"r":"N151SD","t":"GLF4"},"CFB6":{"r":"N151UP","t":"A306"},"CFBD":{"r":"N151UW","t":"A321"},"D1F3":{"r":"N152DL","t":"B763"},"D223":{"r":"N152FJ","t":"FA50"},"D273":{"r":"N152JP","t":"BE35"},"D338":{"r":"N152SL"},"D36D":{"r":"N152UP","t":"A306"},"D5AA":{"r":"N153DL","t":"B763"},"D5B8":{"r":"N153E","t":"SR22"},"D5C1":{"r":"N153EJ","t":"PA31"},"D5E1":{"r":"N153FR","t":"SR20"},"D724":{"r":"N153UP","t":"A306"},"D72B":{"r":"N153UW","t":"A321"},"D76F":{"r":"N153XP","t":"H25B"},"D93D":{"r":"N154C","t":"GLF4"},"D93E":{"r":"N154CA","t":"PA31"},"D95F":{"r":"N154DJ","t":"C303"},"D961":{"r":"N154DL","t":"B763"},"D9A1":{"r":"N154G","t":"GLF4"},"DADB":{"r":"N154UP","t":"A306"},"DB63":{"r":"N1540","t":"GLF5"},"DC62":{"r":"N1547K","t":"COL4"},"DCC6":{"r":"N155AD","t":"GLF5"},"DCCF":{"r":"N155AN","t":"GLF5"},"DCF5":{"r":"N155CA","t":"DC87"},"DD18":{"r":"N155DL","t":"B763"},"DE92":{"r":"N155UP","t":"A306"},"DE99":{"r":"N155UW","t":"A321"},"E056":{"r":"N1559A","t":"PA20"},"E0CF":{"r":"N156DL","t":"B763"},"E1F5":{"r":"N156RE","t":"FA50"},"E249":{"r":"N156UP","t":"A306"},"E262":{"r":"N156VP","t":"C750"},"E276":{"r":"N156WJ","t":"GLF4"},"E40F":{"r":"N1569C","t":"SR22"},"E59F":{"r":"N157QS","t":"BE40"},"E600":{"r":"N157UP","t":"A306"},"E607":{"r":"N157UW","t":"A321"},"E8FA":{"r":"N158M","t":"FA50"},"E995":{"r":"N158TE","t":"EA50"},"E9B7":{"r":"N158UP","t":"A306"},"EC67":{"r":"N159JA","t":"GLF5"},"ECCC":{"r":"N159NB","t":"GLF2"},"ECE4":{"r":"N159PA"},"ED6E":{"r":"N159UP","t":"A306"},"EF66":{"r":"N16AS","t":"MD90"},"EFE8":{"r":"N16FX","t":"F900"},"EFF1":{"r":"N16GF","t":"BE20"},"F08B":{"r":"N16NK","t":"GLF5"},"F17F":{"r":"N16YD","t":"CL60"},"F1B7":{"r":"N160AJ","t":"LJ60"},"F217":{"r":"N160EE","t":"LJ60"},"F31D":{"r":"N160QS","t":"GLEX"},"F35E":{"r":"N160TG","t":"LJ60"},"F37E":{"r":"N160UP","t":"A306"},"F44C":{"r":"N1602","t":"B763"},"F46F":{"r":"N1603","t":"B763"},"F4A2":{"r":"N1604R","t":"B763"},"F4B5":{"r":"N1605","t":"B763"},"F4F6":{"r":"N16065","t":"B763"},"F4FD":{"r":"N1607B","t":"B763"},"F51E":{"r":"N1608","t":"B763"},"F541":{"r":"N1609","t":"B763"},"F684":{"r":"N161MM","t":"GLF4"},"F735":{"r":"N161UP","t":"A306"},"F7C1":{"r":"N1610D","t":"B763"},"F7E2":{"r":"N1611B","t":"B763"},"F815":{"r":"N1612T","t":"B763"},"F828":{"r":"N1613B","t":"B763"},"F92E":{"r":"N162AT","t":"L101"},"F970":{"r":"N162DJ","t":"EA50"},"F9B4":{"r":"N162GB","t":"GALX"},"F9E7":{"r":"N162JC","t":"GLF5"},"FA59":{"r":"N162NS","t":"F2TH"},"FA8B":{"r":"N162QS","t":"GLEX"},"FAEC":{"r":"N162UP","t":"A306"},"FB13":{"r":"N162WC","t":"B737"},"FC23":{"r":"N1625","t":"GLF4"},"FD28":{"r":"N163DK","t":"HA4T"},"FD39":{"r":"N163EB","t":"F2TH"},"FD3E":{"r":"N163EG","t":"CL60"},"FD59":{"r":"N163FJ","t":"FA7X"},"FE19":{"r":"N163PA","t":"GLF3"},"FEA3":{"r":"N163UP","t":"A306"}}