{"020A":{"r":"N164RJ","t":"B737"},"022A":{"r":"N164SR","t":"SR20"},"025A":{"r":"N164UP","t":"A306"},"04DB":{"r":"N165GD","t":"GLF4"},"050F":{"r":"N165JF","t":"GLF4"},"0611":{"r":"N165UP","t":"A306"},"078A":{"r":"N16566","t":"P28R"},"080A":{"r":"N166AT","t":"B737"},"0877":{"r":"N166FB","t":"F900"},"0915":{"r":"N166MK","t":"GL5T"},"09C8":{"r":"N166UP","t":"A306"},"0B4E":{"r":"N1667J","t":"B350"},"0BB0":{"r":"N167AA","t":"GLF4"},"0BB3":{"r":"N167AD","t":"GLF4"},"0BC1":{"r":"N167AT","t":"B737"},"0D2A":{"r":"N167RD","t":"CL30"},"0D6C":{"r":"N167TV","t":"GLF4"},"0D7F":{"r":"N167UP","t":"A306"},"0F78":{"r":"N168AT","t":"B737"},"0F85":{"r":"N168BF","t":"H25B"},"0F86":{"r":"N168BG","t":"C56X"},"0F9D":{"r":"N168CE","t":"GLF5"},"0F9E":{"r":"N168CF","t":"MD87"},"0FA3":{"r":"N168CL","t":"B744"},"0FAD":{"r":"N168CW","t":"TBM7"},"100E":{"r":"N168GT"},"109B":{"r":"N168NJ","t":"GLF5"},"10A1":{"r":"N168NQ","t":"CL60"},"10B5":{"r":"N168PK","t":"GLF4"},"1136":{"r":"N168UP","t":"A306"},"1166":{"r":"N168WM","t":"GLF4"},"132F":{"r":"N169AT","t":"B737"},"1350":{"r":"N169CA","t":"B752"},"1380":{"r":"N169DZ","t":"B763"},"13A3":{"r":"N169FJ","t":"F900"},"1422":{"r":"N169LL","t":"GLEX"},"14B1":{"r":"N169SD","t":"GLF5"},"14C7":{"r":"N169TA","t":"CL60"},"14ED":{"r":"N169UP","t":"A306"},"1515":{"r":"N169WD","t":"C208"},"171C":{"r":"N17CX","t":"C750"},"175A":{"r":"N17FJ","t":"GLF5"},"1767":{"r":"N17FX","t":"F900"},"1780":{"r":"N17GX","t":"GLEX"},"17A6":{"r":"N17JK","t":"GLF4"},"17AD":{"r":"N17JS","t":"GLF5"},"1804":{"r":"N17ND","t":"GLF5"},"1882":{"r":"N17TE","t":"CL60"},"1899":{"r":"N17UC","t":"CL30"},"18A0":{"r":"N17UK","t":"SR22"},"19F8":{"r":"N170JC","t":"BE20"},"1A78":{"r":"N170PF"},"1AD2":{"r":"N170SW","t":"GLEX"},"1AFD":{"r":"N170UP","t":"A306"},"1CF0":{"r":"N171AM","t":"GLF3"},"1D3C":{"r":"N171DN","t":"B763"},"1D47":{"r":"N171DZ","t":"B763"},"1D5E":{"r":"N171EX"},"1DAF":{"r":"N171JC","t":"GLF4"},"1DB5":{"r":"N171JJ","t":"GL5T"},"1E94":{"r":"N171TG","t":"FA50"},"1EA3":{"r":"N171TX","t":"SR22"},"1EA7":{"r":"N171UA","t":"B744"},"1EB4":{"r":"N171UP","t":"A306"},"1F59":{"r":"N17104","t":"B752"},"1F5A":{"r":"N17105","t":"B752"},"1F5D":{"r":"N17108","t":"E145"},"1F9D":{"r":"N17122","t":"B752"},"1FA1":{"r":"N17126","t":"B752"},"1FA3":{"r":"N17128","t":"B752"},"1FC1":{"r":"N17133","t":"B752"},"1FC7":{"r":"N17139","t":"B752"},"20A4":{"r":"N172AJ","t":"B752"},"20F3":{"r":"N172DN","t":"B763"},"20FE":{"r":"N172DZ","t":"B763"},"226B":{"r":"N172UP","t":"A306"},"2316":{"r":"N1721","t":"BE36"},"245F":{"r":"N173AN","t":"B752"},"2464":{"r":"N173AT","t":"B737"},"2491":{"r":"N173CN","t":"FA7X"},"24B5":{"r":"N173DZ","t":"B763"},"24DF":{"r":"N173FR"},"2544":{"r":"N173KS","t":"BE30"},"2598":{"r":"N173PA","t":"GLF3"},"25FE":{"r":"N173TC","t":"BE20"},"2615":{"r":"N173UA","t":"B744"},"2622":{"r":"N173UP","t":"A306"},"280A":{"r":"N174AA","t":"B752"},"2810":{"r":"N174AG","t":"A321"},"281B":{"r":"N174AT","t":"B737"},"2861":{"r":"N174DN","t":"B763"},"286C":{"r":"N174DZ","t":"B763"},"29CC":{"r":"N174UA","t":"B744"},"29D9":{"r":"N174UP","t":"A306"},"29FE":{"r":"N174WA"},"2BCD":{"r":"N175AN","t":"B752"},"2BD2":{"r":"N175AT","t":"B737"},"2BE0":{"r":"N175BG","t":"GLF3"},"2BE4":{"r":"N175BL","t":"GLF4"},"2C18":{"r":"N175DN","t":"B763"},"2C23":{"r":"N175DZ","t":"B763"},"2C37":{"r":"N175EU","t":"BE20"},"2CD6":{"r":"N175MC","t":"E55P"},"2D83":{"r":"N175UA","t":"B744"},"2F0D":{"r":"N1757","t":"B752"},"2F56":{"r":"N1759C"},"2F78":{"r":"N176AA","t":"B752"},"2F89":{"r":"N176AT","t":"B737"},"2FAA":{"r":"N176CA","t":"B752"},"2FB0":{"r":"N176CG","t":"F2TH"},"2FB4":{"r":"N176CL","t":"F900"},"2FCF":{"r":"N176DN","t":"B763"},"2FDA":{"r":"N176DZ","t":"B763"},"3035":{"r":"N176HQ","t":"E190"},"3091":{"r":"N176MG","t":"GLF4"},"3235":{"r":"N17627","t":"B735"},"333B":{"r":"N177AN","t":"B752"},"3349":{"r":"N177BB","t":"GLF4"},"336A":{"r":"N177CK","t":"EA50"},"3386":{"r":"N177DN","t":"B763"},"3391":{"r":"N177DZ","t":"B763"},"33EC":{"r":"N177HQ","t":"E190"},"3451":{"r":"N177MR","t":"C77R"},"34A6":{"r":"N177RA"},"34BF":{"r":"N177SA","t":"C77R"},"34F1":{"r":"N177UA","t":"B744"},"365B":{"r":"N1776C","t":"H25B"},"3687":{"r":"N1777M","t":"GLF6"},"36E6":{"r":"N178AA","t":"B752"},"373D":{"r":"N178DN","t":"B763"},"3748":{"r":"N178DZ","t":"B763"},"38A8":{"r":"N178UA","t":"B744"},"3A9D":{"r":"N179AA","t":"B752"},"3AF4":{"r":"N179DN","t":"B763"},"3C5F":{"r":"N179UA","t":"B744"},"3E60":{"r":"N18AN","t":"GLF4"},"3E8C":{"r":"N18CG","t":"F2TH"},"3E8E":{"r":"N18CJ","t":"GLF4"},"3EA4":{"r":"N18DF","t":"F900"},"3EE6":{"r":"N18FX","t":"F900"},"3EEA":{"r":"N18GA","t":"C25B"},"3F7E":{"r":"N18MZ","t":"F900"},"4008":{"r":"N18TM","t":"GLEX"},"404D":{"r":"N18WF","t":"GLEX"},"405F":{"r":"N18WZ","t":"GLEX"},"40C7":{"r":"N180BB","t":"C180"},"4104":{"r":"N180DN","t":"B763"},"411B":{"r":"N180EL"},"41B0":{"r":"N180LK","t":"P28A"},"426F":{"r":"N180UA","t":"B744"},"42A9":{"r":"N180WJ","t":"C180"},"4480":{"r":"N181BD","t":"BE60"},"449E":{"r":"N181CJ","t":"C510"},"44A0":{"r":"N181CL","t":"GLEX"},"44A5":{"r":"N181CR","t":"GLF4"},"44A6":{"r":"N181CS"},"44BB":{"r":"N181DN","t":"B763"},"4514":{"r":"N181HB","t":"C25C"},"452B":{"r":"N181J","t":"CL60"},"4626":{"r":"N181UA","t":"B744"},"46D5":{"r":"N18101","t":"E45X"},"46F9":{"r":"N18112","t":"B752"},"4700":{"r":"N18119","t":"B752"},"4704":{"r":"N1812C","t":"GLEX"},"47D6":{"r":"N1818C","t":"GLF4"},"47E4":{"r":"N1818S","t":"F900"},"4872":{"r":"N182DN","t":"B763"},"48B3":{"r":"N182GC","t":"C182"},"48FB":{"r":"N182K","t":"C182"},"49DD":{"r":"N182UA","t":"B744"},"4BBE":{"r":"N1829S","t":"FA50"},"4BDE":{"r":"N183AN","t":"B752"},"4C29":{"r":"N183DN","t":"B763"},"4D09":{"r":"N183NM","t":"C182"},"4F0D":{"r":"N1836T","t":"BE36"},"4F52":{"r":"N1838S","t":"FA50"},"4F75":{"r":"N1839S","t":"FA50"},"4F95":{"r":"N184AN","t":"B752"},"4F9A":{"r":"N184AT","t":"B737"},"4FAB":{"r":"N184BK","t":"CL30"},"4FE0":{"r":"N184DN","t":"B763"},"500E":{"r":"N184FJ","t":"F900"},"50FF":{"r":"N184R","t":"CL30"},"5139":{"r":"N184TH","t":"PC12"},"528F":{"r":"N1845","t":"BE30"},"534C":{"r":"N185AN","t":"B752"},"5397":{"r":"N185DN","t":"B763"},"53D6":{"r":"N185GA","t":"GLF5"},"53EB":{"r":"N185GX","t":"GLEX"},"54BE":{"r":"N185RH","t":"C185"},"55DF":{"r":"N1852B","t":"GLF5"},"5703":{"r":"N186AN","t":"B752"},"572A":{"r":"N186CB","t":"PA46"},"574E":{"r":"N186DN","t":"B763"},"578D":{"r":"N186GA","t":"PA31"},"5798":{"r":"N186GM","t":"M20P"},"5838":{"r":"N186NX","t":"PC12"},"583C":{"r":"N186PA","t":"GLF3"},"5911":{"r":"N186XP"},"5A72":{"r":"N1868M","t":"GLEX"},"5ABA":{"r":"N187AN","t":"B752"},"5B05":{"r":"N187DN","t":"B763"},"5BFF":{"r":"N187PN","t":"FA50"},"5C70":{"r":"N187UA","t":"B744"},"5E71":{"r":"N188AN","t":"B752"},"5EBB":{"r":"N188DM","t":"FA50"},"5EBC":{"r":"N188DN","t":"B763"},"5ED9":{"r":"N188ES","t":"GLF5"},"5F2C":{"r":"N188J","t":"GL5T"},"5F85":{"r":"N188MP","t":"C25A"},"6009":{"r":"N188SW","t":"FA7X"},"604D":{"r":"N188VP","t":"C550"},"6069":{"r":"N188WS","t":"C56X"},"60BF":{"r":"N1880C","t":"B350"},"6228":{"r":"N189AN","t":"B752"},"6273":{"r":"N189DN","t":"B763"},"6276":{"r":"N189DR","t":"E135"},"62E3":{"r":"N189J","t":"GLF4"},"631A":{"r":"N189LE","t":"BE36"},"6362":{"r":"N189PB","t":"SR22"},"6394":{"r":"N189RB","t":"FA20"},"63AC":{"r":"N189SA","t":"PA31"},"64B9":{"r":"N1892","t":"GLF5"},"6525":{"r":"N1895C","t":"C25A"},"6646":{"r":"N19ER","t":"C550"},"6648":{"r":"N19ET","t":"XL2"},"6678":{"r":"N19GR","t":"B350"},"6681":{"r":"N19H","t":"GLF3"},"6753":{"r":"N19RK","t":"BE9T"},"67B3":{"r":"N19VF","t":"F900"},"67E5":{"r":"N19XF"},"67E6":{"r":"N19XG"},"682C":{"r":"N190AA","t":"B752"},"6883":{"r":"N190DN","t":"B763"},"6925":{"r":"N190L","t":"BE36"},"6A93":{"r":"N1900R","t":"B190"},"6ACD":{"r":"N1902D","t":"B190"},"6AD7":{"r":"N1902P","t":"GLF4"},"6B01":{"r":"N1903W","t":"F2TH"},"6B24":{"r":"N1904W","t":"GLF4"},"6B47":{"r":"N1905W","t":"GLF5"},"6BE7":{"r":"N191AE","t":"F900"},"6BEF":{"r":"N191AN","t":"B752"},"6C3A":{"r":"N191DN","t":"B763"},"6D7D":{"r":"N191SL"},"6E72":{"r":"N1911W","t":"GLF5"},"6E7D":{"r":"N19117","t":"B752"},"6EBC":{"r":"N19130","t":"B752"},"6EC2":{"r":"N19136","t":"B752"},"6EE0":{"r":"N19141","t":"B752"},"6FA6":{"r":"N192AN","t":"B752"},"6FB9":{"r":"N192BG","t":"GLF5"},"6FF1":{"r":"N192DN","t":"B763"},"706D":{"r":"N192JM"},"70C5":{"r":"N192N","t":"GLF4"},"70C8":{"r":"N192NC","t":"GLF4"},"7121":{"r":"N192RS","t":"FA50"},"7134":{"r":"N192SL"},"7139":{"r":"N192SR","t":"SR22"},"713E":{"r":"N192SW","t":"G150"},"72AC":{"r":"N1925M","t":"GLF4"},"735D":{"r":"N193AN","t":"B752"},"73A8":{"r":"N193DN","t":"B763"},"73CD":{"r":"N193F","t":"F900"},"73DE":{"r":"N193FS","t":"BE30"},"744B":{"r":"N193LA","t":"GLEX"},"7527":{"r":"N193UW","t":"A321"},"75FC":{"r":"N1932P","t":"GLF5"},"7708":{"r":"N194AA","t":"B752"},"775F":{"r":"N194DN","t":"B763"},"776F":{"r":"N194ED","t":"PA46"},"777B":{"r":"N194ER","t":"C510"},"77DA":{"r":"N194JL"},"7806":{"r":"N194LE","t":"CL30"},"78CA":{"r":"N194UA","t":"B744"},"78DE":{"r":"N194UW","t":"A321"},"7907":{"r":"N194WM","t":"GLEX"},"79EC":{"r":"N1944A"},"7ACA":{"r":"N195AM","t":"PA46"},"7ACB":{"r":"N195AN","t":"B752"},"7B16":{"r":"N195DN","t":"B763"},"7BD4":{"r":"N195MC","t":"E55P"},"7C59":{"r":"N195SL"},"7C62":{"r":"N195SV","t":"FA50"},"7C95":{"r":"N195UW","t":"A321"},"7DD1":{"r":"N1955M","t":"GLEX"},"7E76":{"r":"N196AA","t":"B752"},"7EAA":{"r":"N196CC","t":"GLF3"},"7ECD":{"r":"N196DN","t":"B763"},"7F4B":{"r":"N196JP","t":"C560"},"7F59":{"r":"N196KC","t":"F2TH"},"7FC1":{"r":"N196PG","t":"SR20"},"804C":{"r":"N196UW","t":"A321"},"811C":{"r":"N1962J","t":"C750"},"81CE":{"r":"N1967M","t":"CL30"},"8239":{"r":"N197AN","t":"B752"},"8284":{"r":"N197DN","t":"B763"},"82FE":{"r":"N197JK","t":"F2TH"},"830E":{"r":"N197KA","t":"F2TH"},"8372":{"r":"N197PA","t":"GLF3"},"83EF":{"r":"N197UA","t":"B744"},"8403":{"r":"N197UW","t":"A321"},"854F":{"r":"N19753","t":"C172"},"85E4":{"r":"N198AA","t":"B752"},"863B":{"r":"N198DN","t":"B763"},"868A":{"r":"N198GS","t":"GLF4"},"86B3":{"r":"N198JH","t":"C525"},"8706":{"r":"N198MR","t":"FA50"},"8853":{"r":"N1980Z","t":"CL30"},"89A7":{"r":"N199AN","t":"B752"},"89F2":{"r":"N199DN","t":"B763"},"8A1E":{"r":"N199FG","t":"FA50"},"8A95":{"r":"N199LA","t":"GL5T"},"8AC2":{"r":"N199MW","t":"PA32"},"8AF0":{"r":"N199PS","t":"PA34"},"8B5D":{"r":"N199UA","t":"B744"},"8B71":{"r":"N199UW","t":"A321"},"8BF1":{"r":"N199ZZ","t":"SR22"},"8D6E":{"r":"N2BD","t":"F900"},"8D75":{"r":"N2BL","t":"M20P"},"8D86":{"r":"N2CC","t":"GLF4"},"8D8E":{"r":"N2CL","t":"P28T"},"8DA2":{"r":"N2DF","t":"GLF4"},"8DD3":{"r":"N2FE","t":"CL60"},"8DE1":{"r":"N2FU","t":"LJ31"},"8DE7":{"r":"N2G","t":"GALX"},"8E0B":{"r":"N2HL","t":"GALX"},"8E2E":{"r":"N2JW","t":"CL60"},"8E6B":{"r":"N2MG","t":"CL60"},"8E7D":{"r":"N2N","t":"GLF5"},"8E84":{"r":"N2NG"},"8E9D":{"r":"N2PG","t":"GLF4"},"8F0B":{"r":"N2TS","t":"B737"},"8F1C":{"r":"N2UJ","t":"C680"},"8F5F":{"r":"N2XA"},"8F7D":{"r":"N2YF","t":"PC12"},"8F9D":{"r":"N2ZN","t":"BE9L"},"8FB1":{"r":"N20AG"},"8FBD":{"r":"N20AU","t":"C25B"},"9040":{"r":"N20G","t":"CL60"},"90ED":{"r":"N20NY","t":"FA20"},"9153":{"r":"N20T"},"9176":{"r":"N20UK"},"9203":{"r":"N200A","t":"GLEX"},"9219":{"r":"N200AX","t":"GALX"},"9224":{"r":"N200BH","t":"GALX"},"9229":{"r":"N200BN"},"9253":{"r":"N200DE","t":"CL60"},"9272":{"r":"N200EL","t":"GLF3"},"9278":{"r":"N200ES","t":"GL5T"},"9282":{"r":"N200FB","t":"PA31"},"929A":{"r":"N200GA","t":"GALX"},"92A3":{"r":"N200GK","t":"P28R"},"92A6":{"r":"N200GN","t":"F2TH"},"92CD":{"r":"N200JB","t":"GALX"},"9300":{"r":"N200LC","t":"GLF4"},"9324":{"r":"N200MP","t":"GALX"},"9330":{"r":"N200NA","t":"BE20"},"937F":{"r":"N200RE"},"939A":{"r":"N200SG","t":"FA50"},"93D3":{"r":"N200UP","t":"FA50"},"93D8":{"r":"N200UU","t":"B752"},"9429":{"r":"N200Y","t":"C680"},"945C":{"r":"N2000A","t":"F2TH"},"9597":{"r":"N2009A","t":"C56X"},"95F4":{"r":"N201CH","t":"BE20"},"978F":{"r":"N201UU","t":"B752"},"97BE":{"r":"N201WR","t":"F2TH"},"97EA":{"r":"N201YK"},"985B":{"r":"N2012C","t":"GLEX"},"99C2":{"r":"N202DF","t":"C680"},"99EB":{"r":"N202EX","t":"F2TH"},"9ACD":{"r":"N202PY","t":"C172"},"9B48":{"r":"N202UW","t":"B752"},"9B64":{"r":"N202VZ","t":"GLF4"},"9B75":{"r":"N202WR","t":"F900"},"9B94":{"r":"N202XX","t":"L39"},"9C77":{"r":"N20249","t":"P28T"},"9D27":{"r":"N203","t":"CL60"},"9D28":{"r":"N203A","t":"GLF5"},"9D4F":{"r":"N203BP","t":"PRM1"},"9D5E":{"r":"N203CD","t":"SR20"},"9DB5":{"r":"N203FR","t":"A320"},"9DF5":{"r":"N203JE","t":"GLEX"},"9E9F":{"r":"N203R","t":"CL60"},"9EDD":{"r":"N203TM","t":"H25B"},"9EFF":{"r":"N203UW","t":"B752"},"A084":{"r":"N2037Q","t":"BE36"},"A116":{"r":"N204CE","t":"F2TH"},"A12E":{"r":"N204DD","t":"GALX"},"A16C":{"r":"N204FR","t":"A320"},"A1B1":{"r":"N204JK","t":"CL60"},"A218":{"r":"N204NN","t":"E170"},"A24E":{"r":"N204QS","t":"F2TH"},"A2A2":{"r":"N204UA","t":"B772"},"A2B6":{"r":"N204UW","t":"B752"},"A3C4":{"r":"N2044A","t":"BE58"},"A4FD":{"r":"N205EC","t":"SR20"},"A505":{"r":"N205EL","t":"GL5T"},"A523":{"r":"N205FR","t":"A320"},"A5B0":{"r":"N205MG"},"A62C":{"r":"N205SF","t":"P32R"},"A66D":{"r":"N205UW","t":"B752"},"A712":{"r":"N2051A","t":"C25A"},"A8DA":{"r":"N206FR","t":"A320"},"A8DB":{"r":"N206FS","t":"G280"},"A9A3":{"r":"N206PS","t":"CRJ2"},"AA10":{"r":"N206UA","t":"B772"},"AA24":{"r":"N206UW","t":"B752"},"AAD2":{"r":"N2061K","t":"BE58"},"AC91":{"r":"N207FR","t":"A320"},"AD10":{"r":"N207LT"},"AD7B":{"r":"N207R","t":"CL60"},"ADBD":{"r":"N207TR","t":"FA7X"},"ADBF":{"r":"N207TT","t":"H25A"},"ADDB":{"r":"N207UW","t":"B752"},"AFC0":{"r":"N208AE","t":"C208"},"AFC1":{"r":"N208AF","t":"C208"},"AFD2":{"r":"N208AY","t":"C208"},"AFDC":{"r":"N208BH","t":"LJ60"},"B048":{"r":"N208FR","t":"A320"},"B052":{"r":"N208GA"},"B078":{"r":"N208HP","t":"PRM1"},"B0B5":{"r":"N208L","t":"H25C"},"B0C7":{"r":"N208LT","t":"CL60"},"B103":{"r":"N208PC","t":"C208"},"B132":{"r":"N208R","t":"CL60"},"B1B3":{"r":"N208WD","t":"C208"},"B3B3":{"r":"N209CQ","t":"F900"},"B3D2":{"r":"N209DW"},"B3F8":{"r":"N209FJ","t":"F900"},"B400":{"r":"N209FS","t":"G280"},"B4B9":{"r":"N209PB","t":"PC12"},"B515":{"r":"N209SU","t":"F2TH"},"B535":{"r":"N209UA","t":"B772"},"B5E7":{"r":"N20904","t":"B788"},"B730":{"r":"N21AG","t":"PA46"},"B7AB":{"r":"N21FE","t":"CL30"},"B7AF":{"r":"N21FJ","t":"GLF4"},"B7BC":{"r":"N21FX","t":"H25B"},"B85A":{"r":"N21NE","t":"GLF5"},"B85C":{"r":"N21NG","t":"C680"},"B8F5":{"r":"N21UK","t":"SR22"},"B9C0":{"r":"N210CM","t":"C560"},"B9F9":{"r":"N210EU","t":"C210"},"BA08":{"r":"N210FJ","t":"F900"},"BA0F":{"r":"N210FR","t":"A320"},"BABA":{"r":"N210NM","t":"C210"},"BB03":{"r":"N210RK","t":"H25B"},"BB1A":{"r":"N210SH","t":"P210"},"BB4E":{"r":"N210UK","t":"C210"},"BB6E":{"r":"N210VS","t":"C56X"},"BCE7":{"r":"N2107Z","t":"GLF4"},"BD8C":{"r":"N211DH","t":"GLF4"},"BD8E":{"r":"N211DK","t":"GLF4"},"BDC6":{"r":"N211FR","t":"A320"},"BDCC":{"r":"N211FX","t":"B429"},"BDCE":{"r":"N211FZ","t":"GLF4"},"BE0E":{"r":"N211JN","t":"H25A"},"BE4D":{"r":"N211MA","t":"GLF4"},"BE80":{"r":"N211PB","t":"GLEX"},"BFB2":{"r":"N21108","t":"B752"},"C183":{"r":"N212FX"},"C1F0":{"r":"N212LF","t":"GLF4"},"C1FF":{"r":"N212LW","t":"BE20"},"C237":{"r":"N212PB","t":"PC12"},"C2B2":{"r":"N212U","t":"GALX"},"C2E3":{"r":"N212VZ","t":"GLF4"},"C36B":{"r":"N2121","t":"B737"},"C37D":{"r":"N2121T","t":"AA5"},"C401":{"r":"N2125K","t":"M20T"},"C4C1":{"r":"N213BA","t":"GLF3"},"C534":{"r":"N213FR","t":"A320"},"C54E":{"r":"N213GS","t":"CL60"},"C6B4":{"r":"N213X","t":"GLF2"},"C7D6":{"r":"N2136E","t":"P28A"},"C863":{"r":"N214AE"},"C89B":{"r":"N214CL","t":"SR22"},"C8AA":{"r":"N214DA","t":"M20P"},"C8EB":{"r":"N214FR","t":"A320"},"C95C":{"r":"N214LD","t":"F2TH"},"CC39":{"r":"N215BL","t":"CL30"},"CC61":{"r":"N215DA","t":"CL30"},"CC71":{"r":"N215DS","t":"DA40"},"CD91":{"r":"N215RE","t":"F2TH"},"CDA9":{"r":"N215SD","t":"P46T"},"D059":{"r":"N216FR","t":"A320"},"D065":{"r":"N216GC","t":"P28A"},"D18F":{"r":"N216UA","t":"B772"},"D39D":{"r":"N217BA","t":"GALX"},"D3B7":{"r":"N217CB","t":"SR22"},"D3F9":{"r":"N217ET","t":"SR22"},"D405":{"r":"N217FE","t":"B722"},"D421":{"r":"N217GH","t":"CL30"},"D4A7":{"r":"N217MS","t":"G150"},"D546":{"r":"N217UA","t":"B772"},"D74B":{"r":"N218AS","t":"MD90"},"D77D":{"r":"N218CS","t":"C240"},"D77E":{"r":"N218CT","t":"SR22"},"D7A1":{"r":"N218EC","t":"GLF5"},"D81F":{"r":"N218KD","t":"GLF4"},"D85E":{"r":"N218MS"},"D8FD":{"r":"N218UA","t":"B772"},"D943":{"r":"N218WW","t":"GLF4"},"DB07":{"r":"N219AX","t":"GALX"},"DB3A":{"r":"N219CY","t":"B763"},"DB51":{"r":"N219DW","t":"SR22"},"DBEB":{"r":"N219L","t":"C25B"},"DC42":{"r":"N219PM","t":"SR22"},"DCB4":{"r":"N219UA","t":"B772"},"DDAF":{"r":"N21927","t":"C172"},"DEE1":{"r":"N22CG","t":"C441"},"DFB8":{"r":"N22LX","t":"C25A"},"DFD2":{"r":"N22MY","t":"TBM8"},"DFDB":{"r":"N22NG","t":"C750"},"DFE1":{"r":"N22NN","t":"C182"},"DFFB":{"r":"N22PP"},"E026":{"r":"N22RG","t":"C750"},"E03E":{"r":"N22SF","t":"CL60"},"E04A":{"r":"N22ST","t":"G150"},"E04F":{"r":"N22SY","t":"PA46"},"E051":{"r":"N22T","t":"F900"},"E078":{"r":"N22UP"},"E089":{"r":"N22VF","t":"P210"},"E103":{"r":"N220AB","t":"F2TH"},"E105":{"r":"N220AD","t":"SR22"},"E114":{"r":"N220AU","t":"DC10"},"E11B":{"r":"N220BA","t":"C25C"},"E124":{"r":"N220BK","t":"P32R"},"E14A":{"r":"N220CY","t":"B763"},"E152":{"r":"N220DF","t":"F2TH"},"E181":{"r":"N220FC","t":"M20P"},"E203":{"r":"N220LH","t":"GLF4"},"E281":{"r":"N220RJ","t":"SR22"},"E2C4":{"r":"N220UA","t":"B772"},"E2CF":{"r":"N220UM","t":"P46T"},"E2DC":{"r":"N220V","t":"BE55"},"E47C":{"r":"N2208L","t":"C680"},"E4F2":{"r":"N221CH","t":"SR22"},"E50A":{"r":"N221DG","t":"GLF5"},"E627":{"r":"N221QS","t":"F2TH"},"E67B":{"r":"N221UA","t":"B772"},"E6BC":{"r":"N221WR","t":"GLF3"},"E6DB":{"r":"N221XX","t":"PC12"},"E810":{"r":"N2217L","t":"C182"},"E8CE":{"r":"N222DV","t":"SR22"},"E8D7":{"r":"N222ED","t":"SR22"},"E913":{"r":"N222GP","t":"E50P"},"E97F":{"r":"N222LX","t":"GLF5"},"E985":{"r":"N222MC","t":"CL60"},"E99D":{"r":"N222NB","t":"GLF4"},"E9A1":{"r":"N222NF","t":"C25A"},"EA14":{"r":"N222SW","t":"SR22"},"EA32":{"r":"N222UA","t":"B772"},"EC2C":{"r":"N223AF","t":"HA4T"},"ECA3":{"r":"N223F","t":"FA50"},"ECA4":{"r":"N223FA","t":"H25B"},"ECBD":{"r":"N223GA","t":"GLF5"},"ECF5":{"r":"N223JG","t":"TBM8"},"ED25":{"r":"N223LE","t":"SR22"},"ED95":{"r":"N223QS","t":"F2TH"},"EDE9":{"r":"N223UA","t":"B772"},"EEA7":{"r":"N2231F","t":"C182"},"EFFE":{"r":"N224BH","t":"GLF4"},"F018":{"r":"N224CJ","t":"C525"},"F05A":{"r":"N224F","t":"CL60"},"F157":{"r":"N224RC","t":"SR22"},"F1A0":{"r":"N224UA","t":"B772"},"F3A4":{"r":"N225AR","t":"CL30"},"F3AA":{"r":"N225AX","t":"B762"},"F3B6":{"r":"N225BJ","t":"H25B"},"F3C9":{"r":"N225CC","t":"FA10"},"F3DC":{"r":"N225CX","t":"GLF4"},"F3E2":{"r":"N225DC","t":"GLF4"},"F3FD":{"r":"N225EE","t":"GLF5"},"F4C0":{"r":"N225N","t":"CL60"},"F50D":{"r":"N225RB","t":"S22T"},"F516":{"r":"N225RL","t":"SR22"},"F557":{"r":"N225UA","t":"B772"},"F5F3":{"r":"N2250G","t":"C25C"},"F766":{"r":"N226BB","t":"SR22"},"F7B2":{"r":"N226EC","t":"CL60"},"F7E1":{"r":"N226G","t":"B752"},"F824":{"r":"N226JS","t":"CRJ2"},"F86C":{"r":"N226MP","t":"GLF4"},"F90E":{"r":"N226UA","t":"B772"},"FB42":{"r":"N227CP","t":"CL60"},"FBAC":{"r":"N227GV","t":"E190"},"FBB5":{"r":"N227HD","t":"F900"},"FC81":{"r":"N227RH","t":"GLF4"},"FC97":{"r":"N227SE","t":"C680"},"FCA6":{"r":"N227SV","t":"GLF4"},"FCC5":{"r":"N227UA","t":"B772"},"FCFB":{"r":"N227WE","t":"E135"},"FCFD":{"r":"N227WG","t":"CL60"},"FDD2":{"r":"N2273Q","t":"P28A"},"FF06":{"r":"N228DB","t":"C750"},"FF0A":{"r":"N228DF","t":"SR22"},"FF3F":{"r":"N228FJ","t":"FA50"},"FFAC":{"r":"N228KT","t":"CL30"}}