{"007B":{"r":"N2929","t":"GLF5"},"00B6":{"r":"N293AY","t":"A332"},"0151":{"r":"N293HC","t":"CL30"},"0239":{"r":"N293SK","t":"E145"},"026F":{"r":"N293UP","t":"MD11"},"048B":{"r":"N294CC","t":"C25B"},"049C":{"r":"N294CV","t":"H25B"},"059C":{"r":"N294PA","t":"P28A"},"0626":{"r":"N294UP","t":"MD11"},"071B":{"r":"N2943D","t":"P28T"},"081F":{"r":"N295AT","t":"B737"},"09DD":{"r":"N295UP","t":"MD11"},"0BD6":{"r":"N296AT","t":"B737"},"0CC1":{"r":"N296LC","t":"P46T"},"0D15":{"r":"N296PM","t":"C25B"},"0D42":{"r":"N296RG","t":"F2TH"},"0D56":{"r":"N296SB","t":"CL30"},"0D94":{"r":"N296UP","t":"MD11"},"0F9F":{"r":"N297BL","t":"SR22"},"1013":{"r":"N297GB","t":"GLF4"},"1092":{"r":"N297MD","t":"B737"},"13A9":{"r":"N298EU","t":"SR22"},"1526":{"r":"N298W","t":"F900"},"16D1":{"r":"N2989M","t":"PA32"},"16F0":{"r":"N299AG","t":"M20P"},"16FB":{"r":"N299AT","t":"B737"},"1961":{"r":"N29907","t":"B788"},"199D":{"r":"N2992X","t":"COL4"},"1AC9":{"r":"N3BR","t":"BE35"},"1ACB":{"r":"N3BT","t":"PA31"},"1AF9":{"r":"N3DP","t":"GLF3"},"1B21":{"r":"N3FD","t":"ASTR"},"1B22":{"r":"N3FE","t":"CL60"},"1B39":{"r":"N3GC","t":"BE9L"},"1B4F":{"r":"N3H","t":"GLF4"},"1B51":{"r":"N3HB","t":"F900"},"1B59":{"r":"N3HK","t":"C340"},"1BB3":{"r":"N3M","t":"GLF5"},"1BE8":{"r":"N3PC","t":"GLEX"},"1BEC":{"r":"N3PG","t":"GLF5"},"1C31":{"r":"N3SA","t":"GLF4"},"1D81":{"r":"N30FL","t":"BE9L"},"1D93":{"r":"N30GD","t":"GLF4"},"1DA7":{"r":"N30GZ"},"1DF5":{"r":"N30LB","t":"F900"},"1DF9":{"r":"N30LF","t":"F2TH"},"1DFB":{"r":"N30LH","t":"GLF4"},"1E09":{"r":"N30LX","t":"GLF3"},"1EFD":{"r":"N30WR","t":"GLF3"},"1F09":{"r":"N30XC","t":"CL30"},"1F52":{"r":"N300A","t":"GLF5"},"1F61":{"r":"N300AQ","t":"LJ45"},"1F64":{"r":"N300AT","t":"B737"},"1F83":{"r":"N300BZ","t":"CL30"},"1F94":{"r":"N300CR","t":"GLF4"},"1FA4":{"r":"N300DG","t":"CL30"},"1FC7":{"r":"N300ES","t":"GLF4"},"1FD8":{"r":"N300FJ"},"1FDA":{"r":"N300FL","t":"E55P"},"1FF0":{"r":"N300GH","t":"C550"},"1FF4":{"r":"N300GM","t":"CL30"},"1FF6":{"r":"N300GP","t":"CL30"},"201B":{"r":"N300JA","t":"GLF4"},"201E":{"r":"N300JD","t":"C750"},"2033":{"r":"N300K","t":"GLF5"},"204C":{"r":"N300L","t":"GLF5"},"207C":{"r":"N300MY","t":"CL30"},"20C1":{"r":"N300QS","t":"C680"},"20C9":{"r":"N300R","t":"E55P"},"20EE":{"r":"N300SM","t":"CL30"},"2110":{"r":"N300TW","t":"CL60"},"211D":{"r":"N300UJ","t":"GLF3"},"215D":{"r":"N300WY","t":"GLF3"},"21AC":{"r":"N3000B","t":"TEX2"},"2312":{"r":"N301AJ","t":"C510"},"2363":{"r":"N301DQ","t":"B737"},"23A0":{"r":"N301GA","t":"C180"},"23EA":{"r":"N301K","t":"GLF5"},"24B9":{"r":"N301TG","t":"E55P"},"24D9":{"r":"N301UP","t":"B763"},"2695":{"r":"N30183","t":"C208"},"26CA":{"r":"N302AK","t":"GLEX"},"271A":{"r":"N302DQ","t":"B737"},"2742":{"r":"N302FE","t":"DC10"},"2837":{"r":"N302R","t":"CL30"},"2862":{"r":"N302ST","t":"GLF3"},"2890":{"r":"N302UP","t":"B763"},"2AD1":{"r":"N303DQ","t":"B737"},"2AEE":{"r":"N303EU","t":"BE58"},"2AF9":{"r":"N303FE","t":"DC10"},"2C2E":{"r":"N303TP","t":"GLF4"},"2C47":{"r":"N303UP","t":"B763"},"2C7C":{"r":"N303WS","t":"CL30"},"2D29":{"r":"N3032V","t":"C208"},"2D69":{"r":"N3034P","t":"C208"},"2E63":{"r":"N304CC","t":"GLEX"},"2E88":{"r":"N304DQ","t":"B737"},"2EB0":{"r":"N304FE","t":"DC10"},"2EB6":{"r":"N304FL","t":"E55P"},"2FFE":{"r":"N304UP","t":"B763"},"321A":{"r":"N305CC","t":"GLEX"},"321D":{"r":"N305CF","t":"GLF4"},"3222":{"r":"N305CL","t":"CL30"},"323F":{"r":"N305DQ","t":"B737"},"3267":{"r":"N305FE","t":"DC10"},"327C":{"r":"N305GA","t":"G150"},"32EB":{"r":"N305LM","t":"GLF4"},"330E":{"r":"N305MX"},"333C":{"r":"N305PT","t":"SR22"},"3378":{"r":"N305SC","t":"H25B"},"3391":{"r":"N305TC","t":"GLF4"},"33B5":{"r":"N305UP","t":"B763"},"33E5":{"r":"N305WM","t":"CL30"},"343D":{"r":"N3050","t":"GLF5"},"3594":{"r":"N30593","t":"C210"},"35F6":{"r":"N306DQ","t":"B737"},"361E":{"r":"N306FE","t":"DC10"},"3624":{"r":"N306FL","t":"E55P"},"3666":{"r":"N306JB","t":"E190"},"3674":{"r":"N306JR","t":"C25A"},"3757":{"r":"N306TT","t":"GLF4"},"376C":{"r":"N306UP","t":"B763"},"3965":{"r":"N307AT","t":"B737"},"39AD":{"r":"N307DQ","t":"B737"},"39D5":{"r":"N307FE","t":"DC10"},"39DB":{"r":"N307FL"},"3B23":{"r":"N307UP","t":"B763"},"3D0C":{"r":"N308AB","t":"GLF4"},"3D1C":{"r":"N308AT","t":"B737"},"3D45":{"r":"N308CJ","t":"C208"},"3D4C":{"r":"N308CR","t":"CL60"},"3D52":{"r":"N308CX","t":"C750"},"3D5A":{"r":"N308DE","t":"B737"},"3D8C":{"r":"N308FE","t":"DC10"},"3DB2":{"r":"N308GT","t":"C25B"},"3E26":{"r":"N308MJ","t":"E55P"},"3E85":{"r":"N308RD","t":"DH8A"},"3EAC":{"r":"N308ST","t":"P46T"},"3ECC":{"r":"N308U","t":"F2TH"},"3EDA":{"r":"N308UP","t":"B763"},"40D3":{"r":"N309AT","t":"B737"},"4111":{"r":"N309DE","t":"B737"},"41E5":{"r":"N309MS","t":"B734"},"4291":{"r":"N309UP","t":"B763"},"4358":{"r":"N30913","t":"B788"},"46DA":{"r":"N310AJ","t":"C310"},"4721":{"r":"N310DE","t":"B737"},"473E":{"r":"N310EJ","t":"GLF4"},"4740":{"r":"N310EL","t":"GLF4"},"4768":{"r":"N310GA"},"476E":{"r":"N310GG","t":"C310"},"4770":{"r":"N310GJ","t":"GLF4"},"47F5":{"r":"N310MS","t":"B734"},"4884":{"r":"N310TK","t":"CL60"},"4893":{"r":"N310U","t":"F2TH"},"48A1":{"r":"N310UP","t":"B763"},"494A":{"r":"N31008","t":"P32R"},"4A8F":{"r":"N311AG","t":"B721"},"4A9A":{"r":"N311AT","t":"B737"},"4AAF":{"r":"N311BP","t":"FA50"},"4AC1":{"r":"N311CG","t":"GLF5"},"4AF7":{"r":"N311EL","t":"GLF4"},"4B10":{"r":"N311FL"},"4B51":{"r":"N311JA","t":"F900"},"4C3B":{"r":"N311TK","t":"GLF5"},"4C58":{"r":"N311UP","t":"B763"},"4CE2":{"r":"N3110B"},"4D68":{"r":"N31136","t":"P46T"},"4D8A":{"r":"N31145","t":"P46T"},"4DDE":{"r":"N3117J","t":"PA46"},"4E40":{"r":"N312AA","t":"B762"},"4E4B":{"r":"N312AM","t":"CL60"},"4E51":{"r":"N312AT","t":"B737"},"4EAE":{"r":"N312EL","t":"GLF4"},"4EC1":{"r":"N312FE","t":"DC10"},"4EC7":{"r":"N312FL","t":"E55P"},"4F3A":{"r":"N312LA","t":"B763"},"4F84":{"r":"N312P","t":"F900"},"4F98":{"r":"N312PV","t":"F900"},"4FD1":{"r":"N312SB","t":"C25A"},"500F":{"r":"N312UP","t":"B763"},"5208":{"r":"N313AT","t":"B737"},"520A":{"r":"N313AV","t":"F2TH"},"5210":{"r":"N313BA","t":"BE30"},"522B":{"r":"N313CC","t":"F2TH"},"5252":{"r":"N313DS","t":"CL30"},"5278":{"r":"N313FE","t":"DC10"},"52CF":{"r":"N313JS"},"5373":{"r":"N313RF","t":"GLEX"},"5374":{"r":"N313RG","t":"GLF5"},"53C6":{"r":"N313UP","t":"B763"},"562F":{"r":"N314FE","t":"DC10"},"5635":{"r":"N314FL"},"5759":{"r":"N314TC","t":"H25B"},"577D":{"r":"N314UP","t":"B763"},"5965":{"r":"N315AA","t":"B762"},"5976":{"r":"N315AT","t":"B737"},"599B":{"r":"N315CE","t":"SR22"},"599F":{"r":"N315CJ","t":"C25B"},"59A6":{"r":"N315CR","t":"AT43"},"59E6":{"r":"N315FE","t":"DC10"},"5A81":{"r":"N315MK","t":"GLF4"},"5AA9":{"r":"N315P","t":"C310"},"5AE2":{"r":"N315RG","t":"GLF5"},"5B06":{"r":"N315ST","t":"B752"},"5B1E":{"r":"N315TS","t":"B737"},"5B34":{"r":"N315UP","t":"B763"},"5D2D":{"r":"N316AT","t":"B737"},"5D38":{"r":"N316BD","t":"C25B"},"5D59":{"r":"N316CM","t":"B763"},"5D70":{"r":"N316DK"},"5D9D":{"r":"N316FE","t":"DC10"},"5DA3":{"r":"N316FL","t":"E55P"},"5DC2":{"r":"N316GS","t":"GLEX"},"5DE5":{"r":"N316JB","t":"E190"},"5EBC":{"r":"N316SS","t":"F900"},"5ED1":{"r":"N316TN","t":"M20T"},"5EEB":{"r":"N316UP","t":"B763"},"5F0F":{"r":"N316W","t":"B350"},"6107":{"r":"N317CC","t":"H25B"},"6110":{"r":"N317CM","t":"B763"},"6154":{"r":"N317FE","t":"DC10"},"615A":{"r":"N317FL","t":"E50P"},"61A6":{"r":"N317JM","t":"C560"},"61EE":{"r":"N317MJ","t":"GLF4"},"61F0":{"r":"N317ML","t":"C56X"},"62A2":{"r":"N317UP","t":"B763"},"62BB":{"r":"N317VP"},"6490":{"r":"N318AG","t":"GLF5"},"649B":{"r":"N318AT","t":"B737"},"64C9":{"r":"N318CP","t":"SR22"},"650B":{"r":"N318FE","t":"DC10"},"6511":{"r":"N318FL","t":"E55P"},"663B":{"r":"N318TJ","t":"SR22"},"6659":{"r":"N318UP","t":"B763"},"66AC":{"r":"N318XX","t":"GLF5"},"6756":{"r":"N3183M","t":"C414"},"680F":{"r":"N3188X","t":"H25B"},"687E":{"r":"N319CM","t":"B763"},"68C2":{"r":"N319FE","t":"DC10"},"68C8":{"r":"N319FL","t":"E55P"},"6A10":{"r":"N319UP","t":"B763"},"6AF7":{"r":"N31920","t":"P32R"},"6B95":{"r":"N3197H","t":"HA4T"},"6C14":{"r":"N32BD","t":"GLF5"},"6C33":{"r":"N32CK","t":"PA46"},"6D13":{"r":"N32MJ","t":"GLF3"},"6D3D":{"r":"N32PA","t":"LJ35"},"6D4C":{"r":"N32PR"},"6DAC":{"r":"N32TM","t":"GALX"},"6ED2":{"r":"N320FE","t":"DC10"},"6EFC":{"r":"N320GX","t":"GLEX"},"6F73":{"r":"N320MR","t":"PA30"},"7020":{"r":"N320UP","t":"B763"},"7249":{"r":"N321CR","t":"PA46"},"7289":{"r":"N321FE","t":"DC10"},"72F3":{"r":"N321KL"},"73FB":{"r":"N321W","t":"SR20"},"746C":{"r":"N3210N","t":"H25B"},"755B":{"r":"N3217G","t":"H25B"},"75FE":{"r":"N322CP","t":"F900"},"763C":{"r":"N322FA","t":"GLEX"},"7646":{"r":"N322FL","t":"E55P"},"7750":{"r":"N322SB"},"7755":{"r":"N322SG","t":"B744"},"778E":{"r":"N322UP","t":"B763"},"7992":{"r":"N323BD","t":"GLF5"},"79E0":{"r":"N323EG","t":"F2TH"},"7B0E":{"r":"N323SJ"},"7B45":{"r":"N323UP","t":"B763"},"7B48":{"r":"N323US","t":"A320"},"7D45":{"r":"N324B","t":"CL60"},"7D74":{"r":"N324CX","t":"GLF5"},"7DB4":{"r":"N324FL","t":"E55P"},"7DB7":{"r":"N324FP","t":"GLF4"},"7DEC":{"r":"N324HS","t":"C510"},"7E05":{"r":"N324JS","t":"TBM7"},"7EFC":{"r":"N324UP","t":"B763"},"80FC":{"r":"N325B","t":"F2TH"},"8171":{"r":"N325FS"},"82B3":{"r":"N325UP","t":"B763"},"82B6":{"r":"N325US","t":"A320"},"84AC":{"r":"N326AT","t":"B737"},"84B2":{"r":"N326AZ","t":"GLF4"},"8513":{"r":"N326EW","t":"F2TH"},"8566":{"r":"N326JD","t":"GLF4"},"85A9":{"r":"N326LW","t":"F2TH"},"8644":{"r":"N326TA","t":"SIRA"},"866A":{"r":"N326UP","t":"B763"},"89F5":{"r":"N327SV","t":"C680"},"8A05":{"r":"N327TL","t":"GLF4"},"8A21":{"r":"N327UP","t":"B763"},"8C1A":{"r":"N328AT","t":"B737"},"8D27":{"r":"N328MM","t":"GLF5"},"8DD8":{"r":"N328UP","t":"B763"},"8FD1":{"r":"N329AT","t":"B737"},"8FF7":{"r":"N329CF","t":"C25C"},"9089":{"r":"N329JB","t":"E190"},"918F":{"r":"N329UP","t":"B763"},"93C1":{"r":"N33D","t":"F2TH"},"9473":{"r":"N33LC","t":"F900"},"9489":{"r":"N33M","t":"GLF5"},"94B0":{"r":"N33NP","t":"C510"},"94B7":{"r":"N33NW"},"94C9":{"r":"N33PP","t":"B06"},"9554":{"r":"N33VC","t":"HA4T"},"9588":{"r":"N33XE","t":"GLF5"},"95D6":{"r":"N330AG","t":"E55P"},"95E1":{"r":"N330AT","t":"B737"},"9621":{"r":"N330DG"},"971E":{"r":"N330PK","t":"C25B"},"979F":{"r":"N330UP","t":"B763"},"97D3":{"r":"N330WR","t":"GLF3"},"99D4":{"r":"N331DC","t":"F2TH"},"9A9C":{"r":"N331MC","t":"F900"},"9B56":{"r":"N331UP","t":"B763"},"9BFA":{"r":"N33103","t":"B752"},"9C62":{"r":"N33132","t":"B752"},"9D6B":{"r":"N332BW","t":"SR22"},"9DD0":{"r":"N332FX","t":"CL60"},"9E5C":{"r":"N332MM","t":"GLF5"},"9E7E":{"r":"N332NW","t":"A320"},"9ECF":{"r":"N332SB","t":"C25B"},"9F0D":{"r":"N332UP","t":"B763"},"A144":{"r":"N333DE","t":"M20T"},"A150":{"r":"N333DS","t":"CL60"},"A15B":{"r":"N333EC","t":"GLF4"},"A211":{"r":"N333MK","t":"M20T"},"A250":{"r":"N333PY","t":"GLF4"},"A29C":{"r":"N333SZ","t":"GLF4"},"A3C1":{"r":"N3333M","t":"C340"},"A44A":{"r":"N3337J","t":"CL30"},"A4B1":{"r":"N334AF","t":"LJ45"},"A53E":{"r":"N334FX","t":"CL60"},"A67B":{"r":"N334UP","t":"B763"},"A873":{"r":"N335AS"},"A8F5":{"r":"N335FX","t":"CL60"},"A967":{"r":"N335LL","t":"GLF4"},"A96D":{"r":"N335LS"},"AA32":{"r":"N335UP","t":"B763"},"AC2B":{"r":"N336AT","t":"B737"},"ACAC":{"r":"N336FX","t":"CL60"},"ADE9":{"r":"N336UP","t":"B763"},"AFE2":{"r":"N337AT","t":"B737"},"B005":{"r":"N337CC","t":"C560"},"B063":{"r":"N337FX","t":"CL60"},"B09A":{"r":"N337JB","t":"E190"},"B17F":{"r":"N337TF","t":"P46T"},"B185":{"r":"N337TM","t":"SR22"},"B1A0":{"r":"N337UP","t":"B763"},"B399":{"r":"N338AT","t":"B737"},"B3D4":{"r":"N338DB","t":"PA46"},"B41A":{"r":"N338FX","t":"CL60"},"B4A6":{"r":"N338MM","t":"GLF4"},"B53E":{"r":"N338TP","t":"GLEX"},"B548":{"r":"N338TZ","t":"GLF4"},"B557":{"r":"N338UP","t":"B763"},"B722":{"r":"N3389H","t":"GL5T"},"B7D1":{"r":"N339FX","t":"CL60"},"B90E":{"r":"N339UP","t":"B763"},"BB73":{"r":"N34FA"},"BC72":{"r":"N34RF","t":"BE9L"},"BCB7":{"r":"N34U","t":"GLEX"},"BD12":{"r":"N34XR","t":"LJ45"},"BDE1":{"r":"N340FX","t":"CL60"},"BDEA":{"r":"N340GF","t":"GL5T"},"BDEB":{"r":"N340GG","t":"C340"},"BDED":{"r":"N340GJ","t":"C340"},"BEF2":{"r":"N340SV","t":"C340"},"BF1E":{"r":"N340UP","t":"B763"},"BF82":{"r":"N340YP","t":"C340"},"BF9E":{"r":"N340ZS","t":"C340"},"C113":{"r":"N341AP","t":"F2TH"},"C19C":{"r":"N341GA"},"C2D5":{"r":"N341UP","t":"B763"},"C3E0":{"r":"N34131","t":"B752"},"C3E6":{"r":"N34137","t":"B752"},"C4C9":{"r":"N342AN","t":"B763"},"C4CA":{"r":"N342AP","t":"GLF4"},"C4D0":{"r":"N342AV","t":"A332"},"C4D2":{"r":"N342AX","t":"B763"},"C500":{"r":"N342CT","t":"B737"},"C54F":{"r":"N342FX","t":"CL60"},"C68C":{"r":"N342UP","t":"B763"},"C71D":{"r":"N3420J","t":"BE20"},"C880":{"r":"N343AN","t":"B763"},"C883":{"r":"N343AR","t":"GLF5"},"C8C4":{"r":"N343DF","t":"GLEX"},"C906":{"r":"N343FX","t":"CL60"},"C98D":{"r":"N343MG","t":"F900"},"C9FA":{"r":"N343RR","t":"PA46"},"CA1E":{"r":"N343TB","t":"TRIN"},"CA43":{"r":"N343UP","t":"B763"},"CC2B":{"r":"N344AA","t":"GLF4"},"CC37":{"r":"N344AN","t":"B763"},"CC3C":{"r":"N344AT","t":"B737"},"CD7A":{"r":"N344PL","t":"E55P"},"CDB2":{"r":"N344RS","t":"GLF5"},"CDFA":{"r":"N344UP","t":"B763"},"CF4F":{"r":"N34455","t":"B739"},"CFE2":{"r":"N345AA","t":"GLF4"},"CFEE":{"r":"N345AN","t":"B763"},"D05E":{"r":"N345F"},"D07A":{"r":"N345GC","t":"ASTR"},"D082":{"r":"N345GL","t":"GLF2"},"D0DE":{"r":"N345LC","t":"GLF5"},"D0ED":{"r":"N345LT","t":"C25B"},"D163":{"r":"N345RL","t":"LJ45"},"D18C":{"r":"N345TB","t":"TRIN"},"D1B1":{"r":"N345UP","t":"B763"},"D1F0":{"r":"N345XB","t":"CL60"},"D3A5":{"r":"N346AN","t":"B763"},"D3B2":{"r":"N346BA","t":"BE20"},"D3F8":{"r":"N346DW","t":"C340"},"D474":{"r":"N346JV","t":"P46T"},"D4E0":{"r":"N346PC","t":"F2TH"},"D568":{"r":"N346UP","t":"B763"},"D70C":{"r":"N3468D","t":"BE40"},"D75C":{"r":"N347AN","t":"B763"},"D91F":{"r":"N347UP","t":"B763"},"DB13":{"r":"N348AN","t":"B763"},"DCC0":{"r":"N348TS","t":"SR22"},"DCD6":{"r":"N348UP","t":"B763"},"DEC7":{"r":"N349AK","t":"HA4T"},"DECA":{"r":"N349AN","t":"B763"},"DF6C":{"r":"N349H","t":"F900"},"DF95":{"r":"N349JR","t":"CL60"},"DF9E":{"r":"N349K","t":"GLF4"},"E00A":{"r":"N349PH","t":"DH8B"},"E08D":{"r":"N349UP","t":"B763"},"E19E":{"r":"N34937","t":"C177"},"E213":{"r":"N3497J","t":"H25B"},"E27B":{"r":"N35AG","t":"A109"},"E27F":{"r":"N35AL","t":"DA42"},"E322":{"r":"N35GZ","t":"GLF3"},"E403":{"r":"N35RZ","t":"F900"},"E469":{"r":"N35WA"},"E47F":{"r":"N35WY","t":"PC12"},"E4B1":{"r":"N35YY"},"E4DA":{"r":"N350AN","t":"B763"},"E533":{"r":"N350EB","t":"B350"},"E547":{"r":"N350EX","t":"FBA2"},"E554":{"r":"N350FK","t":"GLF4"},"E614":{"r":"N350PB","t":"PA31"},"E624":{"r":"N350PT","t":"B350"},"E648":{"r":"N350RD","t":"B350"},"E69D":{"r":"N350UP","t":"B763"},"E885":{"r":"N351AA","t":"B763"},"E88D":{"r":"N351AJ","t":"C25B"},"E89A":{"r":"N351AX","t":"B763"},"E8B8":{"r":"N351CB","t":"BE20"},"EA22":{"r":"N351SP","t":"H25B"},"EA54":{"r":"N351UP","t":"B763"},"EA68":{"r":"N351VJ","t":"CL35"},"EC3C":{"r":"N352AA","t":"B763"},"EC40":{"r":"N352AE","t":"F900"},"EC41":{"r":"N352AF","t":"F900"},"EC49":{"r":"N352AP","t":"CL60"},"EC57":{"r":"N352BC","t":"B350"},"EC5C":{"r":"N352BH","t":"GLF4"},"EC71":{"r":"N352CD","t":"SR22"},"EC79":{"r":"N352CM","t":"PA46"},"EE0B":{"r":"N352UP","t":"B763"},"EE31":{"r":"N352WB","t":"FA50"},"EFA2":{"r":"N35271","t":"B738"},"EFF3":{"r":"N353AA","t":"B763"},"F004":{"r":"N353AT","t":"B737"},"F106":{"r":"N353MA","t":"GLF3"},"F13A":{"r":"N353PC","t":"CL30"},"F13F":{"r":"N353PH","t":"DH8B"},"F1C2":{"r":"N353UP","t":"B763"},"F1CE":{"r":"N353VA","t":"GLF3"},"F1E9":{"r":"N353WC","t":"C750"},"F31C":{"r":"N3536"},"F362":{"r":"N3538","t":"BE10"},"F3AA":{"r":"N354AA","t":"B763"},"F3BB":{"r":"N354AT","t":"B737"},"F3E4":{"r":"N354CJ","t":"C25B"},"F579":{"r":"N354UP","t":"B763"},"F6D3":{"r":"N3546","t":"GLF5"},"F708":{"r":"N3547T","t":"C206"},"F761":{"r":"N355AA","t":"B763"},"F80B":{"r":"N355GW","t":"C172"},"F876":{"r":"N355MC","t":"B743"},"F8B1":{"r":"N355PM","t":"P46T"},"F930":{"r":"N355UP","t":"B763"},"FB40":{"r":"N356BR","t":"GLF3"},"FB94":{"r":"N356F","t":"TBM7"},"FCE7":{"r":"N356UP","t":"B763"},"FECF":{"r":"N357AA","t":"B763"},"FF50":{"r":"N357FE","t":"DC10"},"FFBB":{"r":"N357KM","t":"GLF3"}}