{"0023":{"r":"N357PR","t":"GLF3"},"0050":{"r":"N357RL","t":"B350"},"007C":{"r":"N357TE","t":"E135"},"009E":{"r":"N357UP","t":"B763"},"0286":{"r":"N358AA","t":"B763"},"0307":{"r":"N358FE","t":"DC10"},"03AA":{"r":"N358MT","t":"B738"},"03CA":{"r":"N358P","t":"LJ60"},"0455":{"r":"N358UP","t":"B763"},"05B3":{"r":"N3586D","t":"PA31"},"063D":{"r":"N359AA","t":"B763"},"0671":{"r":"N359CC","t":"C56X"},"06BE":{"r":"N359FE","t":"DC10"},"06CF":{"r":"N359FX","t":"E55P"},"080C":{"r":"N359UP","t":"B763"},"0817":{"r":"N359V","t":"CL60"},"0978":{"r":"N3596T","t":"AC50"},"0A3F":{"r":"N36DA","t":"GLF3"},"0A65":{"r":"N36EP","t":"F2TH"},"0A6A":{"r":"N36EU"},"0A74":{"r":"N36FD","t":"EA50"},"0A9D":{"r":"N36GV","t":"GLF5"},"0AF4":{"r":"N36LG","t":"GLEX"},"0B7A":{"r":"N36RR","t":"GLF2"},"0B96":{"r":"N36SU","t":"BE36"},"0BA4":{"r":"N36TH","t":"F2TH"},"0BB1":{"r":"N36TW","t":"PA31"},"0C4B":{"r":"N360","t":"CL60"},"0C4D":{"r":"N360AA","t":"B763"},"0C6E":{"r":"N360BJ","t":"B737"},"0C88":{"r":"N360CK","t":"C25B"},"0CCE":{"r":"N360FE","t":"DC10"},"0D0C":{"r":"N360HS","t":"C560"},"0D47":{"r":"N360LA","t":"GLEX"},"0D92":{"r":"N360PA","t":"CL30"},"0D9B":{"r":"N360PK","t":"C25A"},"0D9C":{"r":"N360PL","t":"CL60"},"0DE7":{"r":"N360SL","t":"CL60"},"0DF9":{"r":"N360TD","t":"C25B"},"0E1C":{"r":"N360UP","t":"B763"},"0E41":{"r":"N360WA","t":"B733"},"0EBA":{"r":"N3600X","t":"SR22"},"1004":{"r":"N361AA","t":"B763"},"104F":{"r":"N361DA","t":"A320"},"1068":{"r":"N361EA","t":"BE20"},"1085":{"r":"N361FE","t":"DC10"},"10E4":{"r":"N361K","t":"F900"},"11D3":{"r":"N361UP","t":"B763"},"1379":{"r":"N3618F","t":"A319"},"13BB":{"r":"N362AA","t":"B763"},"13F8":{"r":"N362CM"},"1407":{"r":"N362DB"},"143C":{"r":"N362FE","t":"DC10"},"14E8":{"r":"N362NB","t":"A319"},"1722":{"r":"N36272","t":"B738"},"1772":{"r":"N363AA","t":"B763"},"177F":{"r":"N363AP","t":"C680"},"17AF":{"r":"N363CM"},"17D6":{"r":"N363EA","t":"BE20"},"17F3":{"r":"N363FE","t":"DC10"},"1849":{"r":"N363JR","t":"P46T"},"1897":{"r":"N363MU","t":"C510"},"1944":{"r":"N363US","t":"M20T"},"1AB6":{"r":"N36362","t":"C180"},"1B39":{"r":"N364AS","t":"B744"},"1B66":{"r":"N364CM","t":"B763"},"1DBA":{"r":"N3641Y","t":"AEST"},"1E29":{"r":"N36444","t":"B739"},"1E2C":{"r":"N36447","t":"B739"},"1E90":{"r":"N36472","t":"B739"},"1F1A":{"r":"N365CJ","t":"GLEX"},"1F1D":{"r":"N365CM","t":"B763"},"1F61":{"r":"N365FE","t":"DC10"},"20D4":{"r":"N365WA","t":"C550"},"2297":{"r":"N366AA","t":"B763"},"22CC":{"r":"N366CD","t":"SR22"},"22E7":{"r":"N366DF","t":"E145"},"2318":{"r":"N366FE","t":"DC10"},"235F":{"r":"N366JA","t":"GLF3"},"25DE":{"r":"N36665","t":"BE36"},"26CF":{"r":"N367FE","t":"DC10"},"27F9":{"r":"N367TC"},"2A05":{"r":"N368AA","t":"B763"},"2A0B":{"r":"N368AG","t":"GLF4"},"2A86":{"r":"N368FE","t":"DC10"},"2ABD":{"r":"N368HK","t":"GLEX"},"2B53":{"r":"N368PK"},"2DBC":{"r":"N369AA","t":"B763"},"2E1F":{"r":"N369E","t":"H500"},"2F5D":{"r":"N369ST","t":"PA46"},"3289":{"r":"N37MD","t":"F2TH"},"32B5":{"r":"N37NY","t":"B734"},"32FB":{"r":"N37RT","t":"PA46"},"3345":{"r":"N37US","t":"PA34"},"334F":{"r":"N37VB","t":"C421"},"337C":{"r":"N37WX","t":"FA50"},"33CC":{"r":"N370AA","t":"B763"},"33E7":{"r":"N370BC","t":"B732"},"343A":{"r":"N370EL","t":"CL30"},"344D":{"r":"N370FE","t":"DC10"},"3585":{"r":"N370TS","t":"CL60"},"3667":{"r":"N37018","t":"B772"},"3677":{"r":"N3702P","t":"PA22"},"3783":{"r":"N371AA","t":"B763"},"3789":{"r":"N371AG"},"379E":{"r":"N371BC","t":"B738"},"3804":{"r":"N371FE","t":"DC10"},"380D":{"r":"N371FP","t":"GLF4"},"3818":{"r":"N371G","t":"CL60"},"384D":{"r":"N371JC","t":"GLF5"},"3AEA":{"r":"N37172","t":"BE30"},"3B1F":{"r":"N3719K"},"3B3A":{"r":"N372AA","t":"B763"},"3B4A":{"r":"N372AS","t":"G150"},"3B59":{"r":"N372BG","t":"GLF5"},"3BBB":{"r":"N372FE","t":"DC10"},"3BCF":{"r":"N372G","t":"CL60"},"3DAA":{"r":"N37200","t":"BE9L"},"3EA2":{"r":"N37273","t":"B738"},"3EA3":{"r":"N37274","t":"B738"},"3EA6":{"r":"N37277","t":"B738"},"3EC9":{"r":"N37287","t":"B738"},"3EE8":{"r":"N37293","t":"B738"},"3EED":{"r":"N37298","t":"B738"},"3EF1":{"r":"N373AA","t":"B763"},"3EF2":{"r":"N373AB","t":"C750"},"3F48":{"r":"N373DN","t":"FA20"},"3F72":{"r":"N373FE","t":"DC10"},"3F86":{"r":"N373G","t":"CL60"},"3F87":{"r":"N373GA","t":"GALX"},"4069":{"r":"N373RB"},"4078":{"r":"N373RS","t":"FA50"},"4082":{"r":"N373SB","t":"GLEX"},"421A":{"r":"N3736","t":"CL60"},"42A8":{"r":"N374AA","t":"B763"},"433D":{"r":"N374G","t":"CL60"},"4447":{"r":"N374SR","t":"SR22"},"453E":{"r":"N37413","t":"B739"},"4544":{"r":"N37419","t":"B739"},"455E":{"r":"N37420","t":"B739"},"4560":{"r":"N37422","t":"B739"},"4565":{"r":"N37427","t":"B739"},"4585":{"r":"N37434","t":"B739"},"4588":{"r":"N37437","t":"B739"},"45CD":{"r":"N37456","t":"B739"},"45EC":{"r":"N37462","t":"B739"},"45EF":{"r":"N37465","t":"B739"},"45F0":{"r":"N37466","t":"B739"},"45F2":{"r":"N37468","t":"B739"},"460D":{"r":"N37470","t":"B739"},"46E0":{"r":"N375FE","t":"DC10"},"46F4":{"r":"N375G","t":"GLEX"},"47F1":{"r":"N375SC","t":"F900"},"4854":{"r":"N375WB","t":"GL5T"},"4973":{"r":"N3755P","t":"C130"},"4A22":{"r":"N376AN","t":"B763"},"4AAB":{"r":"N376G","t":"GL5T"},"4DD9":{"r":"N377AN","t":"B763"},"4E07":{"r":"N377CJ","t":"B737"},"4E4E":{"r":"N377FE","t":"DC10"},"4E6E":{"r":"N377GM","t":"F2TH"},"5072":{"r":"N3772H","t":"B738"},"5091":{"r":"N3773D","t":"B738"},"5190":{"r":"N378AN","t":"B763"},"5199":{"r":"N378AX","t":"B763"},"527D":{"r":"N378L","t":"GLF5"},"5298":{"r":"N378MB","t":"GLF3"},"54B5":{"r":"N3786H"},"54F5":{"r":"N3788B","t":"GLF5"},"553B":{"r":"N379AA","t":"B763"},"5586":{"r":"N379DA","t":"B738"},"55D0":{"r":"N379G","t":"GLEX"},"55D1":{"r":"N379GA"},"56D6":{"r":"N379SM","t":"C25B"},"5963":{"r":"N38EP","t":"SR22"},"5A2E":{"r":"N38NS","t":"C560"},"5B57":{"r":"N380AN","t":"B763"},"5B5A":{"r":"N380AR","t":"C25A"},"5B8C":{"r":"N380CR","t":"C525"},"5BEE":{"r":"N380GP","t":"H25B"},"5BFA":{"r":"N380HA","t":"A332"},"5D3F":{"r":"N380WA","t":"MD11"},"5F0E":{"r":"N381AN","t":"B763"},"5F83":{"r":"N381FE","t":"DC10"},"5FAD":{"r":"N381GX","t":"GLEX"},"5FB1":{"r":"N381HA","t":"A332"},"60F6":{"r":"N381WA","t":"MD11"},"618A":{"r":"N3811P","t":"P210"},"62C2":{"r":"N382AK","t":"GLEX"},"62C5":{"r":"N382AN","t":"B763"},"634E":{"r":"N382G","t":"GALX"},"6368":{"r":"N382HA","t":"A332"},"64AD":{"r":"N382WA","t":"MD11"},"65DF":{"r":"N38257","t":"B738"},"667C":{"r":"N383AN","t":"B763"},"66AA":{"r":"N383CJ","t":"C25B"},"66F1":{"r":"N383FE","t":"DC10"},"671F":{"r":"N383HA","t":"A332"},"6738":{"r":"N383JA","t":"GLF5"},"675A":{"r":"N383KK","t":"GLF4"},"6772":{"r":"N383LJ","t":"LJ60"},"677A":{"r":"N383LS","t":"GLF5"},"6864":{"r":"N383WA","t":"MD11"},"6A27":{"r":"N384AA","t":"B763"},"6A41":{"r":"N384BB","t":"GLF3"},"6AA8":{"r":"N384FE","t":"DC10"},"6AD6":{"r":"N384HA","t":"A332"},"6B47":{"r":"N384MP","t":"CL60"},"6C1B":{"r":"N384WA","t":"MD11"},"6CC1":{"r":"N38417","t":"B739"},"6CE1":{"r":"N38424","t":"B739"},"6D26":{"r":"N38443","t":"B739"},"6D29":{"r":"N38446","t":"B739"},"6D47":{"r":"N38451","t":"B739"},"6D4A":{"r":"N38454","t":"B739"},"6D4E":{"r":"N38458","t":"B739"},"6D4F":{"r":"N38459","t":"B739"},"6D8F":{"r":"N38473","t":"B739"},"6DE9":{"r":"N385AM","t":"B763"},"6E21":{"r":"N385CT","t":"CL60"},"6E5F":{"r":"N385FE","t":"DC10"},"6E81":{"r":"N385GP","t":"GLF4"},"6E8D":{"r":"N385HA","t":"A332"},"6F26":{"r":"N385PD","t":"GLF4"},"6FDC":{"r":"N385WL","t":"GLF5"},"7195":{"r":"N386AA","t":"B763"},"7216":{"r":"N386FE","t":"DC10"},"7244":{"r":"N386HA","t":"A332"},"7260":{"r":"N386JD","t":"GLF4"},"7478":{"r":"N3864"},"7557":{"r":"N387AM","t":"B763"},"7561":{"r":"N387AX","t":"B763"},"75CD":{"r":"N387FE","t":"DC10"},"7809":{"r":"N38727","t":"B737"},"7898":{"r":"N3877","t":"GLEX"},"7903":{"r":"N388AA","t":"B763"},"7905":{"r":"N388AC","t":"GLF5"},"7935":{"r":"N388CA","t":"GLF4"},"79A9":{"r":"N388GS","t":"F900"},"79B2":{"r":"N388HA","t":"A332"},"7A0D":{"r":"N388LS","t":"L101"},"7A21":{"r":"N388MM","t":"GLF3"},"7A7F":{"r":"N388RF","t":"GL5T"},"7B07":{"r":"N388WS","t":"CL30"},"7CBA":{"r":"N389AA","t":"B763"},"7D3B":{"r":"N389FE","t":"DC10"},"7D69":{"r":"N389HA","t":"A332"},"7FDE":{"r":"N38955","t":"B789"},"806F":{"r":"N39"},"8074":{"r":"N39AD","t":"BE36"},"80A6":{"r":"N39CD","t":"CL60"},"81AA":{"r":"N39NP","t":"F900"},"82CA":{"r":"N390AA","t":"B763"},"8316":{"r":"N390DB","t":"CL30"},"8340":{"r":"N390EU","t":"PRM1"},"834B":{"r":"N390FE","t":"DC10"},"840E":{"r":"N390P","t":"PRM1"},"8681":{"r":"N391AA","t":"B763"},"8717":{"r":"N391GA","t":"G150"},"8A44":{"r":"N392AN","t":"B763"},"8A48":{"r":"N392AS","t":"E55P"},"8AB9":{"r":"N392FE","t":"DC10"},"8B11":{"r":"N392JT","t":"CL60"},"8DFB":{"r":"N393AN","t":"B763"},"8E1B":{"r":"N393BV","t":"GLEX"},"8E1F":{"r":"N393BZ","t":"GLEX"},"8E4A":{"r":"N393DS","t":"B738"},"9114":{"r":"N39356","t":"B763"},"9135":{"r":"N39364","t":"B763"},"9136":{"r":"N39365","t":"B763"},"9138":{"r":"N39367","t":"B763"},"91AF":{"r":"N394AK","t":"GLF4"},"91B2":{"r":"N394AN","t":"B763"},"91B6":{"r":"N394AS"},"91E1":{"r":"N394CK","t":"C680"},"91FB":{"r":"N394DL","t":"B763"},"9227":{"r":"N394FE","t":"DC10"},"933A":{"r":"N394SE","t":"PA46"},"935E":{"r":"N394TR","t":"GLF4"},"943E":{"r":"N39415","t":"B739"},"943F":{"r":"N39416","t":"B739"},"9441":{"r":"N39418","t":"B739"},"945F":{"r":"N39423","t":"B739"},"94C5":{"r":"N39450","t":"B739"},"94E9":{"r":"N39461","t":"B739"},"94EB":{"r":"N39463","t":"B739"},"9510":{"r":"N39475","t":"B739"},"9569":{"r":"N395AN","t":"B763"},"95D3":{"r":"N395EU"},"95DE":{"r":"N395FE","t":"DC10"},"9920":{"r":"N396AN","t":"B763"},"9929":{"r":"N396AX","t":"B763"},"9995":{"r":"N396FE","t":"DC10"},"9A50":{"r":"N396NS","t":"GLF4"},"9AD5":{"r":"N396U","t":"GLF4"},"9B89":{"r":"N39605","t":"PA34"},"9CD7":{"r":"N397AN","t":"B763"},"9D08":{"r":"N397CM","t":"C510"},"9D4C":{"r":"N397FE","t":"DC10"},"9FD2":{"r":"N3975A","t":"CL30"},"9FD4":{"r":"N3975C","t":"PA46"},"A08E":{"r":"N398AN","t":"B763"},"A103":{"r":"N398FE","t":"DC10"},"A445":{"r":"N399AN","t":"B763"},"A4BA":{"r":"N399FE","t":"DC10"},"A4DF":{"r":"N399GS","t":"GLEX"},"A567":{"r":"N399NC","t":"CL30"},"A62E":{"r":"N399WB","t":"CL60"},"A800":{"r":"N4AS","t":"CL60"},"A82F":{"r":"N4CP","t":"GLF5"},"A86F":{"r":"N4FC","t":"GLF4"},"A902":{"r":"N4M","t":"C25C"},"A90D":{"r":"N4ML","t":"M20P"},"A92B":{"r":"N4NR","t":"GLF2"},"A93B":{"r":"N4PG","t":"GLF5"},"A954":{"r":"N4QG","t":"F2TH"},"A958":{"r":"N4QL","t":"BE20"},"A998":{"r":"N4T","t":"GLEX"},"AA49":{"r":"N40AA","t":"GLF4"},"AA5B":{"r":"N40AU","t":"M20T"},"AAA0":{"r":"N40DN","t":"TBM7"},"AABA":{"r":"N40EP","t":"C551"},"AB32":{"r":"N40KJ","t":"GLF4"},"ABAF":{"r":"N40QJ","t":"GLF4"},"ABF9":{"r":"N40TH","t":"F2TH"},"AC58":{"r":"N40XC","t":"CL60"},"AC65":{"r":"N40XR","t":"LJ45"},"AC6E":{"r":"N40Y","t":"BE20"},"ACAA":{"r":"N400AJ","t":"BE40"},"ACDD":{"r":"N400CK","t":"GLF4"},"AD0C":{"r":"N400EG","t":"BE20"},"AD16":{"r":"N400ES","t":"CL60"},"AD17":{"r":"N400ET","t":"C25C"},"AD27":{"r":"N400FJ","t":"GLF4"},"AD3C":{"r":"N400GE","t":"C172"},"AD4D":{"r":"N400GX","t":"GLEX"},"AD56":{"r":"N400HF"},"AD69":{"r":"N400J","t":"GLF4"},"AD6D":{"r":"N400JD","t":"C750"},"AD87":{"r":"N400KE","t":"FA50"},"ADC2":{"r":"N400MP","t":"GLF4"},"ADC9":{"r":"N400MW","t":"M20T"},"AE32":{"r":"N400SA","t":"B744"},"AE6D":{"r":"N400UK"},"AEAC":{"r":"N400WY","t":"GLF3"},"AEC0":{"r":"N400XT","t":"BE40"},"AEDE":{"r":"N400YY","t":"E400"},"AFE5":{"r":"N40061","t":"DC10"},"B0E7":{"r":"N401FT","t":"GLF4"},"B109":{"r":"N401HB","t":"GLF5"},"B10D":{"r":"N401HF","t":"GLF5"},"B155":{"r":"N401LC"},"B18E":{"r":"N401NK","t":"CL60"},"B1C7":{"r":"N401QS","t":"GLF4"},"B1D8":{"r":"N401RJ","t":"CL60"},"B1E9":{"r":"N401SA","t":"B744"},"B228":{"r":"N401UP","t":"B752"},"B433":{"r":"N402BL","t":"BE9T"},"B479":{"r":"N402EF","t":"CL30"},"B486":{"r":"N402EU","t":"BE58"},"B491":{"r":"N402FE","t":"A310"},"B49E":{"r":"N402FT","t":"GLF4"},"B50C":{"r":"N402LC"},"B5A4":{"r":"N402SE","t":"HA4T"},"B5DF":{"r":"N402UP","t":"B752"},"B62E":{"r":"N402XT"},"B7DB":{"r":"N403AW","t":"CRJ2"},"B848":{"r":"N403FE","t":"A310"},"B8BF":{"r":"N403KZ","t":"B744"},"B8C3":{"r":"N403LC"},"B8CC":{"r":"N403LM","t":"GALX"},"B8F6":{"r":"N403ND","t":"C25B"},"B935":{"r":"N403QS","t":"GLF4"},"B971":{"r":"N403TB","t":"GLF4"},"B996":{"r":"N403UP","t":"B752"},"BB80":{"r":"N404AC","t":"GLF4"},"BB99":{"r":"N404BC","t":"F900"},"BBC7":{"r":"N404CZ","t":"C510"},"BC05":{"r":"N404FL","t":"BE40"},"BC33":{"r":"N404HG","t":"CL60"},"BC3C":{"r":"N404HR","t":"FA20"},"BC7A":{"r":"N404LC","t":"C130"},"BCAA":{"r":"N404NA","t":"GLEX"},"BCEC":{"r":"N404QS","t":"GLF4"},"BD09":{"r":"N404RW","t":"SR22"},"BD36":{"r":"N404TR","t":"F900"},"BD4D":{"r":"N404UP","t":"B752"},"BD63":{"r":"N404VL","t":"GLEX"},"BDB9":{"r":"N404YX","t":"E170"},"BECD":{"r":"N4047C","t":"BE20"},"BFB5":{"r":"N405FD"},"BFB6":{"r":"N405FE","t":"A310"},"BFCB":{"r":"N405GA","t":"GLF5"},"BFEA":{"r":"N405HG","t":"GLF5"},"C02F":{"r":"N405LA","t":"H25B"},"C031":{"r":"N405LC","t":"C130"},"C03A":{"r":"N405LM","t":"GLF5"},"C05D":{"r":"N405MX","t":"A320"},"C07C":{"r":"N405PC","t":"LJ35"},"C0A3":{"r":"N405QS","t":"GLF4"},"C0E7":{"r":"N405TK","t":"LJ60"},"C104":{"r":"N405UP","t":"B752"},"C2F4":{"r":"N406AJ","t":"SR22"},"C3CD":{"r":"N406KA","t":"BE20"},"C4BB":{"r":"N406UP","t":"B752"},"C6CF":{"r":"N407BV","t":"A320"},"C73B":{"r":"N407GC","t":"GLF4"},"C74E":{"r":"N407GX","t":"B407"},"C795":{"r":"N407KT","t":"FA7X"},"C7C1":{"r":"N407MM","t":"B407"},"C7DF":{"r":"N407NS","t":"GLF4"},"C872":{"r":"N407UP","t":"B752"},"CB6F":{"r":"N408MC","t":"B744"},"CBC8":{"r":"N408QS","t":"GLF4"},"CBE5":{"r":"N408RW","t":"R44"},"CC1B":{"r":"N408U","t":"HA4T"},"CC29":{"r":"N408UP","t":"B752"},"CC95":{"r":"N408YX","t":"E170"},"CD88":{"r":"N4086E","t":"PA31"},"CE25":{"r":"N409AW","t":"CRJ2"},"CEA8":{"r":"N409GB","t":"F2TH"},"CF26":{"r":"N409MC","t":"B744"},"CFE0":{"r":"N409UP","t":"B752"},"D1DA":{"r":"N41AU"},"D20F":{"r":"N41CX","t":"DC86"},"D256":{"r":"N41FT","t":"PA30"},"D266":{"r":"N41GJ","t":"LJ35"},"D2CA":{"r":"N41LJ","t":"C421"},"D2F7":{"r":"N41ND","t":"C25B"},"D435":{"r":"N410AW","t":"CRJ2"},"D4A2":{"r":"N410FE","t":"A310"},"D502":{"r":"N410KA","t":"F900"},"D526":{"r":"N410LM","t":"GLF5"},"D533":{"r":"N410M","t":"GLF5"},"D577":{"r":"N410PT","t":"BE20"},"D5B1":{"r":"N410SA"},"D5CD":{"r":"N410TD"},"D5EB":{"r":"N410UJ","t":"GLF3"},"D5F0":{"r":"N410UP","t":"B752"},"D7F3":{"r":"N411BC","t":"P28A"},"D859":{"r":"N411FE","t":"A310"},"D8D7":{"r":"N411LF","t":"B763"},"D8EE":{"r":"N411MD","t":"PA46"},"D902":{"r":"N411MZ","t":"C421"},"D946":{"r":"N411QS","t":"GLF4"},"D979":{"r":"N411ST","t":"CL30"},"D9A7":{"r":"N411UP","t":"B752"},"D9E0":{"r":"N411WW","t":"GLF5"},"DAB6":{"r":"N41135","t":"B752"},"DAD4":{"r":"N41140","t":"B752"},"DBA3":{"r":"N412AW","t":"CRJ2"},"DBAA":{"r":"N412BC","t":"B733"},"DCA4":{"r":"N412MC","t":"B744"},"DCA5":{"r":"N412MD","t":"PC12"},"DCB6":{"r":"N412MW","t":"PC12"},"DCE1":{"r":"N412PP"},"DD3D":{"r":"N412TF","t":"HA4T"},"DD5E":{"r":"N412UP","t":"B752"},"DE4D":{"r":"N41228","t":"C208"},"DF56":{"r":"N413AS","t":"B739"},"DF5A":{"r":"N413AW","t":"CRJ2"},"E013":{"r":"N413JF","t":"C340"},"E09C":{"r":"N413PT","t":"SR20"},"E0B4":{"r":"N413QS","t":"GLF4"},"E108":{"r":"N413UA","t":"A320"},"E115":{"r":"N413UP","t":"B752"},"E34F":{"r":"N414DH","t":"CL30"},"E36C":{"r":"N414EM","t":"C414"},"E371":{"r":"N414ES","t":"C414"},"E391":{"r":"N414FZ","t":"C414"},"E411":{"r":"N414MB","t":"PTS2"},"E446":{"r":"N414PE","t":"H25B"},"E4B5":{"r":"N414TR","t":"F2TH"},"E4CC":{"r":"N414UP","t":"B752"},"E550":{"r":"N414ZW","t":"CRJ2"},"E5ED":{"r":"N4144N","t":"P28A"},"E7C9":{"r":"N415MC","t":"B744"},"E7DC":{"r":"N415MX","t":"A320"},"E7F8":{"r":"N415P","t":"GLF5"},"E822":{"r":"N415QS","t":"GLF4"},"E82C":{"r":"N415RB","t":"BE20"},"E883":{"r":"N415UP","t":"B752"},"E94F":{"r":"N41518","t":"PA46"},"EA85":{"r":"N416BB","t":"GLEX"},"EA87":{"r":"N416BD","t":"GLEX"},"EB4E":{"r":"N416KC","t":"F900"},"EB80":{"r":"N416MC","t":"B744"},"EBD9":{"r":"N416QS","t":"GLF4"},"EC3A":{"r":"N416UP","t":"B752"},"EC6A":{"r":"N416WM","t":"GLF3"},"EE36":{"r":"N417AW","t":"CRJ2"},"EEA3":{"r":"N417FE","t":"A310"},"EEB8":{"r":"N417GA"},"EF29":{"r":"N417LP","t":"P28A"},"EFA2":{"r":"N417RK","t":"PA46"},"EFF1":{"r":"N417UP","t":"B752"},"F086":{"r":"N4170N","t":"B350"},"F1A6":{"r":"N4178W","t":"P32R"},"F1ED":{"r":"N418AW","t":"CRJ2"},"F25A":{"r":"N418FE","t":"A310"},"F2D3":{"r":"N418LA","t":"B763"},"F2EE":{"r":"N418MC","t":"B744"},"F36F":{"r":"N418SG","t":"GLF5"},"F3A8":{"r":"N418UP","t":"B752"},"F3DD":{"r":"N418WS","t":"BE58"},"F5D3":{"r":"N419CT","t":"B735"},"F611":{"r":"N419FE","t":"A310"},"F6A5":{"r":"N419MC","t":"B744"},"F75F":{"r":"N419UP","t":"B752"},"F786":{"r":"N419WC","t":"ASTR"},"F9AF":{"r":"N42EE","t":"CL60"},"F9E5":{"r":"N42GJ","t":"CL30"},"FA0E":{"r":"N42J","t":"BE20"},"FA73":{"r":"N42NA","t":"FA50"},"FB05":{"r":"N42TX","t":"SR22"},"FBDC":{"r":"N420CL","t":"FA50"},"FC9A":{"r":"N420LA","t":"B763"},"FCE8":{"r":"N420PD","t":"F900"},"FD0E":{"r":"N420QS","t":"GLF4"},"FD39":{"r":"N420SK","t":"CL60"},"FD62":{"r":"N420UA","t":"A320"},"FD6F":{"r":"N420UP","t":"B752"},"FF61":{"r":"N421AL","t":"GLEX"},"FFA5":{"r":"N421DD","t":"C421"},"FFD8":{"r":"N421FE","t":"A310"},"FFDF":{"r":"N421FM","t":"C421"}}