{"0052":{"r":"N486QS","t":"GLF4"},"02CC":{"r":"N487C","t":"FA7X"},"0312":{"r":"N487EV","t":"B742"},"0331":{"r":"N487GA","t":"G150"},"0409":{"r":"N487QS","t":"GLF4"},"068B":{"r":"N488CH","t":"GLEX"},"06C9":{"r":"N488EV","t":"B742"},"07CB":{"r":"N488RC","t":"GALX"},"082F":{"r":"N488VC","t":"H25B"},"0A80":{"r":"N489EV","t":"B742"},"0B77":{"r":"N489QS","t":"GLF4"},"0EBD":{"r":"N49LD","t":"C560"},"0F0E":{"r":"N49PK","t":"P46T"},"1090":{"r":"N490EV","t":"B742"},"10AF":{"r":"N490GA"},"1187":{"r":"N490QS","t":"GLF4"},"11A8":{"r":"N490S","t":"F900"},"1436":{"r":"N491EC","t":"GLF4"},"1447":{"r":"N491EV","t":"B744"},"1579":{"r":"N491TA","t":"A320"},"1584":{"r":"N491TM","t":"BE40"},"179F":{"r":"N492B","t":"TBM8"},"17A1":{"r":"N492BB"},"17FE":{"r":"N492EV","t":"B744"},"189C":{"r":"N492MC","t":"B744"},"18F5":{"r":"N492QS","t":"GLF4"},"1930":{"r":"N492TA","t":"A320"},"1B44":{"r":"N493AG","t":"B737"},"1B78":{"r":"N493CJ","t":"C25A"},"1BB5":{"r":"N493EV","t":"B744"},"1C53":{"r":"N493MC","t":"B744"},"1CE7":{"r":"N493TA","t":"A320"},"1F5B":{"r":"N494EC","t":"GLF4"},"209E":{"r":"N494TA","t":"A320"},"209F":{"r":"N494TB","t":"C25A"},"241A":{"r":"N495QS","t":"GLF4"},"2455":{"r":"N495TA","t":"A320"},"2665":{"r":"N496AC","t":"FA7X"},"26F8":{"r":"N496G","t":"M20P"},"2778":{"r":"N496MC","t":"B744"},"27B9":{"r":"N496PT","t":"FA50"},"280C":{"r":"N496TA","t":"A320"},"2A20":{"r":"N497AG","t":"H25B"},"2A80":{"r":"N497EC","t":"CL30"},"2B2F":{"r":"N497MC","t":"B744"},"2BC3":{"r":"N497TA","t":"A320"},"2C34":{"r":"N497XP","t":"BE40"},"2CEB":{"r":"N4973S"},"2DE2":{"r":"N498AT","t":"AT75"},"2EE6":{"r":"N498MC","t":"B744"},"2F3F":{"r":"N498QS","t":"GLF4"},"2F7A":{"r":"N498TA","t":"A320"},"300D":{"r":"N498YY","t":"C525"},"329D":{"r":"N499MC","t":"B744"},"32AB":{"r":"N499MS","t":"P28A"},"32BB":{"r":"N499NH"},"32CD":{"r":"N499PA","t":"H25B"},"32F6":{"r":"N499QS","t":"GLF4"},"3331":{"r":"N499TA","t":"A320"},"35C1":{"r":"N5FF","t":"C750"},"35DA":{"r":"N5GF","t":"GLF4"},"35E3":{"r":"N5GQ","t":"C25B"},"35E8":{"r":"N5GV","t":"GLF5"},"3643":{"r":"N5LL","t":"PA31"},"3654":{"r":"N5MC","t":"GLF4"},"3660":{"r":"N5MQ","t":"C25B"},"3665":{"r":"N5MV","t":"F900"},"3671":{"r":"N5NG","t":"GLF4"},"3682":{"r":"N5NZ","t":"BE36"},"368A":{"r":"N5PG","t":"GLF5"},"36B9":{"r":"N5RD","t":"GLF4"},"36CF":{"r":"N5SA","t":"GLF5"},"36E7":{"r":"N5T","t":"C750"},"3704":{"r":"N5UD","t":"C525"},"3713":{"r":"N5UU","t":"GLEX"},"371F":{"r":"N5VF","t":"FA50"},"3722":{"r":"N5VJ","t":"F900"},"372A":{"r":"N5VS","t":"GLF5"},"372C":{"r":"N5VU"},"37AE":{"r":"N50AY","t":"AC11"},"37F3":{"r":"N50DS","t":"GL5T"},"3800":{"r":"N50EE","t":"GLF4"},"381A":{"r":"N50FF","t":"FA50"},"382A":{"r":"N50FX","t":"FA50"},"3847":{"r":"N50HA","t":"GLF5"},"3864":{"r":"N50JE","t":"GLF5"},"387B":{"r":"N50KC","t":"GLF5"},"387F":{"r":"N50KG","t":"BE20"},"3893":{"r":"N50LB","t":"F900"},"389B":{"r":"N50LK","t":"LJ60"},"3934":{"r":"N50SN","t":"FA50"},"3943":{"r":"N50TC","t":"B737"},"3947":{"r":"N50TG","t":"F2TH"},"39A7":{"r":"N50XC","t":"GL5T"},"39AD":{"r":"N50XJ","t":"FA50"},"39EF":{"r":"N500","t":"PAY2"},"3A04":{"r":"N500AV","t":"PA24"},"3A08":{"r":"N500AZ","t":"H25B"},"3A33":{"r":"N500CS","t":"BE20"},"3A54":{"r":"N500E","t":"GLEX"},"3A8C":{"r":"N500GF","t":"GLF3"},"3AB8":{"r":"N500J","t":"GLF4"},"3ABC":{"r":"N500JD","t":"FA50"},"3ACD":{"r":"N500JW","t":"GLF2"},"3AFB":{"r":"N500LS","t":"B737"},"3B03":{"r":"N500M","t":"CL60"},"3B1C":{"r":"N500N","t":"GLF4"},"3B38":{"r":"N500PC","t":"GLF4"},"3B67":{"r":"N500R","t":"F2TH"},"3B6B":{"r":"N500RD","t":"GLF5"},"3B6F":{"r":"N500RH","t":"GLF5"},"3B72":{"r":"N500RL","t":"GLF4"},"3B75":{"r":"N500RP","t":"GLF4"},"3B7C":{"r":"N500RW","t":"TBM8"},"3B97":{"r":"N500SY","t":"H500"},"3BD4":{"r":"N500VJ","t":"GL5T"},"3C5E":{"r":"N5000X","t":"GLF5"},"3DD8":{"r":"N501BZ","t":"CL30"},"3DED":{"r":"N501CV","t":"GLF5"},"3DF4":{"r":"N501DB","t":"F900"},"3E81":{"r":"N501JT","t":"GLEX"},"3EC4":{"r":"N501MK","t":"F900"},"3EEF":{"r":"N501PC","t":"CL60"},"3F20":{"r":"N501RB","t":"GLF4"},"3F8B":{"r":"N501VJ","t":"GL5T"},"3FF0":{"r":"N501ZK","t":"GLF5"},"417E":{"r":"N502BG","t":"F2TH"},"4212":{"r":"N502HE","t":"CL60"},"4231":{"r":"N502JL","t":"GLEX"},"4238":{"r":"N502JT","t":"GLF4"},"4240":{"r":"N502KA","t":"GLF5"},"4294":{"r":"N502NK","t":"A319"},"42A3":{"r":"N502P","t":"GLF4"},"42A6":{"r":"N502PC","t":"GLF4"},"42CD":{"r":"N502QS","t":"GLF5"},"4344":{"r":"N502VL","t":"A319"},"4465":{"r":"N5025"},"45EF":{"r":"N503JT","t":"E135"},"464B":{"r":"N503NK","t":"A319"},"465D":{"r":"N503PC","t":"CL60"},"4669":{"r":"N503PQ","t":"FA50"},"46C4":{"r":"N503TF","t":"C25C"},"48CF":{"r":"N504AC","t":"GLF5"},"49E0":{"r":"N504MA","t":"C172"},"49F0":{"r":"N504MS","t":"FA50"},"4A02":{"r":"N504NK","t":"A319"},"4B00":{"r":"N504YP","t":"FA50"},"4CCE":{"r":"N505D","t":"GLF5"},"4D34":{"r":"N505HB","t":"P46T"},"4D53":{"r":"N505JH","t":"C501"},"4DB9":{"r":"N505NK","t":"A319"},"4E02":{"r":"N505RH","t":"C560"},"503F":{"r":"N506AE","t":"CRJ7"},"5054":{"r":"N506BA","t":"F900"},"514F":{"r":"N506MB","t":"BE36"},"5170":{"r":"N506NK","t":"A319"},"51A9":{"r":"N506QS","t":"GLF5"},"51E9":{"r":"N506TF","t":"C501"},"5408":{"r":"N507AY","t":"A321"},"5420":{"r":"N507BX","t":"CL30"},"5451":{"r":"N507DW","t":"GLF5"},"54CB":{"r":"N507JT","t":"A320"},"54D4":{"r":"N507KB","t":"SR22"},"5527":{"r":"N507NK","t":"A319"},"5560":{"r":"N507QS","t":"GLF5"},"57BC":{"r":"N508AV","t":"A332"},"57BF":{"r":"N508AY","t":"A321"},"587B":{"r":"N508JL","t":"A320"},"58DE":{"r":"N508NK","t":"A319"},"58ED":{"r":"N508P","t":"GLF5"},"58F0":{"r":"N508PC","t":"CL60"},"5917":{"r":"N508QS","t":"GLF5"},"5AA0":{"r":"N5084V","t":"SR22"},"5B76":{"r":"N509AY","t":"A321"},"5C86":{"r":"N509MV","t":"BE20"},"5C95":{"r":"N509NK","t":"A319"},"5CCE":{"r":"N509QS","t":"GLF5"},"5CF1":{"r":"N509SB","t":"C25B"},"5D45":{"r":"N509VL","t":"A320"},"5DFD":{"r":"N5092","t":"GLF5"},"5F98":{"r":"N51FE","t":"FA50"},"602F":{"r":"N51MF","t":"GLF5"},"6036":{"r":"N51MN","t":"F2TH"},"60AB":{"r":"N51SE","t":"GLEX"},"6110":{"r":"N51WF","t":"AC90"},"6140":{"r":"N51YD","t":"BE33"},"6179":{"r":"N510AK","t":"GLF4"},"61B3":{"r":"N510CT","t":"F2TH"},"6237":{"r":"N510J","t":"C510"},"6268":{"r":"N510KZ","t":"C510"},"6286":{"r":"N510MD","t":"C510"},"6289":{"r":"N510MG","t":"GLF4"},"62A5":{"r":"N510NK","t":"A319"},"62E8":{"r":"N510RB","t":"P46T"},"62E9":{"r":"N510RC","t":"C25B"},"630F":{"r":"N510SR","t":"GLF4"},"6346":{"r":"N510UW","t":"A321"},"6355":{"r":"N510VL","t":"A320"},"6367":{"r":"N510WD","t":"C680"},"651C":{"r":"N51091","t":"BE9L"},"652B":{"r":"N511AE","t":"CRJ7"},"656A":{"r":"N511CT","t":"G150"},"65A0":{"r":"N511EX","t":"C208"},"666C":{"r":"N511PA","t":"GLF4"},"6695":{"r":"N511QS","t":"GLF5"},"66D2":{"r":"N511TC","t":"C525"},"66D4":{"r":"N511TE"},"670C":{"r":"N511VL","t":"A320"},"6850":{"r":"N5116","t":"GLF4"},"69B7":{"r":"N512JT","t":"GLF4"},"69E9":{"r":"N512LT","t":"GLF4"},"6A13":{"r":"N512NK","t":"A319"},"6A5D":{"r":"N512RJ","t":"GLF4"},"6A8C":{"r":"N512TF","t":"F900"},"6B35":{"r":"N5120"},"6CEA":{"r":"N513DL","t":"CL60"},"6CF9":{"r":"N513EA","t":"EA50"},"6E2E":{"r":"N513SK","t":"C56X"},"70A7":{"r":"N514DS","t":"C525"},"716A":{"r":"N514MM","t":"ASTR"},"7181":{"r":"N514NK","t":"A319"},"7205":{"r":"N514TS","t":"CL60"},"743A":{"r":"N515CF","t":"F2TH"},"74DC":{"r":"N515JT","t":"E135"},"74F4":{"r":"N515KS","t":"CL60"},"7523":{"r":"N515MP","t":"EA50"},"7552":{"r":"N515PL","t":"GLF5"},"75B4":{"r":"N515TJ","t":"BE40"},"75CD":{"r":"N515UJ","t":"GLF4"},"77EE":{"r":"N516CC","t":"GALX"},"784C":{"r":"N516FX","t":"CL30"},"7857":{"r":"N516GH","t":"GLF5"},"78EF":{"r":"N516NK","t":"A319"},"7928":{"r":"N516QS","t":"GLF5"},"7972":{"r":"N516TR","t":"GLF3"},"7999":{"r":"N516VE","t":"GLF4"},"7B82":{"r":"N517AT","t":"B752"},"7BD0":{"r":"N517DW","t":"GLF5"},"7C03":{"r":"N517FX","t":"CL30"},"7C7A":{"r":"N517LR","t":"H25C"},"7C86":{"r":"N517MC","t":"B742"},"7CA6":{"r":"N517NK","t":"A319"},"7CDF":{"r":"N517QS","t":"GLF5"},"7F37":{"r":"N518AR","t":"C25A"},"7F64":{"r":"N518CL","t":"CL60"},"7FBA":{"r":"N518FX","t":"CL30"},"7FCE":{"r":"N518GS","t":"CL30"},"8096":{"r":"N518QS","t":"GLF5"},"813F":{"r":"N518XL","t":"XL2"},"82F2":{"r":"N519AV","t":"A319"},"8312":{"r":"N519CB","t":"SR22"},"831E":{"r":"N519CP","t":"GLEX"},"8371":{"r":"N519FX","t":"CL30"},"842A":{"r":"N519PG","t":"SR22"},"84B5":{"r":"N519UW","t":"A321"},"84C4":{"r":"N519VL","t":"A320"},"86A3":{"r":"N52AP","t":"GLF4"},"86E3":{"r":"N52DC","t":"F2TH"},"870B":{"r":"N52ET","t":"C25B"},"87A9":{"r":"N52MA","t":"MU2"},"87B2":{"r":"N52MK","t":"GLF4"},"888C":{"r":"N52WC","t":"C25B"},"88FA":{"r":"N520AM","t":"B738"},"8903":{"r":"N520AW","t":"FA20"},"8945":{"r":"N520DM","t":"EGRT"},"894A":{"r":"N520DS","t":"DA40"},"8952":{"r":"N520E","t":"GLEX"},"8981":{"r":"N520FX","t":"CL30"},"89F8":{"r":"N520LR","t":"H25C"},"8A81":{"r":"N520SC","t":"CL60"},"8A98":{"r":"N520TA","t":"A319"},"8AC5":{"r":"N520UW","t":"A321"},"8CDB":{"r":"N521CD","t":"SR22"},"8D27":{"r":"N521FE","t":"MD11"},"8D38":{"r":"N521FX","t":"CL30"},"8D77":{"r":"N521JK","t":"H25B"},"8DA1":{"r":"N521LB"},"8E4F":{"r":"N521TA","t":"A319"},"8E7C":{"r":"N521UW","t":"A321"},"8E81":{"r":"N521VA","t":"A319"},"905F":{"r":"N522AC","t":"GLF4"},"9072":{"r":"N522AX","t":"DC10"},"9079":{"r":"N522BD","t":"F2TH"},"90DE":{"r":"N522FE","t":"MD11"},"90EF":{"r":"N522FX","t":"CL30"},"9172":{"r":"N522MC","t":"B742"},"9192":{"r":"N522NK","t":"A319"},"9206":{"r":"N522TA","t":"A319"},"9238":{"r":"N522VA","t":"A319"},"9242":{"r":"N522VL","t":"A320"},"9247":{"r":"N522VR","t":"GLF4"},"92CF":{"r":"N52202","t":"M20T"},"9495":{"r":"N523FE","t":"MD11"},"94E7":{"r":"N523JM","t":"CL60"},"9529":{"r":"N523MC","t":"B742"},"9549":{"r":"N523NK","t":"A319"},"95B8":{"r":"N523SW","t":"B735"},"95EA":{"r":"N523UW","t":"A321"},"95EF":{"r":"N523VA","t":"A319"},"9700":{"r":"N5234J","t":"C206"},"97CD":{"r":"N524AC","t":"GLF5"},"97D1":{"r":"N524AG","t":"GLF5"},"97D6":{"r":"N524AM","t":"PA31"},"97D7":{"r":"N524AN","t":"GLF4"},"97DC":{"r":"N524AT","t":"B752"},"982F":{"r":"N524EA","t":"GLF6"},"9848":{"r":"N524FA","t":"C402"},"984C":{"r":"N524FE","t":"MD11"},"985D":{"r":"N524FX","t":"CL30"},"98C5":{"r":"N524LA","t":"B763"},"98E0":{"r":"N524MC","t":"B742"},"9900":{"r":"N524NK","t":"A319"},"9960":{"r":"N524SF","t":"C525"},"9974":{"r":"N524TA","t":"A319"},"99A1":{"r":"N524UW","t":"A321"},"99A6":{"r":"N524VA","t":"A319"},"9B84":{"r":"N525AC","t":"GLF5"},"9B88":{"r":"N525AG","t":"GALX"},"9B8A":{"r":"N525AJ","t":"C525"},"9B8F":{"r":"N525AP","t":"C25A"},"9BBC":{"r":"N525CJ","t":"C25B"},"9BCB":{"r":"N525CZ","t":"C25C"},"9BDE":{"r":"N525DT","t":"C25A"},"9BEC":{"r":"N525EG","t":"C25A"},"9BFD":{"r":"N525EZ","t":"C25B"},"9C02":{"r":"N525FD","t":"C525"},"9C03":{"r":"N525FE","t":"MD11"},"9C04":{"r":"N525FF","t":"C25A"},"9C14":{"r":"N525FX","t":"CL30"},"9C1A":{"r":"N525GC","t":"C525"},"9C29":{"r":"N525GT","t":"C25B"},"9C32":{"r":"N525HB","t":"C25A"},"9C3B":{"r":"N525HL","t":"C25A"},"9C63":{"r":"N525KA","t":"C525"},"9C68":{"r":"N525KF","t":"GLF4"},"9C7B":{"r":"N525L","t":"C25B"},"9C90":{"r":"N525LW","t":"C525"},"9C97":{"r":"N525MC","t":"C525"},"9C9C":{"r":"N525MH","t":"F900"},"9CA0":{"r":"N525MM"},"9CAF":{"r":"N525NB","t":"C25C"},"9CB7":{"r":"N525NK","t":"A319"},"9CCD":{"r":"N525PG","t":"ASTR"},"9CCF":{"r":"N525PJ","t":"C525"},"9CD2":{"r":"N525PM","t":"C25A"},"9D10":{"r":"N525RZ","t":"C525"},"9D15":{"r":"N525SD","t":"CL60"},"9D5D":{"r":"N525VA","t":"A319"},"9D77":{"r":"N525WB","t":"C525"},"9E68":{"r":"N5254C","t":"C25C"},"9ECF":{"r":"N5257A","t":"C182"},"9F72":{"r":"N526CH","t":"P210"},"9FA1":{"r":"N526EE","t":"GLF5"},"9FCB":{"r":"N526FX","t":"CL30"},"9FE4":{"r":"N526GX","t":"GLEX"},"A00B":{"r":"N526JL","t":"A320"},"A033":{"r":"N526LA","t":"B763"},"A065":{"r":"N526NA","t":"B752"},"A06E":{"r":"N526NK","t":"A319"},"A114":{"r":"N526VA","t":"A319"},"A21A":{"r":"N52638","t":"C182"},"A34E":{"r":"N527DV","t":"C25B"},"A368":{"r":"N527EW","t":"C501"},"A371":{"r":"N527FE","t":"MD11"},"A382":{"r":"N527FX","t":"CL30"},"A3BA":{"r":"N527JC","t":"GLF4"},"A3BE":{"r":"N527JG","t":"GLF4"},"A3C2":{"r":"N527JL","t":"A320"},"A425":{"r":"N527NK","t":"A319"},"A4CB":{"r":"N527VA","t":"A319"},"A64E":{"r":"N5277T","t":"PA32"},"A6B4":{"r":"N528AP","t":"GLF5"},"A6FD":{"r":"N528DM","t":"C510"},"A705":{"r":"N528DV","t":"C25B"},"A728":{"r":"N528FE","t":"MD11"},"A739":{"r":"N528FX","t":"CL30"},"A77E":{"r":"N528JR","t":"GLEX"},"A7B9":{"r":"N528M","t":"GLF5"},"A7C7":{"r":"N528MP","t":"GLEX"},"A7DC":{"r":"N528NK","t":"A319"},"A815":{"r":"N528QS","t":"GLF5"},"A882":{"r":"N528VA","t":"A319"},"AA67":{"r":"N529AK","t":"CL60"},"AAB4":{"r":"N529DM","t":"CL60"},"AABC":{"r":"N529DV","t":"C25B"},"AADF":{"r":"N529FE","t":"MD11"},"AAF0":{"r":"N529FX","t":"CL30"},"AB93":{"r":"N529NK","t":"A319"},"ABB0":{"r":"N529PP","t":"B737"},"ABCC":{"r":"N529QS","t":"GLF5"},"AC07":{"r":"N529TA","t":"GLF5"},"AC20":{"r":"N529UA","t":"B752"},"AC39":{"r":"N529VA","t":"A319"},"AE9A":{"r":"N53FJ","t":"F900"},"AEC0":{"r":"N53GX","t":"GLEX"},"AF20":{"r":"N53LT","t":"GLF5"},"AF27":{"r":"N53M","t":"GLF5"},"AF41":{"r":"N53NA","t":"E135"},"AFAA":{"r":"N53SF","t":"C25A"},"B02C":{"r":"N53XL","t":"C56X"},"B100":{"r":"N530FX","t":"CL30"},"B1A3":{"r":"N530NK","t":"A319"},"B200":{"r":"N530SC","t":"CL60"},"B249":{"r":"N530VA","t":"A319"},"B42A":{"r":"N531AF","t":"GLF5"},"B43A":{"r":"N531AX","t":"DC10"},"B4B7":{"r":"N531FX","t":"CL30"},"B4F7":{"r":"N531JL","t":"A320"},"B538":{"r":"N531MA","t":"PA46"},"B55A":{"r":"N531NK","t":"A319"},"B593":{"r":"N531QS","t":"GLF5"},"B698":{"r":"N53103","t":"C77R"},"B818":{"r":"N532CL","t":"A320"},"B86E":{"r":"N532FX","t":"CL30"},"B911":{"r":"N532NK","t":"A319"},"BA79":{"r":"N5322","t":"FA50"},"BABA":{"r":"N53235","t":"PA46"},"BBE8":{"r":"N533DL","t":"C208"},"BC25":{"r":"N533FX","t":"CL30"},"BC29":{"r":"N533GA","t":"GALX"},"BCC8":{"r":"N533NK","t":"A319"},"BD10":{"r":"N533RG","t":"C182"},"BD32":{"r":"N533SR","t":"GLF4"},"BED4":{"r":"N5336Z","t":"SR20"},"BFDC":{"r":"N534FX","t":"CL30"},"C07F":{"r":"N534NK","t":"A319"},"C0B8":{"r":"N534QS","t":"GLF5"},"C120":{"r":"N534UW","t":"A321"},"C247":{"r":"N53441","t":"B739"},"C248":{"r":"N53442","t":"B739"},"C2AA":{"r":"N5347V","t":"P46T"},"C33E":{"r":"N535CM","t":"C25B"},"C393":{"r":"N535FX","t":"CL30"},"C46F":{"r":"N535QS","t":"GLF5"},"C4B3":{"r":"N535TK"},"C4D3":{"r":"N535US","t":"B752"},"C4D7":{"r":"N535UW","t":"A321"},"C4DB":{"r":"N535V","t":"GLF5"},"C506":{"r":"N535WT","t":"C525"},"C59B":{"r":"N53517","t":"PA46"},"C667":{"r":"N53571","t":"C172"},"C6C8":{"r":"N536AS","t":"B738"},"C74A":{"r":"N536FX","t":"CL30"},"C74E":{"r":"N536GA","t":"GALX"},"C798":{"r":"N536K","t":"BE36"},"C88A":{"r":"N536US","t":"B752"},"C88E":{"r":"N536UW","t":"A321"},"C96B":{"r":"N5362X","t":"PA18"},"CA7F":{"r":"N537AS","t":"B738"},"CAA1":{"r":"N537CA","t":"SR22"},"CADE":{"r":"N537EM","t":"P46T"},"CB48":{"r":"N537JT","t":"A320"},"CC41":{"r":"N537US","t":"B752"},"CC45":{"r":"N537UW","t":"A321"},"CC86":{"r":"N537XL","t":"XL2"},"CE36":{"r":"N538AS","t":"B738"},"CE62":{"r":"N538CL","t":"E145"},"CEB8":{"r":"N538FX","t":"CL30"},"CFDF":{"r":"N538TS","t":"CL60"},"CFF8":{"r":"N538US","t":"B752"},"CFFC":{"r":"N538UW","t":"A321"},"D20F":{"r":"N539CA"},"D241":{"r":"N539EA","t":"CRJ7"},"D26F":{"r":"N539FX","t":"CL30"},"D386":{"r":"N539TA","t":"E55P"},"D3B3":{"r":"N539UW","t":"A321"},"D3BC":{"r":"N539VE","t":"GLF4"},"D5CB":{"r":"N54CF","t":"C510"},"D649":{"r":"N54HG","t":"F900"},"D676":{"r":"N54KB","t":"GLF5"},"D685":{"r":"N54KS","t":"SR22"},"D6D9":{"r":"N54PA"},"D6DB":{"r":"N54PC","t":"MU2"},"D72E":{"r":"N54SL","t":"GLEX"},"D743":{"r":"N54TG","t":"GLF5"},"D771":{"r":"N54VC"},"D799":{"r":"N54WT","t":"PA46"},"D7AB":{"r":"N54XL","t":"C56X"},"D806":{"r":"N540BA","t":"CL60"},"D826":{"r":"N540CH","t":"GLEX"},"D851":{"r":"N540EA","t":"GLF2"},"D87F":{"r":"N540FX","t":"CL30"},"D8FF":{"r":"N540M","t":"GLF5"},"D900":{"r":"N540MA","t":"BE20"},"D902":{"r":"N540MC","t":"B742"},"D907":{"r":"N540MH","t":"MX2"},"D9C3":{"r":"N540UW","t":"A321"},"D9E0":{"r":"N540W","t":"GLF5"},"DA0A":{"r":"N540XS"},"DBB4":{"r":"N541AS"},"DC36":{"r":"N541FX","t":"CL30"},"DD33":{"r":"N541S","t":"C650"},"DD7A":{"r":"N541UW","t":"A321"},"DDBE":{"r":"N541XP","t":"H25B"},"DE19":{"r":"N54105","t":"SR22"},"DF68":{"r":"N542AP","t":"F2TH"},"DF74":{"r":"N542BA","t":"CL60"},"DF90":{"r":"N542CD","t":"SR22"},"DFED":{"r":"N542FX","t":"CL30"},"E131":{"r":"N542UW","t":"A321"},"E3B2":{"r":"N543GL","t":"GLEX"},"E3C0":{"r":"N543H","t":"GLF5"},"E3E6":{"r":"N543JN","t":"MD11"},"E4E8":{"r":"N543UW","t":"A321"},"E51A":{"r":"N543WW","t":"GALX"},"E75E":{"r":"N544G"},"E7AB":{"r":"N544KB","t":"C680"},"E89B":{"r":"N544US","t":"B752"},"E89F":{"r":"N544UW","t":"A321"},"EAB4":{"r":"N545CC","t":"GLF5"},"EAC2":{"r":"N545CS","t":"GLF4"},"EB1D":{"r":"N545GH"},"EB4D":{"r":"N545JF","t":"C25C"},"EB93":{"r":"N545MA","t":"EA50"},"EC52":{"r":"N545US","t":"B752"},"EC56":{"r":"N545UW","t":"A321"},"EF40":{"r":"N546LR","t":"H25C"},"EF55":{"r":"N546MM"},"EFA5":{"r":"N546QS","t":"GLF5"},"F009":{"r":"N546US","t":"B752"},"F00D":{"r":"N546UW","t":"A321"},"F04C":{"r":"N546XJ","t":"CL30"},"F149":{"r":"N5465M","t":"GLF5"},"F280":{"r":"N547FX","t":"CL30"},"F3B0":{"r":"N547UA","t":"B752"},"F3C0":{"r":"N547US","t":"B752"},"F3C4":{"r":"N547UW","t":"A321"},"F5BE":{"r":"N548BA","t":"CL60"},"F637":{"r":"N548FX","t":"CL30"},"F6A4":{"r":"N548LF","t":"CL60"},"F777":{"r":"N548US","t":"B752"},"F77B":{"r":"N548UW","t":"A321"},"F971":{"r":"N549AX","t":"B752"},"F975":{"r":"N549BA","t":"CL60"},"F991":{"r":"N549CD","t":"SR22"},"F9EE":{"r":"N549FX","t":"CL30"},"FB2E":{"r":"N549US","t":"B752"},"FB32":{"r":"N549UW","t":"A321"},"FD11":{"r":"N55","t":"LJ60"},"FD12":{"r":"N55A","t":"BE20"},"FD1D":{"r":"N55AL","t":"GLF5"},"FD35":{"r":"N55BK","t":"PC12"},"FD38":{"r":"N55BN","t":"BE55"},"FD4D":{"r":"N55CJ","t":"C525"},"FD9D":{"r":"N55FP","t":"C25B"},"FDBC":{"r":"N55GV","t":"GLF5"},"FE0F":{"r":"N55LC"},"FEBF":{"r":"N55TD","t":"GLF4"},"FEDE":{"r":"N55UK"},"FF0E":{"r":"N55WH","t":"P46T"},"FF56":{"r":"N55ZE"},"FF6B":{"r":"N550A","t":"GLF5"},"FF8B":{"r":"N550BG"},"FF90":{"r":"N550BM","t":"GLF5"},"FFB2":{"r":"N550CW","t":"CL60"},"FFC6":{"r":"N550DR","t":"GLF5"},"FFED":{"r":"N550FE","t":"DC10"},"FFF6":{"r":"N550FP","t":"C550"}}