{"0002":{"r":"N550GA","t":"GLF5"},"0005":{"r":"N550GD","t":"GLF5"},"000E":{"r":"N550GN","t":"GLF4"},"0015":{"r":"N550GV","t":"GLF5"},"0016":{"r":"N550GW","t":"GLF5"},"0033":{"r":"N550J","t":"C550"},"0037":{"r":"N550JD","t":"GLF5"},"0052":{"r":"N550KF","t":"GLF5"},"0066":{"r":"N550LA","t":"C550"},"0069":{"r":"N550LD","t":"C550"},"006B":{"r":"N550LF","t":"GLEX"},"007E":{"r":"N550M","t":"GLF5"},"0090":{"r":"N550MT","t":"GLF5"},"0096":{"r":"N550MZ","t":"GLF5"},"00BC":{"r":"N550PM","t":"GLF5"},"00BE":{"r":"N550PP","t":"GLF3"},"00C0":{"r":"N550PR","t":"GLF5"},"00F0":{"r":"N550RP","t":"GLF5"},"00FC":{"r":"N550SA","t":"GLF5"},"0102":{"r":"N550SG","t":"GLF5"},"0108":{"r":"N550SN","t":"GLF5"},"0114":{"r":"N550T","t":"C25B"},"0115":{"r":"N550TA","t":"GLF5"},"0116":{"r":"N550TB","t":"C25A"},"011C":{"r":"N550TH","t":"F900"},"0142":{"r":"N550UW","t":"A321"},"014B":{"r":"N550VE","t":"GLF5"},"018F":{"r":"N550XY","t":"GLF5"},"0365":{"r":"N551CS","t":"GLF5"},"03B9":{"r":"N551GA","t":"GLF5"},"03C8":{"r":"N551GR","t":"GLF4"},"03FF":{"r":"N551JW","t":"SR22"},"043B":{"r":"N551MF","t":"LJ55"},"0473":{"r":"N551PM","t":"GLF5"},"04B6":{"r":"N551SD","t":"CL60"},"04D9":{"r":"N551TP","t":"B350"},"04DD":{"r":"N551TT","t":"P32R"},"04F9":{"r":"N551UW","t":"A321"},"0508":{"r":"N551VL","t":"GLF5"},"0770":{"r":"N552GA","t":"GLF5"},"082A":{"r":"N552PM","t":"GLF5"},"086D":{"r":"N552SD","t":"F900"},"08B0":{"r":"N552UW","t":"A321"},"08D3":{"r":"N552WF","t":"GLF4"},"08E6":{"r":"N552X","t":"GLF5"},"0C67":{"r":"N553UW","t":"A321"},"0E7E":{"r":"N554CE","t":"GLF5"},"0E7F":{"r":"N554CF"},"0E99":{"r":"N554DG","t":"GLF5"},"0EC9":{"r":"N554FE","t":"DC10"},"101E":{"r":"N554UW","t":"A321"},"1102":{"r":"N55424"},"1163":{"r":"N619NK","t":"A320"},"1209":{"r":"N555AL","t":"BE20"},"1211":{"r":"N555AU"},"1215":{"r":"N555AY","t":"A321"},"1221":{"r":"N555BK","t":"C550"},"1232":{"r":"N555CB","t":"SR22"},"12B1":{"r":"N555HD","t":"GL5T"},"1308":{"r":"N555LR","t":"GLF4"},"1337":{"r":"N555NN","t":"CL60"},"13AD":{"r":"N555TF","t":"GLF4"},"13B0":{"r":"N555TJ","t":"M20P"},"1637":{"r":"N556FE","t":"DC10"},"16CA":{"r":"N556MB","t":"C421"},"172D":{"r":"N556RA","t":"C650"},"1770":{"r":"N556TT","t":"GLF5"},"178C":{"r":"N556UW","t":"A321"},"1922":{"r":"N55677","t":"P28A"},"1980":{"r":"N557AV","t":"A319"},"1A03":{"r":"N557GA","t":"GLF5"},"1A1B":{"r":"N557H","t":"GLF5"},"1A8A":{"r":"N557ML","t":"PA46"},"1B43":{"r":"N557UW","t":"A321"},"1D39":{"r":"N558AX","t":"B752"},"1D60":{"r":"N558CL","t":"B744"},"1DBA":{"r":"N558GA","t":"GLF5"},"1E6F":{"r":"N558PG","t":"SR22"},"1EFA":{"r":"N558UW","t":"A321"},"202A":{"r":"N5585","t":"GLF5"},"210C":{"r":"N559C","t":"PA34"},"215C":{"r":"N559FE","t":"DC10"},"2499":{"r":"N56AH","t":"SR22"},"24A8":{"r":"N56AY","t":"BE20"},"24CE":{"r":"N56CL","t":"FA20"},"24DC":{"r":"N56D","t":"GLF4"},"24FF":{"r":"N56EK","t":"P28A"},"2500":{"r":"N56EL","t":"F2TH"},"258B":{"r":"N56L","t":"GLF4"},"259D":{"r":"N56LT","t":"FA50"},"265B":{"r":"N56UH","t":"GLF5"},"2741":{"r":"N560DM","t":"GLF5"},"276C":{"r":"N560FE","t":"DC10"},"27A2":{"r":"N560HJ","t":"C56X"},"283A":{"r":"N560PL","t":"C56X"},"2882":{"r":"N560SH","t":"GLF3"},"2888":{"r":"N560SP","t":"BE20"},"289B":{"r":"N560TH","t":"C56X"},"28AC":{"r":"N560U","t":"GL5T"},"28C1":{"r":"N560UW","t":"A321"},"2AD7":{"r":"N561CD","t":"SR22"},"2DCB":{"r":"N5616","t":"GLF5"},"2E8D":{"r":"N562CC","t":"TBM8"},"2EDA":{"r":"N562FE","t":"DC10"},"2F04":{"r":"N562GX","t":"GLEX"},"3212":{"r":"N563AC","t":"B734"},"33E6":{"r":"N563UW","t":"A321"},"3427":{"r":"N563XL","t":"C56X"},"3648":{"r":"N564FE","t":"DC10"},"3770":{"r":"N564TA","t":"A321"},"39B9":{"r":"N565CK","t":"SR22"},"3B08":{"r":"N565RV","t":"GLF4"},"3B1F":{"r":"N565ST","t":"GLF5"},"3B54":{"r":"N565UW","t":"A321"},"3DB6":{"r":"N566FE","t":"DC10"},"3ED4":{"r":"N566SR","t":"SR22"},"416D":{"r":"N567FE","t":"DC10"},"4295":{"r":"N567TA","t":"A321"},"4327":{"r":"N567YX","t":"CL60"},"456C":{"r":"N568JB","t":"A320"},"45B5":{"r":"N568M","t":"GLEX"},"45C6":{"r":"N568MS","t":"A320"},"464C":{"r":"N568TA","t":"A321"},"48DB":{"r":"N569FE","t":"DC10"},"492D":{"r":"N569JM","t":"C414"},"497D":{"r":"N569MS","t":"A320"},"4A30":{"r":"N569UW","t":"A321"},"4C29":{"r":"N57B","t":"BE20"},"4C7F":{"r":"N57EL","t":"F2TH"},"4C9F":{"r":"N57FT","t":"BE20"},"4CC8":{"r":"N57HJ","t":"GLF4"},"4D0F":{"r":"N57LE","t":"GLEX"},"4D27":{"r":"N57MD","t":"AS65"},"4D2B":{"r":"N57MH","t":"CL60"},"4D2D":{"r":"N57MK","t":"FA50"},"4D32":{"r":"N57MQ"},"4DDA":{"r":"N57UH","t":"GLF5"},"4E7E":{"r":"N570AW"},"4EB7":{"r":"N570DC","t":"GLF4"},"4EEB":{"r":"N570FE","t":"DC10"},"4FE7":{"r":"N570RG","t":"EA50"},"5013":{"r":"N570TA","t":"A321"},"5039":{"r":"N570UP","t":"B744"},"5052":{"r":"N570VP","t":"C560"},"5103":{"r":"N57016","t":"B772"},"522E":{"r":"N571AP"},"523A":{"r":"N571BA","t":"CL60"},"52A2":{"r":"N571FE","t":"DC10"},"53DA":{"r":"N571TS","t":"CL60"},"53DE":{"r":"N571TW","t":"BE40"},"53F0":{"r":"N571UP","t":"B744"},"53F7":{"r":"N571UW","t":"A321"},"54B5":{"r":"N57111","t":"B752"},"563E":{"r":"N572EC","t":"GLF4"},"5659":{"r":"N572FE","t":"MD11"},"56FB":{"r":"N572MS","t":"GLF4"},"57A7":{"r":"N572UP","t":"B744"},"5A10":{"r":"N573FE","t":"MD11"},"5B47":{"r":"N573TR","t":"FA50"},"5B5E":{"r":"N573UP","t":"B744"},"5D1B":{"r":"N57384","t":"M20P"},"5D9C":{"r":"N574DM","t":"SR20"},"5DC7":{"r":"N574FE","t":"MD11"},"5DD8":{"r":"N574FX","t":"CL35"},"5F15":{"r":"N574UP","t":"B744"},"6028":{"r":"N57439","t":"B739"},"617E":{"r":"N575FE","t":"MD11"},"619E":{"r":"N575GM"},"6238":{"r":"N575NR","t":"C56X"},"62CC":{"r":"N575UP","t":"B744"},"62F2":{"r":"N575WB","t":"CL30"},"64E9":{"r":"N576CD","t":"SR22"},"6535":{"r":"N576FE","t":"MD11"},"6683":{"r":"N576UP","t":"B744"},"68A2":{"r":"N577CF","t":"FA7X"},"68B6":{"r":"N577DA","t":"CL60"},"68EC":{"r":"N577FE","t":"MD11"},"6935":{"r":"N577JC","t":"C750"},"69B0":{"r":"N577PA","t":"C425"},"6A1B":{"r":"N577TH"},"6A3A":{"r":"N577UP","t":"B744"},"6C65":{"r":"N578CT","t":"C510"},"6CA3":{"r":"N578FE","t":"MD11"},"6DF1":{"r":"N578UP","t":"B744"},"6F66":{"r":"N57862","t":"B753"},"6F87":{"r":"N57870","t":"B753"},"705A":{"r":"N579FE","t":"MD11"},"71A8":{"r":"N579UP","t":"B744"},"7398":{"r":"N58AJ","t":"GLF3"},"7406":{"r":"N58EU","t":"BE58"},"7458":{"r":"N58JA","t":"C340"},"74B7":{"r":"N58MW","t":"F2TH"},"766A":{"r":"N580FE","t":"MD11"},"76AC":{"r":"N580HW"},"7706":{"r":"N580ML","t":"E135"},"77B8":{"r":"N580UP","t":"B744"},"79A5":{"r":"N581AF","t":"BE58"},"79EA":{"r":"N581D","t":"GLF5"},"7A4F":{"r":"N581HA","t":"B763"},"7AE0":{"r":"N581NW","t":"B753"},"7B59":{"r":"N581TS","t":"CL60"},"7B6F":{"r":"N581UP","t":"B744"},"7B76":{"r":"N581UW","t":"A321"},"7C11":{"r":"N58101","t":"B752"},"7D88":{"r":"N582C","t":"TBM7"},"7DA1":{"r":"N582D","t":"GLF5"},"7DD8":{"r":"N582FE","t":"MD11"},"7E97":{"r":"N582NW","t":"B753"},"7F26":{"r":"N582UP","t":"B744"},"8116":{"r":"N583AJ","t":"GLF4"},"8143":{"r":"N583CD","t":"SR22"},"8158":{"r":"N583D","t":"CL30"},"818F":{"r":"N583FE","t":"MD11"},"81A4":{"r":"N583GA","t":"GLF5"},"81F2":{"r":"N583KD","t":"E55P"},"824E":{"r":"N583NW","t":"B753"},"82DD":{"r":"N583UP","t":"B744"},"850F":{"r":"N584D","t":"CL30"},"8546":{"r":"N584FE","t":"MD11"},"8605":{"r":"N584NW","t":"B753"},"869B":{"r":"N584UW","t":"A321"},"869F":{"r":"N584V","t":"P46T"},"887B":{"r":"N585A","t":"GLF5"},"88A2":{"r":"N585BP","t":"F900"},"88C6":{"r":"N585D","t":"GLF4"},"88E4":{"r":"N585EE","t":"E55P"},"88FD":{"r":"N585FE","t":"MD11"},"8914":{"r":"N585GC","t":"TBM8"},"8946":{"r":"N585JC","t":"GLF5"},"89BC":{"r":"N585NW","t":"B753"},"8A38":{"r":"N585TV","t":"E55P"},"8B1F":{"r":"N5852F","t":"C210"},"8BED":{"r":"N5858B","t":"BE58"},"8C7D":{"r":"N586D","t":"GLF4"},"8C9A":{"r":"N586ED","t":"C25A"},"8CB4":{"r":"N586FE","t":"MD11"},"8CC8":{"r":"N586G","t":"GLF5"},"8CDC":{"r":"N586GV","t":"GLF5"},"8D73":{"r":"N586NW","t":"B753"},"8DBE":{"r":"N586RW","t":"GLF5"},"904C":{"r":"N587DZ","t":"F900"},"906B":{"r":"N587FE","t":"MD11"},"9099":{"r":"N587HA","t":"B763"},"911F":{"r":"N587NK","t":"A321"},"912A":{"r":"N587NW","t":"B753"},"917C":{"r":"N587SC","t":"B735"},"93B2":{"r":"N588AT","t":"GLF4"},"9422":{"r":"N588FE","t":"MD11"},"9447":{"r":"N588GS","t":"F900"},"9450":{"r":"N588HA","t":"B763"},"94BF":{"r":"N588MM","t":"C25C"},"94D6":{"r":"N588NK","t":"A321"},"94E1":{"r":"N588NW","t":"B753"},"978A":{"r":"N589CA","t":"SR20"},"97D9":{"r":"N589FE","t":"MD11"},"9807":{"r":"N589HA","t":"B763"},"9838":{"r":"N589K","t":"GLF5"},"986B":{"r":"N589MA","t":"TBM8"},"9898":{"r":"N589NW","t":"B753"},"9B0D":{"r":"N59","t":"LJ60"},"9B1C":{"r":"N59AP","t":"GLF4"},"9B46":{"r":"N59CF"},"9B8E":{"r":"N59FC","t":"PA31"},"9BCE":{"r":"N59HS","t":"SR22"},"9C1D":{"r":"N59LW","t":"C510"},"9D09":{"r":"N59WG"},"9D9D":{"r":"N590CD","t":"SR22"},"9DA4":{"r":"N590CL","t":"F900"},"9DCB":{"r":"N590E","t":"GLEX"},"9DE4":{"r":"N590F","t":"F900"},"9DE9":{"r":"N590FE","t":"MD11"},"9E17":{"r":"N590HA","t":"B763"},"9EA8":{"r":"N590NW","t":"B753"},"A08A":{"r":"N59053","t":"B764"},"A1A0":{"r":"N591FE","t":"MD11"},"A25F":{"r":"N591NW","t":"B753"},"A557":{"r":"N592FE","t":"MD11"},"A585":{"r":"N592HA","t":"B763"},"A616":{"r":"N592NW","t":"B753"},"A8C2":{"r":"N593CD","t":"SR22"},"A90E":{"r":"N593FE","t":"MD11"},"A9CD":{"r":"N593NW","t":"B753"},"AC76":{"r":"N594CA","t":"CL30"},"ACC5":{"r":"N594FE","t":"MD11"},"AD0D":{"r":"N594JB","t":"A320"},"AD84":{"r":"N594NW","t":"B753"},"ADC3":{"r":"N594RJ","t":"CL60"},"AFFA":{"r":"N595A","t":"GLF5"},"B02E":{"r":"N595CB","t":"CL30"},"B05E":{"r":"N595E","t":"GLF4"},"B071":{"r":"N595EU","t":"BE40"},"B07C":{"r":"N595FE","t":"MD11"},"B091":{"r":"N595GA"},"B13B":{"r":"N595NW","t":"B753"},"B144":{"r":"N595PE","t":"GLF4"},"B169":{"r":"N595QS","t":"C56X"},"B326":{"r":"N5956B","t":"GLF4"},"B3FF":{"r":"N596DC","t":"GLF4"},"B433":{"r":"N596FE","t":"MD11"},"B4C7":{"r":"N596MC","t":"LJ60"},"B4F2":{"r":"N596NW","t":"B753"},"B68B":{"r":"N59630","t":"B735"},"B7B4":{"r":"N597DA","t":"CL60"},"B7B6":{"r":"N597DC","t":"GLF4"},"B7EA":{"r":"N597FE","t":"MD11"},"B887":{"r":"N597MM","t":"BE20"},"BB52":{"r":"N598CA","t":"C550"},"BB9C":{"r":"N598F","t":"GLF5"},"BBA1":{"r":"N598FE","t":"MD11"},"BBC6":{"r":"N598GS","t":"GLF3"},"BD16":{"r":"N598WC","t":"CL60"},"BEEA":{"r":"N599AV","t":"A320"},"BF58":{"r":"N599FE","t":"MD11"},"BF6E":{"r":"N599GB","t":"C680"},"BF85":{"r":"N599H","t":"GLF5"},"C2BC":{"r":"N6BX","t":"F900"},"C2D8":{"r":"N6D","t":"GLEX"},"C2E4":{"r":"N6DM","t":"AS50"},"C2E7":{"r":"N6DQ","t":"E55P"},"C327":{"r":"N6GD","t":"E135"},"C336":{"r":"N6GU","t":"C680"},"C3D5":{"r":"N6PC"},"C46A":{"r":"N6VB","t":"GLEX"},"C46E":{"r":"N6VF","t":"F900"},"C471":{"r":"N6VJ","t":"BE9T"},"C50B":{"r":"N60BM","t":"AC90"},"C55F":{"r":"N60EW","t":"C501"},"C56D":{"r":"N60FK","t":"F2TH"},"C573":{"r":"N60FR"},"C588":{"r":"N60GM","t":"C421"},"C594":{"r":"N60GZ","t":"M20P"},"C599":{"r":"N60HD","t":"H25B"},"C5D0":{"r":"N60KJ","t":"LJ60"},"C5E9":{"r":"N60LJ","t":"LJ60"},"C5F5":{"r":"N60LW","t":"C550"},"C692":{"r":"N60TC","t":"GLF4"},"C69A":{"r":"N60TL","t":"F900"},"C6F6":{"r":"N60XC","t":"GLEX"},"C749":{"r":"N600AK","t":"GLEX"},"C74B":{"r":"N600AM","t":"CL60"},"C74F":{"r":"N600AR","t":"GLF4"},"C754":{"r":"N600AW","t":"C750"},"C777":{"r":"N600CF","t":"C56X"},"C77B":{"r":"N600CK","t":"GLF4"},"C79A":{"r":"N600DR","t":"GLF4"},"C7D6":{"r":"N600GA","t":"CL60"},"C7DF":{"r":"N600GK","t":"C525"},"C7FF":{"r":"N600HS","t":"C525"},"C807":{"r":"N600J","t":"GLF5"},"C80B":{"r":"N600JD","t":"GLF5"},"C813":{"r":"N600JM","t":"F900"},"C83B":{"r":"N600LB","t":"SR22"},"C84A":{"r":"N600LS","t":"CL30"},"C866":{"r":"N600MV","t":"H25C"},"C886":{"r":"N600PB","t":"E50P"},"C91D":{"r":"N600VC","t":"GLF4"},"C93A":{"r":"N600WG","t":"FA50"},"CA64":{"r":"N60055","t":"CL60"},"CAFA":{"r":"N601AD","t":"CL60"},"CB14":{"r":"N601BE","t":"CL60"},"CB24":{"r":"N601BW","t":"CL60"},"CB52":{"r":"N601DS","t":"CL60"},"CB5D":{"r":"N601EC","t":"CL60"},"CB78":{"r":"N601FE","t":"MD11"},"CB9E":{"r":"N601GT","t":"CL60"},"CBCA":{"r":"N601JM","t":"CL60"},"CBCC":{"r":"N601JP","t":"CL60"},"CBE1":{"r":"N601KK","t":"CL60"},"CC1C":{"r":"N601MU","t":"CL60"},"CC2C":{"r":"N601NK","t":"A320"},"CC4B":{"r":"N601PR","t":"CL60"},"CC86":{"r":"N601S","t":"CL60"},"CC98":{"r":"N601ST","t":"CL60"},"CCAD":{"r":"N601TP","t":"CL60"},"CCB5":{"r":"N601TX","t":"CL60"},"CCD9":{"r":"N601VH","t":"CL60"},"CCF6":{"r":"N601WM","t":"CL60"},"CD65":{"r":"N6010Y","t":"AC11"},"CDB2":{"r":"N60125","t":"BE30"},"CDEE":{"r":"N6014V","t":"BE9L"},"CEAF":{"r":"N602AB","t":"GALX"},"CEB8":{"r":"N602AL","t":"DC87"},"CEBD":{"r":"N602AR","t":"C212"},"CEF3":{"r":"N602CV","t":"F900"},"CF2F":{"r":"N602FE","t":"MD11"},"CFE3":{"r":"N602NK","t":"A320"},"D067":{"r":"N602TS","t":"CL60"},"D26F":{"r":"N603AL","t":"DC87"},"D27A":{"r":"N603AX","t":"DC10"},"D2A7":{"r":"N603CS","t":"GLF4"},"D2E6":{"r":"N603FE","t":"MD11"},"D39A":{"r":"N603NK","t":"A320"},"D4BE":{"r":"N6030B","t":"SR22"},"D621":{"r":"N604AF","t":"CL60"},"D625":{"r":"N604AK","t":"CL60"},"D62E":{"r":"N604AU","t":"CL60"},"D62F":{"r":"N604AV","t":"CL60"},"D633":{"r":"N604AZ","t":"CL60"},"D634":{"r":"N604B","t":"CL60"},"D635":{"r":"N604BA","t":"CL60"},"D636":{"r":"N604BB","t":"CL60"},"D637":{"r":"N604BC","t":"CL60"},"D63F":{"r":"N604BL","t":"CL60"},"D645":{"r":"N604BS","t":"CL60"},"D64A":{"r":"N604BX","t":"DC87"},"D64E":{"r":"N604CA","t":"CL60"},"D650":{"r":"N604CC","t":"CL60"},"D651":{"r":"N604CD","t":"CL60"},"D658":{"r":"N604CL","t":"CL60"},"D65B":{"r":"N604CP","t":"CL60"},"D66B":{"r":"N604DE","t":"CL60"},"D66E":{"r":"N604DH","t":"CL60"},"D678":{"r":"N604DT","t":"CL60"},"D68D":{"r":"N604EP","t":"CL60"},"D69C":{"r":"N604FD"},"D69D":{"r":"N604FE","t":"MD11"},"D6A1":{"r":"N604FJ","t":"CL60"},"D6A9":{"r":"N604FS","t":"CL60"},"D6C1":{"r":"N604GR","t":"CL60"},"D6C6":{"r":"N604GW","t":"CL60"},"D6CD":{"r":"N604HC","t":"CL60"},"D6F4":{"r":"N604JS","t":"CL60"},"D6F8":{"r":"N604JW","t":"CL60"},"D705":{"r":"N604KJ","t":"CL60"},"D718":{"r":"N604LC","t":"CL60"},"D720":{"r":"N604LL","t":"CL60"},"D731":{"r":"N604MC","t":"CL60"},"D737":{"r":"N604MJ","t":"CL60"},"D73A":{"r":"N604MM","t":"CL60"},"D741":{"r":"N604MU","t":"CL60"},"D751":{"r":"N604NK","t":"A320"},"D761":{"r":"N604PA","t":"CL60"},"D79E":{"r":"N604RM","t":"CL60"},"D7A0":{"r":"N604RP","t":"CL60"},"D7B4":{"r":"N604SJ","t":"CL60"},"D7BD":{"r":"N604ST","t":"CL60"},"D7C1":{"r":"N604SX","t":"CL60"},"D7C6":{"r":"N604TB","t":"CL60"},"D7CA":{"r":"N604TF","t":"CL60"},"D824":{"r":"N604WW","t":"CL60"},"D85A":{"r":"N604Z","t":"CL60"},"D862":{"r":"N604ZH","t":"CL60"},"D98D":{"r":"N6048B"},"D9DD":{"r":"N605AL","t":"DC87"},"D9EC":{"r":"N605BA","t":"CL60"},"D9ED":{"r":"N605BB","t":"CL60"},"DA0C":{"r":"N605CH","t":"GLF5"},"DA0E":{"r":"N605CK","t":"CL60"},"DA1E":{"r":"N605DA","t":"CL60"},"DA54":{"r":"N605FE","t":"MD11"},"DA6A":{"r":"N605GB","t":"CL60"},"DA6E":{"r":"N605GF","t":"CL60"},"DA6F":{"r":"N605GG","t":"CL60"},"DA84":{"r":"N605HC","t":"CL60"},"DAA0":{"r":"N605JF","t":"CL60"},"DAAB":{"r":"N605JS","t":"CL60"},"DB08":{"r":"N605NK","t":"A320"},"DB0C":{"r":"N605NP","t":"CL60"},"DB18":{"r":"N605PA","t":"CL60"},"DB28":{"r":"N605PS","t":"CL60"},"DB4A":{"r":"N605RA","t":"GLF2"},"DB4C":{"r":"N605RC","t":"CL60"},"DB57":{"r":"N605RP","t":"CL60"},"DB65":{"r":"N605SC","t":"B734"},"DB7B":{"r":"N605T","t":"CL60"},"DBB3":{"r":"N605VF","t":"GL5T"},"DBCD":{"r":"N605WG","t":"E135"},"DD94":{"r":"N606AL","t":"DC87"},"DD9B":{"r":"N606AT","t":"C650"},"DDC3":{"r":"N606CH","t":"GLF4"},"DDDC":{"r":"N606DH","t":"B721"},"DE0B":{"r":"N606FE","t":"MD11"},"DE26":{"r":"N606GG","t":"CL60"},"DEA2":{"r":"N606MF","t":"SR22"},"DEBF":{"r":"N606NK","t":"A320"},"DEDA":{"r":"N606PM","t":"GLF4"},"DF3B":{"r":"N606TJ","t":"F2TH"},"DF47":{"r":"N606TW","t":"B762"},"E03B":{"r":"N6062V","t":"B350"},"E0A3":{"r":"N6065U","t":"C182"},"E0DB":{"r":"N6067E","t":"B748"},"E17A":{"r":"N607CH","t":"GLF5"},"E186":{"r":"N607CV","t":"GLF5"},"E1C2":{"r":"N607FE","t":"MD11"},"E246":{"r":"N607LM","t":"EA50"},"E276":{"r":"N607NK","t":"A320"},"E28D":{"r":"N607PH","t":"CL60"},"E291":{"r":"N607PM","t":"GLF5"},"E2C5":{"r":"N607RP","t":"CL60"},"E482":{"r":"N6076Z","t":"P46T"},"E4C2":{"r":"N6078T","t":"C182"},"E4F8":{"r":"N608AA","t":"B752"},"E531":{"r":"N608CH","t":"GLF4"},"E534":{"r":"N608CL","t":"GLF4"},"E537":{"r":"N608CP"},"E542":{"r":"N608D","t":"GLF4"},"E579":{"r":"N608FE","t":"MD11"},"E62D":{"r":"N608NK","t":"A320"},"E648":{"r":"N608PM","t":"GLF4"},"E6ED":{"r":"N608WB","t":"GLF5"},"E7E1":{"r":"N6084F"},"E83E":{"r":"N60864","t":"BE58"},"E86D":{"r":"N6088F"},"E87F":{"r":"N6088Z"},"E8AF":{"r":"N609AA","t":"B752"},"E930":{"r":"N609FE","t":"MD11"},"E9B9":{"r":"N609LS","t":"F2TH"},"E9CB":{"r":"N609MK"},"E9E4":{"r":"N609NK","t":"A320"},"E9F6":{"r":"N609PC","t":"C182"},"E9FF":{"r":"N609PM","t":"GLF5"},"EA68":{"r":"N609TS","t":"CL60"},"EBB6":{"r":"N6095A","t":"AC11"},"EC23":{"r":"N6098E","t":"PA46"},"EC6E":{"r":"N61AJ","t":"C421"},"EC7C":{"r":"N61AY","t":"BE20"},"ED58":{"r":"N61KT","t":"C680"},"ED7C":{"r":"N61MD"},"EE7D":{"r":"N61XL","t":"C56X"},"EEC0":{"r":"N610AB","t":"GLF3"},"EED0":{"r":"N610AT","t":"TEX2"},"EF40":{"r":"N610FE","t":"MD11"},"EF54":{"r":"N610G","t":"B752"},"EF64":{"r":"N610GR","t":"C750"},"EFC9":{"r":"N610LS","t":"CL30"},"F032":{"r":"N610QX","t":"CRJ7"},"F234":{"r":"N6108F","t":"P46T"},"F2AE":{"r":"N611CG"},"F349":{"r":"N611JM","t":"GLF4"},"F34B":{"r":"N611JP","t":"P28A"},"F352":{"r":"N611JW","t":"F900"},"F3AB":{"r":"N611NK","t":"A320"},"F428":{"r":"N611TK","t":"C25B"},"F632":{"r":"N612AF","t":"GLF4"},"F642":{"r":"N612AX","t":"DC10"},"F6AE":{"r":"N612FE","t":"MD11"},"F6B0":{"r":"N612FG","t":"GLEX"},"F6C5":{"r":"N612GC","t":"DC10"},"F701":{"r":"N612JN"},"F762":{"r":"N612NK","t":"A320"},"FA65":{"r":"N613FE","t":"MD11"},"FB19":{"r":"N613NK","t":"A320"},"FBDD":{"r":"N613WF","t":"GLEX"},"FDA0":{"r":"N614AF","t":"CL60"},"FDB3":{"r":"N614B","t":"C25B"},"FDB4":{"r":"N614BA","t":"CL60"},"FDD8":{"r":"N614CM","t":"GLF5"},"FE0C":{"r":"N614EP","t":"C56X"},"FE1C":{"r":"N614FE","t":"MD11"},"FE33":{"r":"N614GC","t":"DC10"},"FED0":{"r":"N614NK","t":"A320"},"FF15":{"r":"N614RD","t":"GLF4"}}