{"0000":{"r":"N6140P","t":"PA24"},"0099":{"r":"N61442","t":"C56X"},"01D3":{"r":"N615FE","t":"MD11"},"0275":{"r":"N615MS","t":"F900"},"0287":{"r":"N615NK","t":"A320"},"02A1":{"r":"N615PL","t":"C25C"},"02F1":{"r":"N615SR","t":"FA50"},"0305":{"r":"N615TL","t":"CL60"},"0408":{"r":"N61520"},"0462":{"r":"N6155K","t":"C172"},"053D":{"r":"N616CC","t":"GLF4"},"0546":{"r":"N616CM","t":"TBM8"},"0556":{"r":"N616DC","t":"GLEX"},"056D":{"r":"N616EA","t":"HA4T"},"058A":{"r":"N616FE","t":"MD11"},"05F0":{"r":"N616KG","t":"GLF4"},"063E":{"r":"N616NK","t":"A320"},"0703":{"r":"N616WG","t":"H25B"},"0941":{"r":"N617FE","t":"MD11"},"0994":{"r":"N617JN","t":"GLEX"},"0AB4":{"r":"N617WA","t":"E135"},"0ABF":{"r":"N617WM","t":"GLF4"},"0CF8":{"r":"N618FE","t":"MD11"},"0DFD":{"r":"N618RR","t":"CL60"},"0E70":{"r":"N618WF","t":"GLEX"},"1000":{"r":"N61881","t":"B739"},"1006":{"r":"N61887","t":"B739"},"10AF":{"r":"N619FE","t":"MD11"},"11C9":{"r":"N619SM","t":"F2TH"},"147C":{"r":"N62GB","t":"GALX"},"1508":{"r":"N62MS","t":"GLF5"},"1525":{"r":"N62NW","t":"F900"},"1601":{"r":"N62XR","t":"LJ60"},"160D":{"r":"N62YC","t":"F2TH"},"16BF":{"r":"N620FE","t":"MD11"},"170B":{"r":"N620JF","t":"CL30"},"170D":{"r":"N620JH","t":"GLF4"},"171E":{"r":"N620K","t":"GLEX"},"1750":{"r":"N620M","t":"GLF4"},"1761":{"r":"N620MS","t":"F2TH"},"1773":{"r":"N620NK","t":"A320"},"1818":{"r":"N620V","t":"F2TH"},"1A0A":{"r":"N621AX","t":"DC10"},"1A76":{"r":"N621FE","t":"MD11"},"1AC4":{"r":"N621JH","t":"GLF4"},"1BD0":{"r":"N621VA","t":"A320"},"1E63":{"r":"N622HJ","t":"SR20"},"1EE1":{"r":"N622NK","t":"A320"},"1F60":{"r":"N622TM","t":"TBM8"},"1F87":{"r":"N622VA","t":"A320"},"1FAB":{"r":"N622WM","t":"CL60"},"2110":{"r":"N6227Z","t":"M20P"},"21A6":{"r":"N623CT","t":"F2TH"},"21E4":{"r":"N623FE","t":"MD11"},"2286":{"r":"N623MS","t":"GLF3"},"2298":{"r":"N623NK","t":"A320"},"22D5":{"r":"N623QW","t":"F2TH"},"230E":{"r":"N623TC"},"2335":{"r":"N623US","t":"B742"},"233E":{"r":"N623VA","t":"A320"},"2445":{"r":"N62339","t":"LAMA"},"2520":{"r":"N624AG","t":"B752"},"2540":{"r":"N624BP","t":"GLEX"},"259B":{"r":"N624FE","t":"MD11"},"25E3":{"r":"N624JB","t":"A320"},"2645":{"r":"N624N","t":"GLF5"},"26AC":{"r":"N624SC","t":"SR22"},"26EC":{"r":"N624US","t":"B742"},"26F5":{"r":"N624VA","t":"A320"},"28D3":{"r":"N625AC","t":"C560"},"293F":{"r":"N625EL","t":"CL30"},"2952":{"r":"N625FE","t":"MD11"},"299A":{"r":"N625JB","t":"A320"},"29A2":{"r":"N625JK","t":"GLF5"},"29EF":{"r":"N625MM"},"2A63":{"r":"N625SC","t":"GLEX"},"2A7F":{"r":"N625TF","t":"GLF5"},"2A8F":{"r":"N625TX","t":"C510"},"2AAC":{"r":"N625VA","t":"A320"},"2CDB":{"r":"N626DJ","t":"GL5T"},"2D3F":{"r":"N626HJ","t":"FA50"},"2D60":{"r":"N626JS","t":"GLF5"},"2DB3":{"r":"N626N","t":"BE60"},"2DBD":{"r":"N626NK","t":"A320"},"2E5B":{"r":"N626UT","t":"GLF5"},"2E63":{"r":"N626VA","t":"A320"},"3108":{"r":"N627JB","t":"A320"},"311B":{"r":"N627JW"},"3174":{"r":"N627NK","t":"A320"},"31B5":{"r":"N627R","t":"C750"},"31C3":{"r":"N627RP","t":"C25C"},"321A":{"r":"N627VA","t":"A320"},"3412":{"r":"N628BD","t":"GLF5"},"3433":{"r":"N628CM","t":"CL60"},"3477":{"r":"N628FE","t":"MD11"},"35D1":{"r":"N628VA","t":"A320"},"36FB":{"r":"N62849","t":"B739"},"3782":{"r":"N62884","t":"B739"},"37F0":{"r":"N629CT","t":"PA46"},"3876":{"r":"N629JB","t":"A320"},"3966":{"r":"N629TS","t":"CL60"},"3988":{"r":"N629VA","t":"A320"},"3B35":{"r":"N62980","t":"C206"},"3B6A":{"r":"N63AG","t":"E135"},"3B73":{"r":"N63AR"},"3BA5":{"r":"N63CR","t":"C680"},"3BD4":{"r":"N63EN","t":"C340"},"3C23":{"r":"N63HS","t":"GLF5"},"3C39":{"r":"N63JP","t":"F900"},"3C76":{"r":"N63M","t":"GLF5"},"3C89":{"r":"N63MU","t":"GLF4"},"3D76":{"r":"N63XF","t":"F900"},"3DCC":{"r":"N630AR","t":"CL60"},"3E53":{"r":"N630GA","t":"GALX"},"3E86":{"r":"N630JB","t":"A320"},"3F4C":{"r":"N630S"},"3F98":{"r":"N630VA","t":"A320"},"406F":{"r":"N6302W","t":"NOMA"},"41D2":{"r":"N631DV","t":"GALX"},"41F5":{"r":"N631FE","t":"MD11"},"420A":{"r":"N631GA"},"4255":{"r":"N631KA","t":"FA10"},"42B4":{"r":"N631NW","t":"B742"},"4325":{"r":"N631TJ","t":"C25C"},"434F":{"r":"N631VA","t":"A320"},"45BC":{"r":"N632FW","t":"CL30"},"45F4":{"r":"N632JB","t":"A320"},"463D":{"r":"N632M"},"466B":{"r":"N632NW","t":"B742"},"4706":{"r":"N632VA","t":"A320"},"49AB":{"r":"N633JB","t":"A320"},"4A17":{"r":"N633NK","t":"A320"},"4ABD":{"r":"N633VA","t":"A320"},"4C8F":{"r":"N63392","t":"C206"},"4D47":{"r":"N634H","t":"FA50"},"4D62":{"r":"N634JB","t":"A320"},"4E74":{"r":"N634VA","t":"A320"},"4EAE":{"r":"N634XJ","t":"CL60"},"5119":{"r":"N635JB","t":"A320"},"522B":{"r":"N635VA","t":"A320"},"5265":{"r":"N635XJ","t":"CL60"},"52B2":{"r":"N6350L","t":"BE20"},"52D7":{"r":"N6351N","t":"BE20"},"54D0":{"r":"N636JB","t":"A320"},"551F":{"r":"N636MF","t":"GLF5"},"559A":{"r":"N636SD","t":"E50P"},"55E2":{"r":"N636VA","t":"A320"},"561C":{"r":"N636XJ","t":"CL60"},"5741":{"r":"N6366S","t":"B350"},"57BB":{"r":"N63699","t":"BE30"},"5887":{"r":"N637JB","t":"A320"},"596C":{"r":"N637TF","t":"CL60"},"597B":{"r":"N637TW","t":"B763"},"5999":{"r":"N637VA","t":"A320"},"5BC1":{"r":"N638DB","t":"PA46"},"5C3E":{"r":"N638JB","t":"A320"},"5CF4":{"r":"N638RJ","t":"M20T"},"5D50":{"r":"N638VA","t":"A320"},"5DD4":{"r":"N6380H","t":"HA4T"},"5E0D":{"r":"N63815","t":"BE30"},"5E20":{"r":"N6382P","t":"BE9T"},"5E2B":{"r":"N63820","t":"B739"},"5F41":{"r":"N639AX","t":"B752"},"5FF5":{"r":"N639JB","t":"A320"},"60FE":{"r":"N639US","t":"B742"},"6107":{"r":"N639VA","t":"A320"},"61FF":{"r":"N6393U","t":"BE9L"},"625D":{"r":"N6396H","t":"BE20"},"63DD":{"r":"N64LA","t":"C421"},"63E1":{"r":"N64LE","t":"CL60"},"63FC":{"r":"N64MG","t":"LJ60"},"64A7":{"r":"N64UC","t":"CL60"},"64BF":{"r":"N64VB","t":"BE58"},"65E3":{"r":"N640GT","t":"B763"},"6605":{"r":"N640JB","t":"A320"},"6651":{"r":"N640MC","t":"BE36"},"670E":{"r":"N640US","t":"B742"},"6717":{"r":"N640VA","t":"A320"},"684C":{"r":"N6405K","t":"H25B"},"699A":{"r":"N641GT","t":"B763"},"6AB5":{"r":"N641UA","t":"B763"},"6ACE":{"r":"N641VA","t":"A320"},"6B83":{"r":"N6411X","t":"BE20"},"6BBC":{"r":"N6413J","t":"BE36"},"6D2B":{"r":"N642FE","t":"MD11"},"6D51":{"r":"N642GT","t":"B763"},"6DEE":{"r":"N642P","t":"PA31"},"6E6C":{"r":"N642UA","t":"B763"},"6E85":{"r":"N642VA","t":"A320"},"704F":{"r":"N6429U"},"7071":{"r":"N643AS","t":"MD90"},"70A3":{"r":"N643CS","t":"B734"},"70E2":{"r":"N643FE","t":"MD11"},"7108":{"r":"N643GT","t":"B763"},"712A":{"r":"N643JB","t":"A320"},"71A8":{"r":"N643PC","t":"PC12"},"7223":{"r":"N643UA","t":"B763"},"7327":{"r":"N6433F","t":"BE30"},"7499":{"r":"N644FE","t":"MD11"},"74E1":{"r":"N644JB","t":"A320"},"7558":{"r":"N644NW","t":"B742"},"75DA":{"r":"N644UA","t":"B763"},"77DA":{"r":"N645AM","t":"LJ35"},"7850":{"r":"N645FE","t":"MD11"},"7898":{"r":"N645JB","t":"A320"},"7A7D":{"r":"N6452S","t":"H25B"},"7A8F":{"r":"N6453","t":"F2TH"},"7AFA":{"r":"N6456B","t":"C172"},"7C4F":{"r":"N646JB","t":"A320"},"7D48":{"r":"N646UA","t":"B763"},"7D6E":{"r":"N646VP","t":"C525"},"7E06":{"r":"N6461F","t":"B350"},"7F50":{"r":"N647AV","t":"A319"},"80FF":{"r":"N647UA","t":"B763"},"82F5":{"r":"N648AB","t":"SR22"},"83BD":{"r":"N648JB","t":"A320"},"84B6":{"r":"N648UA","t":"B763"},"856D":{"r":"N64809","t":"B739"},"85F4":{"r":"N64844","t":"B739"},"8774":{"r":"N649JB","t":"A320"},"886D":{"r":"N649UA","t":"B763"},"89E0":{"r":"N6496M","t":"C206"},"8A96":{"r":"N65CC","t":"GLF4"},"8A97":{"r":"N65CD"},"8AD1":{"r":"N65EM","t":"C525"},"8AE4":{"r":"N65FF","t":"CL60"},"8B14":{"r":"N65HD","t":"GLF4"},"8B2F":{"r":"N65JF","t":"P28A"},"8B3B":{"r":"N65JT"},"8B64":{"r":"N65LJ","t":"LJ60"},"8B70":{"r":"N65LW"},"8B7D":{"r":"N65MJ","t":"BE58"},"8B88":{"r":"N65MV","t":"BE9L"},"8BBC":{"r":"N65PX","t":"CL60"},"8C18":{"r":"N65TP","t":"LJ45"},"8CF6":{"r":"N650CK","t":"GLF6"},"8D2E":{"r":"N650ER","t":"GLF6"},"8D54":{"r":"N650GD","t":"GLF6"},"8D6C":{"r":"N650HC","t":"GLF6"},"8DBB":{"r":"N650LG","t":"CL60"},"8DDB":{"r":"N650MP","t":"G150"},"8DDF":{"r":"N650MT","t":"GLF6"},"8E07":{"r":"N650PH","t":"GLF6"},"8E0A":{"r":"N650PL"},"8E14":{"r":"N650PW","t":"GLF4"},"8E41":{"r":"N650RR","t":"GLF6"},"8E71":{"r":"N650TP","t":"GLF6"},"8EDE":{"r":"N650XY","t":"GLF6"},"8FA8":{"r":"N6504K","t":"COL3"},"90F3":{"r":"N651FE","t":"A306"},"913B":{"r":"N651JB","t":"A320"},"9234":{"r":"N651UA","t":"B763"},"94AA":{"r":"N652FE","t":"A306"},"94F2":{"r":"N652JB","t":"A320"},"95EB":{"r":"N652UA","t":"B763"},"9778":{"r":"N6527C","t":"PA34"},"9861":{"r":"N653FE","t":"A306"},"98A7":{"r":"N653J"},"98A9":{"r":"N653JB","t":"A320"},"98FC":{"r":"N653MK","t":"GLF5"},"99A2":{"r":"N653UA","t":"B763"},"9BDD":{"r":"N654CW","t":"TBM8"},"9C18":{"r":"N654FE","t":"A306"},"9D59":{"r":"N654UA","t":"B763"},"9FCF":{"r":"N655FE","t":"A306"},"A017":{"r":"N655JB","t":"A320"},"A110":{"r":"N655UA","t":"B763"},"A3CE":{"r":"N656JB","t":"A320"},"A3D8":{"r":"N656JM"},"A4C7":{"r":"N656UA","t":"B763"},"A6FF":{"r":"N657CT","t":"CL60"},"A708":{"r":"N657DB","t":"F2TH"},"A73D":{"r":"N657FE","t":"A306"},"A785":{"r":"N657JB","t":"A320"},"A7CF":{"r":"N657MA","t":"TBM8"},"A7F1":{"r":"N657NK","t":"A320"},"A87E":{"r":"N657UA","t":"B763"},"AAF4":{"r":"N658FE","t":"A306"},"AB23":{"r":"N658HB"},"AB3C":{"r":"N658JB","t":"A320"},"AC35":{"r":"N658UA","t":"B763"},"AEAB":{"r":"N659FE","t":"A306"},"AEB2":{"r":"N659FM","t":"F2TH"},"AEF3":{"r":"N659JB","t":"A320"},"AFEC":{"r":"N659UA","t":"B763"},"B028":{"r":"N659WL","t":"GLF2"},"B179":{"r":"N6597C","t":"C414"},"B1F7":{"r":"N66AY","t":"R66"},"B22F":{"r":"N66DD","t":"GLF4"},"B23B":{"r":"N66DR","t":"BE35"},"B258":{"r":"N66EV","t":"R66"},"B266":{"r":"N66FJ","t":"F900"},"B2B5":{"r":"N66JN","t":"R66"},"B2D7":{"r":"N66KX","t":"R66"},"B2E1":{"r":"N66LG","t":"BE58"},"B307":{"r":"N66MV","t":"R66"},"B319":{"r":"N66NN","t":"R66"},"B377":{"r":"N66SG","t":"LJ45"},"B3AC":{"r":"N66UK","t":"R66"},"B3CC":{"r":"N66VS","t":"P210"},"B3E5":{"r":"N66WS","t":"P210"},"B422":{"r":"N66ZC","t":"CL60"},"B43F":{"r":"N660AF","t":"CL60"},"B4BB":{"r":"N660FE","t":"A306"},"B5FC":{"r":"N660UA","t":"B763"},"B75A":{"r":"N66051","t":"B764"},"B75F":{"r":"N66056","t":"B764"},"B760":{"r":"N66057","t":"B764"},"B830":{"r":"N661CP","t":"GLF5"},"B872":{"r":"N661FE","t":"A306"},"B887":{"r":"N661GA","t":"GLF5"},"B8BA":{"r":"N661JB","t":"A320"},"B8DB":{"r":"N661KK","t":"P28A"},"B9B3":{"r":"N661UA","t":"B763"},"B9C3":{"r":"N661US","t":"B744"},"BBE7":{"r":"N662CP","t":"GLF5"},"BC29":{"r":"N662FE","t":"A306"},"BC71":{"r":"N662JB","t":"A320"},"BC92":{"r":"N662KK","t":"PA18"},"BD53":{"r":"N662TC","t":"PA46"},"BD6A":{"r":"N662UA","t":"B763"},"BD7A":{"r":"N662US","t":"B744"},"BFE0":{"r":"N663FE","t":"A306"},"C028":{"r":"N663JB","t":"A320"},"C049":{"r":"N663KK","t":"SR22"},"C07B":{"r":"N663MK","t":"F900"},"C0A3":{"r":"N663P","t":"GLF4"},"C0A7":{"r":"N663PD","t":"GLF4"},"C109":{"r":"N663TB"},"C121":{"r":"N663UA","t":"B763"},"C131":{"r":"N663US","t":"B744"},"C207":{"r":"N6632L"},"C355":{"r":"N664CP","t":"GLF4"},"C360":{"r":"N664D","t":"CL60"},"C397":{"r":"N664FE","t":"A306"},"C3EA":{"r":"N664JN","t":"GLF4"},"C4D8":{"r":"N664UA","t":"B763"},"C4E8":{"r":"N664US","t":"B744"},"C706":{"r":"N665CH","t":"C525"},"C70C":{"r":"N665CP","t":"GLF4"},"C74E":{"r":"N665FE","t":"A306"},"C796":{"r":"N665JB","t":"A320"},"C7E2":{"r":"N665MC","t":"PC12"},"C88F":{"r":"N665UA","t":"B763"},"C89F":{"r":"N665US","t":"B744"},"CAA8":{"r":"N666BM","t":"PTS1"},"CAC3":{"r":"N666CP","t":"PA46"},"CB6B":{"r":"N666KG","t":"SR22"},"CB84":{"r":"N666LG","t":"SR22"},"CBAC":{"r":"N666MX","t":"C56X"},"CBB5":{"r":"N666NF","t":"H25B"},"CC3C":{"r":"N666TR","t":"F900"},"CC46":{"r":"N666UA","t":"B763"},"CC56":{"r":"N666US","t":"B744"},"CC68":{"r":"N666VK","t":"C340"},"CCEB":{"r":"N6660R","t":"BE36"},"CDBD":{"r":"N6666R","t":"F900"},"CE90":{"r":"N667DL","t":"M20P"},"CEBC":{"r":"N667FE","t":"A306"},"CEFA":{"r":"N667HS","t":"GLF4"},"CF37":{"r":"N667LC","t":"CL60"},"CFFD":{"r":"N667UA","t":"B763"},"D00D":{"r":"N667US","t":"B744"},"D231":{"r":"N668CP","t":"B737"},"D273":{"r":"N668FE","t":"A306"},"D336":{"r":"N668P","t":"GLF5"},"D3B4":{"r":"N668UA","t":"B763"},"D3C4":{"r":"N668US","t":"B744"},"D465":{"r":"N66803","t":"B739"},"D4AD":{"r":"N66825","t":"B739"},"D4D2":{"r":"N66837","t":"B739"},"D4EF":{"r":"N66841","t":"B739"},"D62A":{"r":"N669FE","t":"A306"},"D665":{"r":"N669HP","t":"F2TH"},"D6BC":{"r":"N669MA","t":"SR22"},"D76B":{"r":"N669UA","t":"B763"},"D77B":{"r":"N669US","t":"B744"},"D9B8":{"r":"N67DP","t":"SR22"},"D9CE":{"r":"N67EL","t":"F900"},"DA31":{"r":"N67JK","t":"P210"},"DA4E":{"r":"N67KP","t":"G150"},"DA84":{"r":"N67MT","t":"FA50"},"DAB9":{"r":"N67PW","t":"FA50"},"DAEC":{"r":"N67RX","t":"GLEX"},"DAF4":{"r":"N67SE","t":"P28A"},"DB14":{"r":"N67TM","t":"GLF4"},"DB55":{"r":"N67WB","t":"F900"},"DB77":{"r":"N67XL","t":"P210"},"DBF6":{"r":"N670CM","t":"CL60"},"DC3A":{"r":"N670FE","t":"A306"},"DD44":{"r":"N670RW","t":"GALX"},"DD7B":{"r":"N670UA","t":"B763"},"DD8B":{"r":"N670US","t":"B744"},"DEDA":{"r":"N67052","t":"B764"},"DEE0":{"r":"N67058","t":"B764"},"DF4B":{"r":"N6709","t":"B752"},"DF75":{"r":"N671AF","t":"GLF4"},"DFF1":{"r":"N671FE","t":"A306"},"E06E":{"r":"N671LE","t":"GLF5"},"E0FB":{"r":"N671RW","t":"GLF5"},"E132":{"r":"N671UA","t":"B763"},"E142":{"r":"N671US","t":"B744"},"E165":{"r":"N671WB"},"E16F":{"r":"N671WM","t":"F2TH"},"E24D":{"r":"N67134","t":"B752"},"E296":{"r":"N67157","t":"B762"},"E297":{"r":"N67158","t":"B762"},"E34D":{"r":"N672BP","t":"CL30"},"E3A8":{"r":"N672FE","t":"A306"},"E425":{"r":"N672LE"},"E47C":{"r":"N672PS","t":"GALX"},"E4B2":{"r":"N672RW","t":"H25B"},"E4E9":{"r":"N672UA","t":"B763"},"E4F9":{"r":"N672US","t":"B744"},"E526":{"r":"N672WM","t":"F900"},"E6FC":{"r":"N673BF","t":"B762"},"E75F":{"r":"N673FE","t":"A306"},"E78D":{"r":"N673HA","t":"GLF6"},"E822":{"r":"N673P","t":"GLF5"},"E869":{"r":"N673RW","t":"H25B"},"E8A0":{"r":"N673UA","t":"B763"},"E8B0":{"r":"N673US","t":"B744"},"E914":{"r":"N673YS","t":"CL60"},"EAA1":{"r":"N674AN","t":"B752"},"EAC1":{"r":"N674BV","t":"SR22"},"EAC2":{"r":"N674BW","t":"AA5"},"EB16":{"r":"N674FE","t":"A306"},"EB68":{"r":"N674JM","t":"C25A"},"EC20":{"r":"N674RW","t":"GLF5"},"EC57":{"r":"N674UA","t":"B763"},"EC67":{"r":"N674US","t":"B744"},"EE4D":{"r":"N675AB","t":"C25A"},"EE79":{"r":"N675BW","t":"BE35"},"EECD":{"r":"N675FE","t":"A306"},"EF8C":{"r":"N675NW","t":"B744"},"F00E":{"r":"N675UA","t":"B763"},"F0DB":{"r":"N6751W","t":"BE58"},"F1A4":{"r":"N6757M","t":"CL60"},"F21D":{"r":"N676BB","t":"C56X"},"F343":{"r":"N676NW","t":"B744"},"F38E":{"r":"N676RW","t":"GLF5"},"F3C5":{"r":"N676UA","t":"B763"},"F5EF":{"r":"N677CD","t":"SR22"},"F63B":{"r":"N677FE","t":"A306"},"F646":{"r":"N677FR","t":"GLF4"},"F6BF":{"r":"N677LM","t":"CL60"},"F77C":{"r":"N677UA","t":"B763"},"F972":{"r":"N678AB","t":"C510"},"F9F2":{"r":"N678FE","t":"A306"},"FA38":{"r":"N678J","t":"BE58"},"FA84":{"r":"N678MA","t":"FA50"},"FAEA":{"r":"N678RC","t":"E135"},"FB03":{"r":"N678SC","t":"GLF5"},"FC06":{"r":"N67812","t":"B739"},"FC72":{"r":"N67845","t":"B739"},"FC73":{"r":"N67846","t":"B739"},"FD3C":{"r":"N679AW","t":"A320"},"FDA9":{"r":"N679FE","t":"A306"}}