{"00E9":{"r":"N68AL","t":"GLF4"},"0208":{"r":"N68MY","t":"BE20"},"0339":{"r":"N680AB"},"036A":{"r":"N680CA","t":"BE20"},"03AF":{"r":"N680EV","t":"C680"},"03B9":{"r":"N680FE","t":"A306"},"03CE":{"r":"N680GA","t":"GLF5"},"03E9":{"r":"N680HC","t":"C680"},"0420":{"r":"N680KH","t":"C525"},"04CC":{"r":"N680SE","t":"C680"},"04DB":{"r":"N680SV","t":"C680"},"04E1":{"r":"N680TA","t":"A320"},"063D":{"r":"N68049","t":"DC10"},"0657":{"r":"N68050","t":"DC10"},"0658":{"r":"N68051","t":"DC10"},"0659":{"r":"N68052","t":"DC10"},"065A":{"r":"N68053","t":"DC10"},"065B":{"r":"N68054","t":"DC10"},"065E":{"r":"N68057","t":"DC10"},"0660":{"r":"N68059","t":"DC10"},"067B":{"r":"N68061","t":"B764"},"0708":{"r":"N681BA","t":"DA40"},"0767":{"r":"N681EW","t":"C182"},"0770":{"r":"N681FE","t":"A306"},"0898":{"r":"N681TA","t":"A320"},"0A13":{"r":"N68155","t":"B762"},"0A17":{"r":"N68159","t":"B762"},"0A31":{"r":"N68160","t":"B762"},"0B27":{"r":"N682FE","t":"A306"},"0B3C":{"r":"N682GA","t":"GALX"},"0C4F":{"r":"N682TA","t":"A320"},"0EC1":{"r":"N683EA","t":"BE36"},"0EDE":{"r":"N683FE","t":"A306"},"0F07":{"r":"N683GW","t":"BE9L"},"1006":{"r":"N683TA","t":"A320"},"1295":{"r":"N684FE","t":"A306"},"12FA":{"r":"N684KF","t":"F2TH"},"13BD":{"r":"N684TA","t":"A320"},"1535":{"r":"N68452","t":"B739"},"1536":{"r":"N68453","t":"B739"},"1607":{"r":"N685CL","t":"C680"},"1618":{"r":"N685DC","t":"F900"},"164C":{"r":"N685FE","t":"A306"},"1760":{"r":"N685SF","t":"GLF4"},"1774":{"r":"N685TA","t":"GLF5"},"1A03":{"r":"N686FE","t":"A306"},"1B2B":{"r":"N686TA","t":"A320"},"1D39":{"r":"N687AA","t":"B752"},"1DBA":{"r":"N687FE","t":"A306"},"20F0":{"r":"N688AA","t":"B752"},"212F":{"r":"N688CP","t":"F2TH"},"2171":{"r":"N688FE","t":"A306"},"21BA":{"r":"N688JC","t":"E135"},"21FA":{"r":"N688LS","t":"GLF4"},"2299":{"r":"N688TA","t":"A320"},"229E":{"r":"N688TF","t":"GLF4"},"22AA":{"r":"N688TT","t":"GLF4"},"22AF":{"r":"N688TY","t":"GLF5"},"2361":{"r":"N68801","t":"B739"},"2384":{"r":"N68811","t":"B739"},"238A":{"r":"N68817","t":"B739"},"23A7":{"r":"N68821","t":"B739"},"23A8":{"r":"N68822","t":"B739"},"23EF":{"r":"N68843","t":"B739"},"2480":{"r":"N68888","t":"CL60"},"24A7":{"r":"N689AA","t":"B752"},"2528":{"r":"N689FE","t":"A306"},"2573":{"r":"N689JE","t":"GLF2"},"26A6":{"r":"N689WM","t":"GLEX"},"277E":{"r":"N6893Y","t":"AEST"},"2960":{"r":"N69LJ","t":"LJ60"},"2965":{"r":"N69LP"},"2AB7":{"r":"N690AA","t":"B752"},"2AF3":{"r":"N690CL","t":"AC90"},"2B38":{"r":"N690FE","t":"A306"},"2D6D":{"r":"N69020","t":"B772"},"2DDF":{"r":"N69059","t":"B764"},"2DFC":{"r":"N69063","t":"B764"},"2E6E":{"r":"N691AA","t":"B752"},"2E81":{"r":"N691AV","t":"A319"},"2EA2":{"r":"N691CC","t":"CL60"},"2EAA":{"r":"N691CL"},"2EEF":{"r":"N691FE","t":"A306"},"2FE7":{"r":"N691RC","t":"GLF5"},"3191":{"r":"N69154","t":"B762"},"3225":{"r":"N692AA","t":"B752"},"32A6":{"r":"N692FE","t":"A306"},"347E":{"r":"N6920B","t":"PA34"},"3773":{"r":"N693SH","t":"F900"},"384E":{"r":"N69302","t":"BE33"},"3A65":{"r":"N694JL","t":"BE58"},"3A68":{"r":"N694JP","t":"F900"},"3A7F":{"r":"N694KM","t":"BE20"},"3A98":{"r":"N694LM","t":"C500"},"3E13":{"r":"N695JB","t":"FA50"},"3E91":{"r":"N695PC","t":"PC12"},"41C0":{"r":"N696HS","t":"CL60"},"4217":{"r":"N696MD","t":"SR22"},"424C":{"r":"N696PG","t":"SR22"},"4292":{"r":"N696SB","t":"F2TH"},"44B7":{"r":"N697A","t":"GLF5"},"44C8":{"r":"N697AS","t":"E55P"},"49F6":{"r":"N698RS","t":"CL60"},"4A62":{"r":"N698W"},"4AE5":{"r":"N69806","t":"B739"},"4B05":{"r":"N69813","t":"B739"},"4B08":{"r":"N69816","t":"B739"},"4B0A":{"r":"N69818","t":"B739"},"4B0B":{"r":"N69819","t":"B739"},"4B29":{"r":"N69824","t":"B739"},"4B2E":{"r":"N69829","t":"B739"},"4B4B":{"r":"N69833","t":"B739"},"4B50":{"r":"N69838","t":"B739"},"4B51":{"r":"N69839","t":"B739"},"4B6B":{"r":"N69840","t":"B739"},"4B72":{"r":"N69847","t":"B739"},"4BFC":{"r":"N69885","t":"B739"},"4BFF":{"r":"N69888","t":"B739"},"4C2F":{"r":"N699AK","t":"HA4T"},"4CD6":{"r":"N699HB","t":"B350"},"4CDC":{"r":"N699HH","t":"GLF4"},"4D3B":{"r":"N699MC","t":"F2TH"},"4E40":{"r":"N699XP","t":"H25B"},"504D":{"r":"N7EN","t":"C501"},"5057":{"r":"N7EY","t":"PA30"},"5085":{"r":"N7GU","t":"GLF4"},"50B0":{"r":"N7JM","t":"GLF4"},"50C0":{"r":"N7KC","t":"F900"},"50D7":{"r":"N7LA","t":"GLF4"},"50FF":{"r":"N7MR"},"510D":{"r":"N7NE","t":"C25C"},"5116":{"r":"N7NP","t":"H500"},"5132":{"r":"N7PS","t":"CL60"},"5169":{"r":"N7RX","t":"GLF4"},"516E":{"r":"N7SB","t":"C750"},"5175":{"r":"N7SJ"},"518F":{"r":"N7TK","t":"C501"},"51A4":{"r":"N7UF","t":"GLF4"},"51E9":{"r":"N7X","t":"FA7X"},"5225":{"r":"N7ZK"},"5277":{"r":"N70CR","t":"CL30"},"52AC":{"r":"N70EU","t":"BE30"},"52AE":{"r":"N70EW","t":"GLEX"},"52C3":{"r":"N70FS","t":"CL30"},"5335":{"r":"N70LF","t":"F900"},"5338":{"r":"N70LJ","t":"LJ35"},"538B":{"r":"N70PS","t":"GLEX"},"5412":{"r":"N70VB","t":"AEST"},"54A6":{"r":"N700AZ","t":"TBM7"},"54BD":{"r":"N700BX","t":"GLEX"},"54CA":{"r":"N700CK","t":"B742"},"54CD":{"r":"N700CN","t":"GLF4"},"54FD":{"r":"N700EL","t":"TBM7"},"5502":{"r":"N700ER","t":"TBM7"},"550D":{"r":"N700FB","t":"C421"},"5526":{"r":"N700GB","t":"GLEX"},"5528":{"r":"N700GD","t":"C510"},"5534":{"r":"N700GR","t":"GL5T"},"553A":{"r":"N700GX","t":"GLEX"},"553B":{"r":"N700GY","t":"TBM7"},"553E":{"r":"N700HA","t":"GLF5"},"5549":{"r":"N700HM","t":"GL5T"},"556A":{"r":"N700JV","t":"TBM7"},"5576":{"r":"N700KG","t":"LJ45"},"5577":{"r":"N700KH","t":"TBM7"},"5580":{"r":"N700KS","t":"GLEX"},"5583":{"r":"N700KV","t":"TBM7"},"5584":{"r":"N700KW","t":"BE20"},"5588":{"r":"N700L","t":"AC95"},"5592":{"r":"N700LK","t":"GL5T"},"5599":{"r":"N700LS","t":"GLEX"},"55AC":{"r":"N700ML","t":"GLEX"},"55C8":{"r":"N700NP","t":"H25B"},"55D1":{"r":"N700NY","t":"GLF4"},"55E1":{"r":"N700PP","t":"GLF4"},"55FE":{"r":"N700QT","t":"TBM7"},"561E":{"r":"N700S","t":"TBM7"},"5635":{"r":"N700SY","t":"TBM7"},"5662":{"r":"N700UT","t":"B350"},"566B":{"r":"N700VB","t":"TBM7"},"567D":{"r":"N700VV","t":"TBM7"},"5689":{"r":"N700WG","t":"AEST"},"56E9":{"r":"N7000C","t":"CL30"},"5881":{"r":"N701CK","t":"B742"},"589D":{"r":"N701DN","t":"B772"},"5A3C":{"r":"N701WC","t":"FA50"},"5A41":{"r":"N701WH","t":"GLEX"},"5A48":{"r":"N701WQ","t":"FA50"},"5C12":{"r":"N702AX","t":"B762"},"5C54":{"r":"N702DN","t":"B772"},"5C57":{"r":"N702DR","t":"E135"},"5C9A":{"r":"N702GH","t":"GLF4"},"5D3C":{"r":"N702NV","t":"BE40"},"5D84":{"r":"N702RS","t":"SF34"},"5D87":{"r":"N702RV","t":"CL60"},"5DA9":{"r":"N702TD","t":"BE10"},"5DBA":{"r":"N702TW","t":"B752"},"5DBC":{"r":"N702TY","t":"GLF5"},"5FB3":{"r":"N703A","t":"H25B"},"5FEF":{"r":"N703CK","t":"B742"},"5FF0":{"r":"N703CL","t":"GLEX"},"600B":{"r":"N703DN","t":"B772"},"6134":{"r":"N703RK","t":"GLF5"},"613B":{"r":"N703RS","t":"SF34"},"6168":{"r":"N703TM","t":"FA50"},"616D":{"r":"N703TS","t":"E135"},"6171":{"r":"N703TW","t":"B752"},"617F":{"r":"ZK552","t":"H47"},"61A6":{"r":"N703VZ","t":"CL30"},"63A6":{"r":"N704CK","t":"B742"},"63BF":{"r":"N704DK","t":"B772"},"63C5":{"r":"N704DR","t":"SR22"},"6483":{"r":"N704MF","t":"GLEX"},"64FB":{"r":"N704SA","t":"B742"},"650F":{"r":"N704SW","t":"B737"},"6577":{"r":"N704X","t":"B752"},"672D":{"r":"N705AM","t":"CL60"},"6779":{"r":"N705DN","t":"B772"},"67A7":{"r":"N705FJ","t":"FA7X"},"67EB":{"r":"N705JB","t":"A320"},"67F5":{"r":"N705JM","t":"B737"},"6869":{"r":"N705PC","t":"GLF4"},"68DF":{"r":"N705TW","t":"B752"},"6B14":{"r":"N706CK","t":"B742"},"6B30":{"r":"N706DN","t":"B772"},"6BA2":{"r":"N706JB","t":"A320"},"6C96":{"r":"N706TW","t":"B752"},"6EA5":{"r":"N707AX","t":"B762"},"6EA9":{"r":"N707BA","t":"DC3T"},"6EAB":{"r":"N707BC","t":"GALX"},"6ECB":{"r":"N707CK","t":"B742"},"6EE7":{"r":"N707DN","t":"B772"},"6EF4":{"r":"N707EA","t":"GLF4"},"6F3A":{"r":"N707GW","t":"GLF5"},"6F69":{"r":"N707JT","t":"B701"},"6F74":{"r":"N707KD","t":"GLF2"},"6F9F":{"r":"N707LX","t":"C750"},"6FAC":{"r":"N707MK","t":"B06"},"6FAE":{"r":"N707MM","t":"F2TH"},"6FB1":{"r":"N707MQ","t":"B703"},"7026":{"r":"N707SG","t":"GALX"},"703D":{"r":"N707TE","t":"GLF4"},"704D":{"r":"N707TW","t":"B752"},"7085":{"r":"N707WB","t":"F900"},"70E8":{"r":"N7070A","t":"C550"},"725C":{"r":"N708AX","t":"B762"},"7282":{"r":"N708CK","t":"B742"},"7286":{"r":"N708CP","t":"SR22"},"729E":{"r":"N708DN","t":"B772"},"7310":{"r":"N708JB","t":"A320"},"73D7":{"r":"N708SA","t":"B742"},"73E4":{"r":"N708SP","t":"LJ45"},"741D":{"r":"N708UW","t":"A319"},"75FE":{"r":"N709AA","t":"GLF5"},"7609":{"r":"N709AM","t":"TRIN"},"7639":{"r":"N709CK","t":"B741"},"7655":{"r":"N709DN","t":"B772"},"7659":{"r":"N709DS","t":"GLEX"},"765D":{"r":"N709DW","t":"GLF5"},"766C":{"r":"N709EL","t":"BE40"},"7681":{"r":"N709FG","t":"GLEX"},"76C7":{"r":"N709JB","t":"A320"},"76D1":{"r":"N709JM","t":"B737"},"7708":{"r":"N709LS","t":"GL5T"},"778E":{"r":"N709SA","t":"PA31"},"77BB":{"r":"N709TW","t":"B752"},"79A9":{"r":"N70990","t":"C182"},"79D1":{"r":"N71BD","t":"GLF4"},"79F0":{"r":"N71CK","t":"LJ35"},"7A4F":{"r":"N71GE","t":"GLF4"},"7AE5":{"r":"N71NE","t":"GLF4"},"7AE9":{"r":"N71NJ","t":"CL60"},"7B00":{"r":"N71PG"},"7B71":{"r":"N71TV","t":"GLF4"},"7B94":{"r":"N71VE","t":"AC90"},"7C22":{"r":"N710AW","t":"C750"},"7C45":{"r":"N710CF","t":"GLF3"},"7C63":{"r":"N710DL","t":"CL30"},"7C65":{"r":"N710DN","t":"B772"},"7C74":{"r":"N710EC","t":"GLF4"},"7CA7":{"r":"N710GD"},"7CD7":{"r":"N710JB","t":"BE20"},"7D13":{"r":"N710LM","t":"CL60"},"7D1D":{"r":"N710LX","t":"GLF4"},"7D20":{"r":"N710M","t":"TBM7"},"7DB4":{"r":"N710SY","t":"B737"},"7DCB":{"r":"N710TW","t":"B752"},"7DEE":{"r":"N710VF","t":"CL60"},"7E0A":{"r":"N710WJ","t":"GLF4"},"7E68":{"r":"N7100C","t":"CL30"},"802F":{"r":"N711EG","t":"GLF3"},"8065":{"r":"N711GL","t":"GLF4"},"80CF":{"r":"N711LS","t":"GL5T"},"80DA":{"r":"N711MC","t":"GLEX"},"80E6":{"r":"N711MQ","t":"GLF2"},"80FA":{"r":"N711NK","t":"C680"},"810E":{"r":"N711PE","t":"F2TH"},"8146":{"r":"N711RL","t":"GLF5"},"8169":{"r":"N711SW","t":"GLF6"},"816A":{"r":"N711SX","t":"GLEX"},"816B":{"r":"N711SY","t":"B737"},"816D":{"r":"N711T","t":"F900"},"8178":{"r":"N711TL","t":"AEST"},"818C":{"r":"N711UF","t":"GLF3"},"819B":{"r":"N711UW","t":"A319"},"81C4":{"r":"N711WM","t":"CRJ2"},"8219":{"r":"N711ZX","t":"B752"},"838C":{"r":"N712AS","t":"GLF3"},"8391":{"r":"N712AX","t":"B762"},"83B7":{"r":"N712CK","t":"B741"},"8445":{"r":"N712JB","t":"A320"},"845F":{"r":"N712KC","t":"C750"},"84AB":{"r":"N712ND","t":"M20P"},"84D0":{"r":"N712PR","t":"CL60"},"84FA":{"r":"N712RH","t":"BE20"},"8539":{"r":"N712TW","t":"B752"},"8748":{"r":"N713AX","t":"B762"},"876E":{"r":"N713CK","t":"B742"},"87E4":{"r":"N713HC","t":"CL60"},"88F0":{"r":"N713TW","t":"B752"},"8909":{"r":"N713UW","t":"A319"},"892A":{"r":"N713WD","t":"C560"},"8B60":{"r":"N714EU","t":"B350"},"8BCA":{"r":"N714K","t":"FA7X"},"8C7A":{"r":"N714SA","t":"B77L"},"8EBC":{"r":"N715BC","t":"BE36"},"8EDC":{"r":"N715CK","t":"B742"},"8F26":{"r":"N715FJ","t":"FA7X"},"8F6A":{"r":"N715JB","t":"A320"},"91B4":{"r":"N7155N","t":"C182"},"9290":{"r":"N716CG","t":"F2TH"},"92D8":{"r":"N716FD"},"961B":{"r":"N717AN","t":"B77W"},"965D":{"r":"N717DD","t":"E55P"},"966F":{"r":"N717DX","t":"GLF4"},"968F":{"r":"N717FD","t":"A306"},"96DF":{"r":"N717JJ","t":"CL30"},"96F0":{"r":"N717KA","t":"SR22"},"9719":{"r":"N717LS","t":"GL5T"},"9723":{"r":"N717MB","t":"C680"},"973D":{"r":"N717NC","t":"PC12"},"9789":{"r":"N717RD","t":"C208"},"97CC":{"r":"N717TW","t":"B752"},"97E5":{"r":"N717UW","t":"A319"},"99D2":{"r":"N718AN","t":"B77W"},"99DF":{"r":"N718BA","t":"B744"},"9A25":{"r":"N718DW","t":"GLF4"},"9A46":{"r":"N718FD","t":"A306"},"9A9E":{"r":"N718JS","t":"GLF4"},"9ADB":{"r":"N718MC","t":"GLF5"},"9AEC":{"r":"N718MV","t":"C25C"},"9B83":{"r":"N718TW","t":"B752"},"9D81":{"r":"N719AE","t":"E135"},"9D89":{"r":"N719AN","t":"B77W"},"9DB2":{"r":"N719CD","t":"SR22"},"9DDC":{"r":"N719DW","t":"FA50"},"9DEB":{"r":"N719EL","t":"BE40"},"9DFD":{"r":"N719FD","t":"A306"},"9E0F":{"r":"N719FX","t":"C208"},"9E76":{"r":"N719L","t":"PRM1"},"9F0D":{"r":"N719SA","t":"GLF4"},"9F14":{"r":"N719SH","t":"F900"},"A1B4":{"r":"N72FD","t":"C750"},"A23A":{"r":"N72LN","t":"GLF4"},"A289":{"r":"N72PS","t":"F2TH"},"A28C":{"r":"N72PV","t":"BE36"},"A33E":{"r":"N72WY","t":"CL60"},"A399":{"r":"N720AN","t":"B77W"},"A3A2":{"r":"N720AX","t":"DC10"},"A3C6":{"r":"N720CH","t":"B737"},"A40D":{"r":"N720FD","t":"A306"},"A465":{"r":"N720JS","t":"GLF5"},"A4AA":{"r":"N720ML","t":"F900"},"A4AB":{"r":"N720MM","t":"B737"},"A57D":{"r":"N720VX","t":"B734"},"A591":{"r":"N720WS","t":"GL5T"},"A597":{"r":"N720WY","t":"F2TH"},"A6A5":{"r":"N7205T","t":"BE36"},"A750":{"r":"N721AN","t":"B77W"},"A75D":{"r":"N721BA","t":"B737"},"A76D":{"r":"N721BS","t":"GLF4"},"A7B8":{"r":"N721ES","t":"C25A"},"A7C4":{"r":"N721FD","t":"A306"},"A7C6":{"r":"N721FF","t":"GLF4"},"A7D9":{"r":"N721G","t":"CL60"},"A7FE":{"r":"N721HM","t":"F900"},"A80B":{"r":"N721J","t":"CL60"},"A82D":{"r":"N721KJ","t":"GLF4"},"A8D3":{"r":"N721S","t":"GLF5"},"A901":{"r":"N721TW","t":"B752"},"AAFA":{"r":"N722A","t":"H25A"},"AB07":{"r":"N722AN","t":"B77W"},"AB12":{"r":"N722AZ"},"AB55":{"r":"N722DR","t":"SR22"},"AB7B":{"r":"N722FD","t":"A306"},"ABC4":{"r":"N722JB","t":"F2TH"},"AC3F":{"r":"N722P","t":"BE36"},"AC4B":{"r":"N722PM","t":"BE9T"},"ACB8":{"r":"N722TW","t":"B752"},"ADD2":{"r":"N7223Y","t":"BE58"},"AEB3":{"r":"N723AB","t":"GLEX"},"AEBE":{"r":"N723AN","t":"B77W"},"AF32":{"r":"N723FD","t":"A306"},"AF44":{"r":"N723FX","t":"C208"},"AF68":{"r":"N723HH","t":"GL5T"},"B06F":{"r":"N723TW","t":"B752"},"B088":{"r":"N723UW","t":"A319"},"B0B1":{"r":"N723WM","t":"SR22"},"B26E":{"r":"N724AF","t":"GLEX"},"B26F":{"r":"N724AG","t":"GLF5"},"B275":{"r":"N724AN","t":"B77W"},"B29D":{"r":"N724CC","t":"C750"},"B2B5":{"r":"N724DB","t":"GLF4"},"B2B7":{"r":"N724DD","t":"GLF4"},"B2DF":{"r":"N724EU","t":"B350"},"B2E9":{"r":"N724FD","t":"A306"},"B350":{"r":"N724KG"},"B3FB":{"r":"N724SC","t":"CL30"},"B625":{"r":"N725AF","t":"GLF5"},"B62C":{"r":"N725AN","t":"B77W"},"B655":{"r":"N725CD","t":"SR22"},"B662":{"r":"N725CS","t":"H25B"},"B6A0":{"r":"N725FD","t":"A306"},"B71B":{"r":"N725LB","t":"GLEX"},"B73E":{"r":"N725MM"},"B8B1":{"r":"N7251Y","t":"BE36"},"B98F":{"r":"N7258","t":"C72R"},"B9DC":{"r":"N726AF"},"B9DD":{"r":"N726AG","t":"C25B"},"B9E3":{"r":"N726AN","t":"B77W"},"BA57":{"r":"N726FD","t":"A306"},"BB62":{"r":"N726RW","t":"GLF4"},"BD9A":{"r":"N727AN","t":"B77W"},"BDA6":{"r":"N727B","t":"BE20"},"BDE3":{"r":"N727DL"},"BE0E":{"r":"N727FD","t":"A306"},"BE92":{"r":"N727LL","t":"B722"},"BEA0":{"r":"N727M","t":"B722"},"BED0":{"r":"N727NY","t":"B722"},"BF26":{"r":"N727SJ","t":"LJ60"},"BF4B":{"r":"N727TW","t":"B752"},"BF71":{"r":"N727VJ","t":"B721"},"C0E0":{"r":"N7277F","t":"BE9L"},"C151":{"r":"N728AN","t":"B77W"},"C1C5":{"r":"N728FD","t":"A306"},"C240":{"r":"N728LB","t":"GLF4"},"C253":{"r":"N728LW","t":"FA50"},"C291":{"r":"N728PH","t":"E135"},"C508":{"r":"N729AN","t":"B77W"},"C517":{"r":"N729BC","t":"BE60"},"C552":{"r":"N729DM","t":"CL60"},"C57C":{"r":"N729FD","t":"A306"},"C5C2":{"r":"N729HZ","t":"CL60"},"C5C5":{"r":"N729JB","t":"A320"},"C5E2":{"r":"N729KF","t":"GLEX"},"C5EA":{"r":"N729KP","t":"CL60"},"C6BB":{"r":"N729TY","t":"GLF4"},"C8B6":{"r":"N73AD","t":"C25B"},"C8B7":{"r":"N73AE"},"C8D6":{"r":"N73BL","t":"P32R"},"C922":{"r":"N73EM","t":"C25B"},"C946":{"r":"N73FY","t":"C172"},"C9C5":{"r":"N73M","t":"GLF5"},"CA37":{"r":"N73RP","t":"GLF5"},"CA4D":{"r":"N73SL","t":"GL5T"},"CB12":{"r":"N730AG","t":"PC12"},"CB18":{"r":"N730AN","t":"B773"},"CB2C":{"r":"N730BH","t":"E135"},"CB8C":{"r":"N730FD","t":"A306"},"CC11":{"r":"N730LM","t":"F900"},"CECF":{"r":"N731AN","t":"B77W"},"CEE0":{"r":"N731BE","t":"E135"},"CF10":{"r":"N731DC","t":"CL30"},"CF43":{"r":"N731FD","t":"A306"},"D062":{"r":"N731SR","t":"F900"},"D077":{"r":"N731TM","t":"TBM8"},"D0D1":{"r":"N731XB","t":"P210"},"D1E4":{"r":"N73152","t":"B762"},"D267":{"r":"N7319T","t":"C182"},"D286":{"r":"N732AN","t":"B773"},"D2FA":{"r":"N732FD","t":"A306"},"D32A":{"r":"N732HB","t":"H25B"},"D38D":{"r":"N732MA","t":"B738"},"D3BF":{"r":"N732PA","t":"CL60"},"D5A2":{"r":"N73259","t":"B738"},"D5DF":{"r":"N73270","t":"B738"},"D5E4":{"r":"N73275","t":"B738"},"D5E5":{"r":"N73276","t":"B738"},"D5E7":{"r":"N73278","t":"B738"},"D605":{"r":"N73283","t":"B738"},"D62E":{"r":"N73299","t":"B738"},"D640":{"r":"N733AR","t":"B77W"},"D668":{"r":"N733CF","t":"CL60"},"D6B1":{"r":"N733FD","t":"A306"},"D6C6":{"r":"N733G","t":"FA50"},"D6EC":{"r":"N733HN","t":"C172"},"D6FA":{"r":"N733JB","t":"FA20"},"D711":{"r":"N733K","t":"FA50"},"D743":{"r":"N733M","t":"FA50"},"D744":{"r":"N733MA","t":"B738"},"DA21":{"r":"N734CH","t":"C172"},"DAFB":{"r":"N734MA","t":"B738"},"DB99":{"r":"N734TJ","t":"GLF3"},"DCE9":{"r":"N73445","t":"B739"},"E4DB":{"r":"N7368X","t":"B350"},"E513":{"r":"N737AG","t":"B737"},"E539":{"r":"N737BV","t":"B737"},"E541":{"r":"N737CC","t":"B737"},"E54F":{"r":"N737CS","t":"SR22"},"E580":{"r":"N737ER","t":"B737"},"E5A9":{"r":"N737GG","t":"B737"},"E606":{"r":"N737L","t":"B737"},"E61F":{"r":"N737M","t":"B738"},"E68C":{"r":"N737RJ","t":"C501"},"E708":{"r":"N737WH","t":"B737"},"E814":{"r":"N7375A","t":"B763"},"E927":{"r":"N738E","t":"CL30"},"E9D7":{"r":"N738MA","t":"B738"},"EA2D":{"r":"N738QM","t":"C172"},"EC06":{"r":"N73860","t":"B753"},"EC7A":{"r":"N739A","t":"B737"},"ED8E":{"r":"N739MA","t":"B738"},"F06C":{"r":"N74CJ","t":"C25C"},"F0BF":{"r":"N74FS","t":"F900"},"F0CE":{"r":"N74GG","t":"GLF4"},"F0FE":{"r":"N74JE","t":"C25A"},"F1B6":{"r":"N74RP","t":"GLF5"},"F221":{"r":"N74VW","t":"GLF5"},"F294":{"r":"N740AK","t":"C25C"},"F2A0":{"r":"N740AX","t":"B762"},"F2A4":{"r":"N740BA","t":"GLF5"},"F2C6":{"r":"N740CK","t":"B744"},"F2F6":{"r":"N740EH","t":"B738"},"F30B":{"r":"N740FD","t":"A306"},"F390":{"r":"N740LM","t":"F900"},"F42B":{"r":"N740SS","t":"GLF5"},"F468":{"r":"N740VC","t":"GLF3"},"F47F":{"r":"N740WA","t":"B744"},"F502":{"r":"N74007","t":"B772"},"F652":{"r":"N741AS","t":"B734"},"F677":{"r":"N741CD","t":"SR22"},"F67D":{"r":"N741CK","t":"B744"},"F6C2":{"r":"N741FD","t":"A306"},"F6D4":{"r":"N741FX","t":"C208"},"F7DF":{"r":"N741SP","t":"F2TH"},"F836":{"r":"N741WA","t":"B744"},"FA0E":{"r":"N742AX","t":"B762"},"FA34":{"r":"N742CK","t":"B742"},"FA5C":{"r":"N742E","t":"CL30"},"FA79":{"r":"N742FD","t":"A306"},"FB0C":{"r":"N742MA","t":"B738"},"FB3F":{"r":"N742PB","t":"B737"},"FB4E":{"r":"N742PS","t":"A319"},"FB96":{"r":"N742SP","t":"E135"},"FBED":{"r":"N742WA","t":"B744"},"FCCD":{"r":"N7423V"},"FDC5":{"r":"N743AX","t":"B762"},"FDEB":{"r":"N743CK","t":"B744"},"FE30":{"r":"N743FD","t":"A306"},"FFA4":{"r":"N743WA","t":"B744"}}