{"017C":{"r":"N744AX","t":"B762"},"01A2":{"r":"N744CK","t":"B744"},"01E7":{"r":"N744FD","t":"A306"},"0381":{"r":"N744XP","t":"H25B"},"0523":{"r":"N745AF","t":"BK17"},"0526":{"r":"N745AJ","t":"SR22"},"0529":{"r":"N745AM","t":"B772"},"0533":{"r":"N745AX","t":"B762"},"0559":{"r":"N745CK","t":"B744"},"059E":{"r":"N745FD","t":"A306"},"06A5":{"r":"N745RS","t":"GLF4"},"06F9":{"r":"N745VA","t":"B734"},"0855":{"r":"N7456P","t":"PA24"},"08E0":{"r":"N746AM","t":"B772"},"0910":{"r":"N746CK","t":"B742"},"0938":{"r":"N746E","t":"CL30"},"0955":{"r":"N746FD","t":"A306"},"099E":{"r":"N746JB","t":"A320"},"0A65":{"r":"N746SA","t":"B742"},"0C6B":{"r":"N7469D","t":"PA18"},"0C90":{"r":"N747AE","t":"GLF5"},"0C92":{"r":"N747AG","t":"E135"},"0CA1":{"r":"N747AX","t":"B762"},"0CA7":{"r":"N747BC","t":"B744"},"0CC7":{"r":"N747CK","t":"B742"},"0D54":{"r":"N747JA","t":"BE9L"},"0D77":{"r":"N747KL","t":"PC12"},"0D7C":{"r":"N747KR","t":"C25C"},"0DAA":{"r":"N747MM","t":"P28R"},"0E1E":{"r":"N747SC","t":"GLF6"},"0E37":{"r":"N747TC"},"0E62":{"r":"N747UW","t":"A319"},"0EA1":{"r":"N747XJ","t":"C750"},"0EBB":{"r":"N747YK","t":"C310"},"107E":{"r":"N748CK","t":"B742"},"10C3":{"r":"N748FD","t":"A306"},"10C8":{"r":"N748FJ"},"11D3":{"r":"N748SA","t":"B742"},"140F":{"r":"N749AX","t":"B762"},"147A":{"r":"N749FD","t":"A306"},"158A":{"r":"N749SA","t":"B743"},"15CC":{"r":"N749US","t":"A319"},"17E5":{"r":"N75CC","t":"GLF4"},"1815":{"r":"N75EA","t":"EA50"},"181E":{"r":"N75EK","t":"F2TH"},"1847":{"r":"N75GA","t":"H25A"},"18B3":{"r":"N75LJ","t":"LJ55"},"18C8":{"r":"N75ME","t":"BE30"},"18EA":{"r":"N75NP","t":"CL60"},"1935":{"r":"N75RP","t":"GLF5"},"198D":{"r":"N75VB","t":"GLF4"},"19BD":{"r":"N75X"},"1A16":{"r":"N750AN","t":"B772"},"1A30":{"r":"N750BP","t":"C750"},"1A32":{"r":"N750BR","t":"FA50"},"1A50":{"r":"N750CW","t":"C750"},"1A8A":{"r":"N750FD","t":"A306"},"1AA5":{"r":"N750GF","t":"C750"},"1AAB":{"r":"N750GM","t":"C750"},"1AC0":{"r":"N750HH","t":"C750"},"1AE3":{"r":"N750JT","t":"C750"},"1B20":{"r":"N750MD","t":"BE20"},"1B21":{"r":"N750ME","t":"C750"},"1B36":{"r":"N750NA","t":"B752"},"1B46":{"r":"N750NS","t":"C750"},"1B60":{"r":"N750PT","t":"C750"},"1BC8":{"r":"N750TX","t":"C750"},"1C0D":{"r":"N750WR","t":"C750"},"1C1F":{"r":"N750XJ","t":"C750"},"1C2C":{"r":"N750XX","t":"C750"},"1DCD":{"r":"N751AN","t":"B772"},"1E41":{"r":"N751FD","t":"A306"},"1E53":{"r":"N751FX","t":"C208"},"1E62":{"r":"N751GM","t":"C750"},"2184":{"r":"N752AN","t":"B772"},"21D3":{"r":"N752DS","t":"DA40"},"220A":{"r":"N752FX","t":"C208"},"2219":{"r":"N752GM","t":"C750"},"2242":{"r":"N752JC","t":"FA50"},"228A":{"r":"N752M","t":"CL30"},"228B":{"r":"N752MA","t":"B734"},"22A4":{"r":"N752NA","t":"B752"},"22B4":{"r":"N752NS","t":"H25B"},"2307":{"r":"N752S","t":"F2TH"},"2310":{"r":"N752SJ","t":"B763"},"2315":{"r":"N752SP","t":"E135"},"2493":{"r":"N7525W","t":"P28A"},"253B":{"r":"N753AN","t":"B772"},"2642":{"r":"N753MA","t":"B734"},"26BF":{"r":"N753SA","t":"B742"},"26EC":{"r":"N753TW","t":"SR22"},"2709":{"r":"N753V","t":"S76"},"28F2":{"r":"N754AN","t":"B772"},"28FF":{"r":"N754BA","t":"GLF5"},"2A12":{"r":"N754NA","t":"B752"},"2A76":{"r":"N754SA","t":"B742"},"2A9F":{"r":"N754TS","t":"GLEX"},"2BA1":{"r":"N75425","t":"B739"},"2BA2":{"r":"N75426","t":"B739"},"2BA4":{"r":"N75428","t":"B739"},"2BA5":{"r":"N75429","t":"B739"},"2BC1":{"r":"N75432","t":"B739"},"2BC2":{"r":"N75433","t":"B739"},"2BC4":{"r":"N75435","t":"B739"},"2BC5":{"r":"N75436","t":"B739"},"2CA9":{"r":"N755AN","t":"B772"},"2DC9":{"r":"N755NA","t":"B752"},"2E14":{"r":"N755RA","t":"GL5T"},"2E47":{"r":"N755TB","t":"M20T"},"2E7C":{"r":"N755VE","t":"GLF5"},"2FA4":{"r":"N7555A","t":"A660"},"305F":{"r":"N756AM","t":"B772"},"3269":{"r":"N756XJ","t":"C750"},"33FA":{"r":"N7569V","t":"C77R"},"3410":{"r":"N757AF","t":"B752"},"3411":{"r":"N757AG","t":"B752"},"3417":{"r":"N757AN","t":"B772"},"3452":{"r":"N757CX","t":"FA20"},"350F":{"r":"N757LL","t":"B752"},"351E":{"r":"N757MA","t":"B752"},"3520":{"r":"N757MC","t":"GLF4"},"352C":{"r":"N757MQ","t":"B752"},"355A":{"r":"N757PL","t":"GLF5"},"35A9":{"r":"N757SQ"},"37CE":{"r":"N758AN","t":"B772"},"37F6":{"r":"N758CC","t":"CL60"},"3952":{"r":"N758SA","t":"B742"},"3B85":{"r":"N759AN","t":"B772"},"3F35":{"r":"N76AF","t":"S76"},"3FA6":{"r":"N76EU","t":"PRM1"},"3FAF":{"r":"N76FC","t":"H25B"},"3FB5":{"r":"N76FJ","t":"FA7X"},"4089":{"r":"N76PW","t":"F900"},"40B4":{"r":"N76RP","t":"GLF5"},"40C5":{"r":"N76SF","t":"CL60"},"40D8":{"r":"N76T","t":"BE36"},"4187":{"r":"N760","t":"F900"},"418F":{"r":"N760AG","t":"GLEX"},"4195":{"r":"N760AN","t":"B772"},"41BD":{"r":"N760CC","t":"GLF5"},"4252":{"r":"N760JB","t":"A320"},"42B5":{"r":"N760NA","t":"B763"},"4319":{"r":"N760SA","t":"B742"},"439E":{"r":"N760XJ","t":"C750"},"43E7":{"r":"N7600G","t":"C750"},"43EA":{"r":"N7600K","t":"B737"},"43EE":{"r":"N7600P","t":"F900"},"43F1":{"r":"N7600S","t":"F900"},"441C":{"r":"N76010","t":"B772"},"4440":{"r":"N76021","t":"B772"},"44AC":{"r":"N76054","t":"B764"},"44AD":{"r":"N76055","t":"B764"},"44CD":{"r":"N76062","t":"B764"},"44CF":{"r":"N76064","t":"B764"},"44D0":{"r":"N76065","t":"B764"},"4548":{"r":"N761AJ","t":"B772"},"4550":{"r":"N761AS","t":"B734"},"4587":{"r":"N761CX","t":"B762"},"461A":{"r":"N761JU","t":"C210"},"46AE":{"r":"N761QS","t":"GALX"},"46D0":{"r":"N761SA","t":"B742"},"4860":{"r":"N76151","t":"B762"},"4862":{"r":"N76153","t":"B762"},"4865":{"r":"N76156","t":"B762"},"4903":{"r":"N762AN","t":"B772"},"493E":{"r":"N762CX","t":"B762"},"4A1A":{"r":"N762MS","t":"GLF6"},"4A23":{"r":"N762NA","t":"B763"},"4A7E":{"r":"N762RS","t":"TBM7"},"4C42":{"r":"N76269","t":"B738"},"4CA4":{"r":"N76292","t":"C120"},"4CD0":{"r":"N763BK","t":"B763"},"4CE0":{"r":"N763CA","t":"B752"},"4CFA":{"r":"N763DB","t":"GLF4"},"4D33":{"r":"N763FJ","t":"FA7X"},"4D77":{"r":"N763JB","t":"A320"},"4DA9":{"r":"N763LB"},"4E80":{"r":"N763US","t":"A319"},"50A7":{"r":"N764CS","t":"C240"},"5191":{"r":"N764NA","t":"B763"},"51DF":{"r":"N764RD","t":"B763"},"521F":{"r":"N764TT","t":"B762"},"5237":{"r":"N764US","t":"A319"},"527A":{"r":"N764XJ","t":"C750"},"5428":{"r":"N765AN","t":"B772"},"552E":{"r":"N765M","t":"GALX"},"5548":{"r":"N765NA","t":"B763"},"558A":{"r":"N765QS","t":"CL35"},"559E":{"r":"N765RM","t":"GLF4"},"55AC":{"r":"N765SA","t":"B742"},"55B2":{"r":"N765SG","t":"GLF5"},"5621":{"r":"N765WT","t":"CL60"},"568E":{"r":"N76502","t":"B738"},"568F":{"r":"N76503","t":"B738"},"5690":{"r":"N76504","t":"B738"},"5691":{"r":"N76505","t":"B738"},"5694":{"r":"N76508","t":"B738"},"56B3":{"r":"N76514","t":"B738"},"56B4":{"r":"N76515","t":"B738"},"56B5":{"r":"N76516","t":"B738"},"56B6":{"r":"N76517","t":"B738"},"56B8":{"r":"N76519","t":"B738"},"56D4":{"r":"N76522","t":"B738"},"56D5":{"r":"N76523","t":"B738"},"56D8":{"r":"N76526","t":"B738"},"56DA":{"r":"N76528","t":"B738"},"56DB":{"r":"N76529","t":"B738"},"57DE":{"r":"N766AM","t":"AS55"},"57DF":{"r":"N766AN","t":"B772"},"588B":{"r":"N766HK","t":"FA50"},"589C":{"r":"N766JB","t":"A320"},"59A5":{"r":"N766US","t":"A319"},"59AE":{"r":"N766VA","t":"B762"},"5B89":{"r":"N767A","t":"B762"},"5B92":{"r":"N767AJ","t":"B772"},"5B9F":{"r":"N767AX","t":"B762"},"5BC7":{"r":"N767CM","t":"BE36"},"5BD0":{"r":"N767CW","t":"GLF5"},"5BD5":{"r":"N767DA","t":"B762"},"5BE6":{"r":"N767DT","t":"GLF4"},"5C11":{"r":"N767FL","t":"GLF5"},"5C3A":{"r":"N767HB","t":"H25B"},"5C7B":{"r":"N767KS","t":"B762"},"5CB1":{"r":"N767MW","t":"B762"},"5CB6":{"r":"N767NA","t":"B763"},"5CBB":{"r":"N767NF","t":"B763"},"5D65":{"r":"N767VA","t":"B762"},"5DE3":{"r":"N7670B","t":"CL30"},"5F41":{"r":"N768AA","t":"B772"},"5F56":{"r":"N768AX","t":"B762"},"5FA4":{"r":"N768E","t":"CL60"},"600A":{"r":"N768JB","t":"A320"},"6011":{"r":"N768JJ","t":"GLF5"},"601D":{"r":"N768JW","t":"F2TH"},"606D":{"r":"N768NA","t":"B763"},"6103":{"r":"N768UA","t":"B772"},"611C":{"r":"N768VA","t":"B762"},"630D":{"r":"N769AX","t":"B762"},"632C":{"r":"N769CC","t":"CL60"},"640C":{"r":"N769MB","t":"BE20"},"641B":{"r":"N769MS","t":"G150"},"6424":{"r":"N769NA","t":"B763"},"64BA":{"r":"N769UA","t":"B772"},"64CA":{"r":"N769US","t":"A319"},"64D3":{"r":"N769VA","t":"B762"},"650D":{"r":"N769XJ","t":"C750"},"66EE":{"r":"N77CP","t":"GLF5"},"66F9":{"r":"N77D","t":"GLF4"},"6735":{"r":"N77FK","t":"GLF4"},"674D":{"r":"N77GJ","t":"M20P"},"67CC":{"r":"N77ML","t":"C441"},"6876":{"r":"N77UF","t":"GLEX"},"68AD":{"r":"N77WL","t":"GLF4"},"68EB":{"r":"N77YY","t":"P32R"},"6914":{"r":"N770AN","t":"B772"},"6922":{"r":"N770BB","t":"B752"},"6923":{"r":"N770BC","t":"CL60"},"69B8":{"r":"N770HB","t":"H25B"},"6A28":{"r":"N770MP","t":"F2TH"},"6A2B":{"r":"N770MS"},"6A85":{"r":"N770RG","t":"H25A"},"6ABA":{"r":"N770TK","t":"PA46"},"6B16":{"r":"N770XB","t":"GLF4"},"6B1D":{"r":"N770XJ","t":"C750"},"6B7E":{"r":"N77006","t":"B772"},"6B9D":{"r":"N77012","t":"B772"},"6B9F":{"r":"N77014","t":"B772"},"6BA4":{"r":"N77019","t":"B772"},"6BC0":{"r":"N77022","t":"B772"},"6C50":{"r":"N77066","t":"B764"},"6C6A":{"r":"N7707X","t":"FA7X"},"6CCB":{"r":"N771AN","t":"B772"},"6CD2":{"r":"N771AV","t":"GLF4"},"6CF3":{"r":"N771CC","t":"BE58"},"6D1D":{"r":"N771DV","t":"F2TH"},"6D79":{"r":"N771HM","t":"FA50"},"6D98":{"r":"N771JT","t":"GLF5"},"6DD8":{"r":"N771MG","t":"BE20"},"6E39":{"r":"N771RD","t":"A333"},"6E5E":{"r":"N771SR","t":"SR22"},"6E81":{"r":"N771UA","t":"B772"},"6FDB":{"r":"N7715X","t":"C525"},"7032":{"r":"N7718D"},"7082":{"r":"N772AN","t":"B772"},"7089":{"r":"N772AV","t":"GLF4"},"7170":{"r":"N772LA","t":"B77L"},"718A":{"r":"N772MB","t":"BE36"},"718B":{"r":"N772MC","t":"F2TH"},"71F0":{"r":"N772RD","t":"A332"},"7238":{"r":"N772UA","t":"B772"},"737D":{"r":"N7725A","t":"B737"},"7439":{"r":"N773AN","t":"B772"},"7442":{"r":"N773AX","t":"B762"},"74A3":{"r":"N773EU","t":"B350"},"74AE":{"r":"N773FE","t":"C208"},"74EB":{"r":"N773HR","t":"H25B"},"7548":{"r":"N773MJ","t":"GLF5"},"75A5":{"r":"N773RB","t":"SR22"},"75EF":{"r":"N773UA","t":"B772"},"7718":{"r":"N7734H","t":"B737"},"77EF":{"r":"N774AM","t":"B772"},"77F0":{"r":"N774AN","t":"B772"},"77F9":{"r":"N774AX","t":"B762"},"7865":{"r":"N774FE","t":"C208"},"78CE":{"r":"N774KK","t":"GLEX"},"78DE":{"r":"N774LA","t":"B77L"},"7974":{"r":"N774SA","t":"B77L"},"79A6":{"r":"N774UA","t":"B772"},"79F9":{"r":"N774XJ","t":"C750"},"7ABD":{"r":"N77430","t":"B739"},"7ABE":{"r":"N77431","t":"B739"},"7BA7":{"r":"N775AN","t":"B772"},"7BB0":{"r":"N775AX","t":"B762"},"7C64":{"r":"N775JB","t":"A320"},"7D2B":{"r":"N775SA","t":"B77L"},"7D3C":{"r":"N775ST","t":"F2TH"},"7D45":{"r":"N775TB","t":"C525"},"7D5D":{"r":"N775UA","t":"B772"},"7E2E":{"r":"N77510","t":"B738"},"7E36":{"r":"N77518","t":"B738"},"7E51":{"r":"N77520","t":"B738"},"7E56":{"r":"N77525","t":"B738"},"7E74":{"r":"N77530","t":"B738"},"7F5D":{"r":"N776AM","t":"B772"},"7F5E":{"r":"N776AN","t":"B772"},"801B":{"r":"N776JB","t":"GLF4"},"804C":{"r":"N776LA","t":"B77L"},"8065":{"r":"N776MA","t":"GLF3"},"8114":{"r":"N776UA","t":"B772"},"830C":{"r":"N777AD","t":"C175"},"8315":{"r":"N777AN","t":"B772"},"8319":{"r":"N777AS","t":"B772"},"8327":{"r":"N777BF","t":"E50P"},"8355":{"r":"N777DB","t":"CL60"},"836A":{"r":"N777DY","t":"C680"},"8381":{"r":"N777EW","t":"C25B"},"838B":{"r":"N777FF","t":"CL60"},"839C":{"r":"N777FY","t":"P210"},"83BE":{"r":"N777HG","t":"BE36"},"83C4":{"r":"N777HN","t":"C25B"},"83D0":{"r":"N777J","t":"CL60"},"83F3":{"r":"N777KK","t":"GLF4"},"8499":{"r":"N777SA","t":"GLF4"},"84B4":{"r":"N777TC","t":"GLF4"},"84CB":{"r":"N777UA","t":"B772"},"8516":{"r":"N777XA","t":"TBM8"},"8662":{"r":"N7777N","t":"GLF4"},"86CC":{"r":"N778AN","t":"B772"},"8701":{"r":"N778CR","t":"GLF4"},"87BA":{"r":"N778LA","t":"B77L"},"8850":{"r":"N778SA","t":"B77L"},"8882":{"r":"N778UA","t":"B772"},"8A26":{"r":"N77871","t":"B753"},"8A83":{"r":"N779AN","t":"B772"},"8A90":{"r":"N779BA","t":"B744"},"8B40":{"r":"N779JB","t":"A320"},"8BBE":{"r":"N779PC","t":"PC12"},"8C39":{"r":"N779UA","t":"B772"},"8E1B":{"r":"N7799T","t":"GLF4"},"8E8B":{"r":"N78DU","t":"BE36"},"8EAC":{"r":"N78FB","t":"BE9T"},"8EB3":{"r":"N78FJ","t":"F2TH"},"8ECA":{"r":"N78GG","t":"BE33"},"8F1B":{"r":"N78KN","t":"HA4T"},"8F39":{"r":"N78LT","t":"FA50"},"8F6B":{"r":"N78NT","t":"F2TH"},"8F9B":{"r":"N78QR","t":"BE9L"},"8FC1":{"r":"N78SD","t":"CL60"},"9089":{"r":"N780AC","t":"PA30"},"9093":{"r":"N780AN","t":"B772"},"90A0":{"r":"N780BA","t":"B744"},"90EA":{"r":"N780E","t":"GLF4"},"9103":{"r":"N780F","t":"GLF5"},"9224":{"r":"N780SP","t":"F900"},"9249":{"r":"N780UA","t":"B772"},"927A":{"r":"N780W","t":"GLF5"},"929C":{"r":"N780XJ","t":"C750"},"92F8":{"r":"N78001","t":"B772"},"92F9":{"r":"N78002","t":"B772"},"92FA":{"r":"N78003","t":"B772"},"92FB":{"r":"N78004","t":"B772"},"92FC":{"r":"N78005","t":"B772"},"92FF":{"r":"N78008","t":"B772"},"9300":{"r":"N78009","t":"B772"},"931D":{"r":"N78013","t":"B772"},"9321":{"r":"N78017","t":"B772"},"93C9":{"r":"N78060","t":"B764"},"944A":{"r":"N781AN","t":"B772"},"9473":{"r":"N781CD","t":"SR20"},"9600":{"r":"N781UA","t":"B772"},"9801":{"r":"N782AN","t":"B772"},"9830":{"r":"N782CK","t":"B744"},"998A":{"r":"N782SF","t":"GLEX"},"99B7":{"r":"N782UA","t":"B772"},"9A0A":{"r":"N782XJ","t":"C750"},"9BB8":{"r":"N783AN","t":"B772"},"9BC1":{"r":"N783AX","t":"B762"},"9CC0":{"r":"N783MB","t":"GLF5"},"9D3C":{"r":"N783SA","t":"B742"},"9D6E":{"r":"N783UA","t":"B772"},"9E57":{"r":"N7832P","t":"PA24"},"9EAD":{"r":"N78345","t":"AC50"},"9F6F":{"r":"N784AN","t":"B772"},"9F78":{"r":"N784AX","t":"B762"},"A02C":{"r":"N784JB","t":"A320"},"A125":{"r":"N784UA","t":"B772"},"A244":{"r":"N78438","t":"B739"},"A267":{"r":"N78448","t":"B739"},"A31D":{"r":"N785AD","t":"F2TH"},"A326":{"r":"N785AN","t":"B772"},"A32F":{"r":"N785AX","t":"B762"},"A3E9":{"r":"N785JH"},"A488":{"r":"N785QS","t":"GLF5"},"A4DC":{"r":"N785UA","t":"B772"},"A510":{"r":"N785WC","t":"BE20"},"A58B":{"r":"N78501","t":"B738"},"A590":{"r":"N78506","t":"B738"},"A593":{"r":"N78509","t":"B738"},"A5AE":{"r":"N78511","t":"B738"},"A5D4":{"r":"N78524","t":"B738"},"A6D3":{"r":"N786AC","t":"C25A"},"A6D4":{"r":"N786AD","t":"F2TH"},"A6DD":{"r":"N786AN","t":"B772"},"A6E6":{"r":"N786AX","t":"B762"},"A713":{"r":"N786CS"},"A79A":{"r":"N786JB","t":"GLF4"},"A893":{"r":"N786UA","t":"B772"},"A8E6":{"r":"N786XJ","t":"C750"},"AA70":{"r":"N7869N","t":"C172"},"AA8B":{"r":"N787AD","t":"FA7X"},"AA92":{"r":"N787AL","t":"B772"},"AA9D":{"r":"N787AX","t":"B762"},"AAA1":{"r":"N787BA","t":"B788"},"AAAA":{"r":"N787BK","t":"B788"},"AAB6":{"r":"N787BX","t":"B788"},"AABE":{"r":"N787CE","t":"P28A"},"AAD2":{"r":"N787D","t":"BE35"},"AB16":{"r":"N787FT","t":"B788"},"AB1D":{"r":"N787G","t":"C340"},"AC0C":{"r":"N787RP","t":"PA46"},"AC4A":{"r":"N787UA","t":"B772"},"AC83":{"r":"N787WH","t":"B732"},"ACC7":{"r":"N787ZA","t":"B788"},"AD93":{"r":"N7875E","t":"C402"},"AE4B":{"r":"N788AN","t":"B772"},"AE54":{"r":"N788AX","t":"B762"},"AF5D":{"r":"N788MM","t":"CL30"},"B001":{"r":"N788UA","t":"B772"},"B032":{"r":"N788W","t":"COL3"},"B113":{"r":"N7883V","t":"M20P"},"B202":{"r":"N789AN","t":"B772"},"B240":{"r":"N789D","t":"BE35"},"B2BF":{"r":"N789JB","t":"A320"},"B2C0":{"r":"N789JC","t":"FA50"},"B2FA":{"r":"N789LL","t":"BE30"},"B30C":{"r":"N789MD","t":"C340"},"B30D":{"r":"N789ME","t":"FA50"},"B386":{"r":"N789SA","t":"B743"},"B44C":{"r":"N789ZZ","t":"F900"},"B5C3":{"r":"N79AY","t":"GLEX"},"B5EB":{"r":"N79CN","t":"P180"},"B61B":{"r":"N79EL","t":"BE40"},"B667":{"r":"N79HM","t":"C25C"},"B66B":{"r":"N79HR"},"B766":{"r":"N79TS","t":"H25B"},"B7C4":{"r":"N79XL","t":"C56X"},"B812":{"r":"N790AN","t":"B772"},"B81B":{"r":"N790AX","t":"B762"},"B826":{"r":"N790BH","t":"SR22"},"B841":{"r":"N790CK","t":"B742"},"B853":{"r":"N790DC","t":"FA20"},"B8D0":{"r":"N790JC","t":"F900"},"B9A5":{"r":"N790SR","t":"SR22"},"B9A8":{"r":"N790SU","t":"LJ60"},"B9B0":{"r":"N790TB","t":"TBM7"},"BA9A":{"r":"N79011","t":"B772"},"BBC9":{"r":"N791AN","t":"B772"},"BBD2":{"r":"N791AX","t":"B762"},"BBF8":{"r":"N791CK","t":"B742"},"BD7F":{"r":"N791UA","t":"B772"},"BF80":{"r":"N792AN","t":"B772"},"BFA7":{"r":"N792CB","t":"C25A"},"BFAF":{"r":"N792CK","t":"B742"},"C136":{"r":"N792UA","t":"B772"},"C337":{"r":"N793AN","t":"B772"},"C340":{"r":"N793AX","t":"B762"},"C366":{"r":"N793CK","t":"B742"},"C36A":{"r":"N793CP","t":"GLF5"},"C36E":{"r":"N793CT","t":"CL60"},"C3AC":{"r":"N793FE","t":"C208"},"C3F4":{"r":"N793JB","t":"A320"},"C4ED":{"r":"N793UA","t":"B772"},"C6EE":{"r":"N794AN","t":"B772"},"C6F7":{"r":"N794AX","t":"B762"},"C71D":{"r":"N794CK","t":"B742"},"C7AB":{"r":"N794JB","t":"A321"},"C7F9":{"r":"N794ME","t":"GLF3"},"C7FC":{"r":"N794MH","t":"GLF4"},"C85B":{"r":"N794RC","t":"CL30"},"C8A4":{"r":"N794UA","t":"B772"},"C8F7":{"r":"N794XJ","t":"C750"},"C981":{"r":"N7942B","t":"C172"},"CAA5":{"r":"N795AN","t":"B772"},"CAB2":{"r":"N795BA","t":"GLF5"},"CAD4":{"r":"N795CK","t":"B742"},"CB4E":{"r":"N795HG","t":"C750"},"CC29":{"r":"N795SA","t":"B742"},"CC5B":{"r":"N795UA","t":"B772"},"CCAE":{"r":"N795XJ","t":"C750"},"CD50":{"r":"N79521","t":"B738"},"CE5C":{"r":"N796AN","t":"B772"},"CE65":{"r":"N796AX","t":"B762"},"CE69":{"r":"N796BA","t":"B737"},"CF19":{"r":"N796JB","t":"A320"},"D012":{"r":"N796UA","t":"B772"},"D213":{"r":"N797AN","t":"B772"},"D23B":{"r":"N797CC","t":"C650"},"D246":{"r":"N797CP","t":"GLF5"},"D24A":{"r":"N797CT","t":"C172"},"D24E":{"r":"N797CX","t":"C750"},"D2C7":{"r":"N797HT","t":"F2TH"},"D2F1":{"r":"N797KK","t":"GLEX"},"D392":{"r":"N797RW","t":"C441"},"D3C9":{"r":"N797UA","t":"B772"},"D49B":{"r":"N79711","t":"B737"},"D5CA":{"r":"N798AN","t":"B772"},"D780":{"r":"N798UA","t":"B772"},"D97F":{"r":"N799AL","t":"DC86"},"D981":{"r":"N799AN","t":"B772"},"D990":{"r":"N799BC","t":"B712"},"D9AA":{"r":"N799CD","t":"SR22"},"DA44":{"r":"N799JH","t":"P28T"},"DA90":{"r":"N799MJ","t":"C680"},"DAF7":{"r":"N799RM","t":"H25B"},"DB37":{"r":"N799UA","t":"B772"},"DB7D":{"r":"N799WW","t":"GLEX"},"DDD0":{"r":"N8GQ","t":"C25C"},"DE02":{"r":"N8JQ","t":"C750"},"DE1C":{"r":"N8KR","t":"P210"},"DE41":{"r":"N8MC","t":"GLF4"},"DE56":{"r":"N8MZ","t":"PA30"},"DEC9":{"r":"N8SP","t":"CL60"},"DF08":{"r":"N8VB","t":"GLEX"},"DF0C":{"r":"N8VF","t":"F900"},"DF84":{"r":"N80A","t":"GLF4"},"DF96":{"r":"N80AT","t":"GLF4"},"DFE5":{"r":"N80DX","t":"LJ60"},"DFE8":{"r":"N80E","t":"H25B"},"E001":{"r":"N80F","t":"C25C"},"E028":{"r":"N80GP","t":"FA50"},"E035":{"r":"N80HB","t":"C25C"},"E037":{"r":"N80HD","t":"H25B"},"E042":{"r":"N80HQ","t":"C510"},"E044":{"r":"N80HS","t":"PA31"},"E07F":{"r":"N80LA"},"E0B8":{"r":"N80NH"},"E0C1":{"r":"N80NS","t":"SR22"},"E0DA":{"r":"N80PS","t":"GLF5"},"E0E2":{"r":"N80Q","t":"F900"},"E124":{"r":"N80SR","t":"GLF3"},"E1E7":{"r":"N800AK","t":"B722"},"E1E8":{"r":"N800AL"},"E1ED":{"r":"N800AR","t":"GLF3"},"E207":{"r":"N800BS","t":"BE20"},"E210":{"r":"N800CA","t":"B190"},"E233":{"r":"N800DL","t":"GLF5"},"E23D":{"r":"N800DW","t":"FA50"},"E266":{"r":"N800FM","t":"C25B"},"E26A":{"r":"N800FR","t":"PRM1"},"E280":{"r":"N800GN","t":"H25B"},"E2A5":{"r":"N800J","t":"GLF4"},"E2AD":{"r":"N800JH","t":"GLF5"},"E2CF":{"r":"N800KS","t":"B737"},"E2E6":{"r":"N800LQ","t":"H25B"},"E2E7":{"r":"N800LR","t":"H25B"},"E2F1":{"r":"N800MA","t":"BL8"},"E316":{"r":"N800NN","t":"B738"},"E328":{"r":"N800PF","t":"C525"},"E32B":{"r":"N800PJ","t":"GALX"},"E32E":{"r":"N800PM","t":"GLF5"},"E337":{"r":"N800PW"},"E35F":{"r":"N800RL","t":"C25A"},"E38A":{"r":"N800TD","t":"GLF3"},"E3A9":{"r":"N800UK","t":"H25B"},"E3C4":{"r":"N800VM","t":"BE76"},"E3DB":{"r":"N800WK","t":"A109"},"E41A":{"r":"N800YY","t":"CL60"},"E43A":{"r":"N8000E"},"E4C3":{"r":"N8004B","t":"LA4"},"E4C6":{"r":"N8004E","t":"P28T"},"E4E2":{"r":"N80048"},"E597":{"r":"N801AC","t":"B788"},"E5A5":{"r":"N801AS","t":"GLF5"},"E5E4":{"r":"N801DE","t":"F2TH"},"E5E7":{"r":"N801DH","t":"DC87"},"E5EA":{"r":"N801DL","t":"FA50"},"E5EB":{"r":"N801DM","t":"B752"},"E5F7":{"r":"N801DZ","t":"B739"},"E603":{"r":"N801EL","t":"CL30"},"E615":{"r":"N801FD","t":"A310"},"E62A":{"r":"N801G","t":"ASTR"},"E6CD":{"r":"N801NN","t":"B738"},"E6D5":{"r":"N801NW","t":"A333"},"E725":{"r":"N801SA","t":"PRM1"},"E73B":{"r":"N801SY","t":"B738"},"E749":{"r":"N801TM","t":"GLF5"},"E79D":{"r":"N801WW","t":"F2TH"},"E952":{"r":"N802AG","t":"GLF5"},"E97F":{"r":"N802CB","t":"GLEX"},"E99E":{"r":"N802DH","t":"DC87"},"E9CC":{"r":"N802FD","t":"A310"},"EA02":{"r":"N802HH","t":"HA4T"},"EA84":{"r":"N802NN","t":"B738"},"EA8C":{"r":"N802NW","t":"A333"},"EADC":{"r":"N802SA","t":"H25A"},"EBAC":{"r":"N8020J","t":"BE9L"},"ED05":{"r":"N803AC","t":"FA50"},"ED09":{"r":"N803AG","t":"GLF4"},"ED55":{"r":"N803DH","t":"DC87"},"ED83":{"r":"N803FD","t":"A310"},"EE3B":{"r":"N803NN","t":"B738"},"EE43":{"r":"N803NW","t":"A333"},"EE89":{"r":"N803RR","t":"CL60"},"EE93":{"r":"N803SA","t":"HA4T"},"EEB7":{"r":"N803TM","t":"GLF5"},"EF89":{"r":"N8031M"},"F0C0":{"r":"N804AG","t":"GLF4"},"F0CA":{"r":"N804AS","t":"GLEX"},"F0FF":{"r":"N804CV","t":"C560"},"F10C":{"r":"N804DH","t":"DC87"},"F13A":{"r":"N804FD","t":"A310"},"F146":{"r":"N804FR","t":"A318"},"F161":{"r":"N804GT","t":"BE9L"},"F183":{"r":"N804JB","t":"A320"},"F1D0":{"r":"N804MD","t":"E170"},"F1DD":{"r":"N804MS","t":"B763"},"F1F2":{"r":"N804NN","t":"B738"},"F1FA":{"r":"N804NW","t":"A333"},"F260":{"r":"N804SY","t":"B738"},"F323":{"r":"N8040T","t":"B06"},"F36B":{"r":"N8042V","t":"C188"},"F4BD":{"r":"N805DB","t":"CL60"},"F4E7":{"r":"N805EU"},"F4F1":{"r":"N805FD","t":"A310"},"F53A":{"r":"N805JB","t":"A320"},"F5A9":{"r":"N805NN","t":"B738"},"F5B1":{"r":"N805NW","t":"A333"},"F617":{"r":"N805SY","t":"B738"},"F663":{"r":"N805VZ","t":"CL60"},"F666":{"r":"N805WB"},"F670":{"r":"N805WM","t":"F900"},"F828":{"r":"N806AA","t":"B788"},"F82A":{"r":"N806AC","t":"GLF5"},"F872":{"r":"N806D","t":"E135"},"F874":{"r":"N806DB","t":"F2TH"},"F8A8":{"r":"N806FD","t":"A310"},"F960":{"r":"N806NN","t":"B738"},"F968":{"r":"N806NW","t":"A333"},"F9CE":{"r":"N806SY","t":"B738"},"FBDF":{"r":"N807AA","t":"B788"},"FBFA":{"r":"N807BC","t":"GLF4"},"FC11":{"r":"N807CA","t":"CRJ2"},"FC2C":{"r":"N807DC","t":"GLEX"},"FC31":{"r":"N807DH","t":"DC87"},"FC5F":{"r":"N807FD","t":"A310"},"FC60":{"r":"N807FE","t":"C208"},"FCF4":{"r":"N807MC","t":"H25B"},"FD17":{"r":"N807NN","t":"B738"},"FD1F":{"r":"N807NW","t":"A333"},"FEAA":{"r":"N8073L"},"FECF":{"r":"N8074N"},"FFA2":{"r":"N808AN","t":"B788"},"FFC8":{"r":"N808CA","t":"P32R"},"FFF9":{"r":"N808E"}}