{"000F":{"r":"N808EX","t":"DH8A"},"0016":{"r":"N808FD","t":"A310"},"0034":{"r":"N808GJ"},"004B":{"r":"N808HG","t":"CL60"},"0064":{"r":"N808JG","t":"GLF5"},"009A":{"r":"N808LL","t":"R44"},"00AE":{"r":"N808MF","t":"GLF4"},"00CE":{"r":"N808NN","t":"B738"},"00D6":{"r":"N808NW","t":"A333"},"0121":{"r":"N808RW","t":"SR22"},"0129":{"r":"N808SD","t":"C25B"},"012C":{"r":"N808SG"},"013E":{"r":"N808T","t":"GLF4"},"0140":{"r":"N808TB"},"0158":{"r":"N808UA","t":"A319"},"015D":{"r":"N808UF","t":"C172"},"0182":{"r":"N808VT","t":"P28A"},"0191":{"r":"N808WH","t":"R44"},"01B4":{"r":"N808XT","t":"CL30"},"0225":{"r":"N8081W"},"0230":{"r":"N80817"},"023D":{"r":"N8082K","t":"P28A"},"024D":{"r":"N80821"},"0252":{"r":"N80826"},"0267":{"r":"N8083S","t":"C150"},"027A":{"r":"N8084A"},"027C":{"r":"N8084C","t":"PA18"},"028B":{"r":"N8084T","t":"C175"},"0293":{"r":"N80841","t":"C172"},"0298":{"r":"N80846"},"02AB":{"r":"N8085Q","t":"C414"},"02B1":{"r":"N8085W","t":"P28A"},"02BE":{"r":"N80859","t":"C172"},"02C2":{"r":"N8086C","t":"PA18"},"02CC":{"r":"N8086N","t":"P28B"},"02CE":{"r":"N8086Q","t":"PA34"},"02E4":{"r":"N8087B","t":"PA32"},"02F9":{"r":"N8087Y","t":"PA30"},"030A":{"r":"N8088E","t":"P28B"},"0310":{"r":"N8088L","t":"C172"},"0325":{"r":"N80887"},"032C":{"r":"N8089D"},"035A":{"r":"N809AP"},"0383":{"r":"N809CE","t":"PA31"},"03C6":{"r":"N809EX","t":"DH8A"},"03CD":{"r":"N809FD","t":"A310"},"0463":{"r":"N809MD","t":"E170"},"0470":{"r":"N809MS","t":"P28R"},"0485":{"r":"N809NN","t":"B738"},"048D":{"r":"N809NW","t":"A333"},"04C7":{"r":"N809RD"},"04EC":{"r":"N809SR","t":"SR22"},"04ED":{"r":"N809SS","t":"EC30"},"04F3":{"r":"N809SY","t":"B738"},"04F9":{"r":"N809TD","t":"E135"},"050F":{"r":"N809UA","t":"A319"},"05B9":{"r":"N8090W","t":"P28A"},"05BF":{"r":"N80902"},"05D6":{"r":"N8091Q","t":"C402"},"05F7":{"r":"N8092N","t":"P28A"},"060A":{"r":"N80927"},"061B":{"r":"N8093P","t":"PA24"},"0640":{"r":"N8094R","t":"P28B"},"0658":{"r":"N8095E"},"0659":{"r":"N8095F","t":"BE36"},"065B":{"r":"N8095H","t":"P28B"},"066B":{"r":"N8095Z"},"0681":{"r":"N8096L"},"0682":{"r":"N8096M","t":"C310"},"0683":{"r":"N8096N","t":"P28A"},"0684":{"r":"N8096P","t":"PA24"},"068C":{"r":"N8096X"},"0690":{"r":"N80961","t":"C172"},"06A2":{"r":"N8097J","t":"P28A"},"06AB":{"r":"N8097T","t":"C175"},"06C3":{"r":"N8098G","t":"C188"},"0718":{"r":"N81AW","t":"PA34"},"071F":{"r":"N81BC","t":"PA23"},"075A":{"r":"N81DM","t":"M20T"},"075F":{"r":"N81DS","t":"DA40"},"0768":{"r":"N81EA","t":"C680"},"078C":{"r":"N81FM","t":"M20P"},"0799":{"r":"N81G"},"079C":{"r":"N81GC","t":"BE9T"},"07A9":{"r":"N81GR"},"07D1":{"r":"N81JF"},"07D3":{"r":"N81JH","t":"CH7A"},"0802":{"r":"N81LE","t":"LGEZ"},"080F":{"r":"N81LT","t":"BE20"},"081E":{"r":"N81MH","t":"P28A"},"0830":{"r":"N81NA","t":"BE9L"},"087C":{"r":"N81RB"},"0883":{"r":"N81RJ","t":"BE36"},"08A0":{"r":"N81SN","t":"F900"},"08B4":{"r":"N81TH","t":"PA34"},"08B7":{"r":"N81TL","t":"BE20"},"08DE":{"r":"N81V"},"0953":{"r":"N81ZS"},"095A":{"r":"N81ZZ","t":"GLEX"},"095D":{"r":"N810AA","t":"GALX"},"0968":{"r":"N810AM"},"0972":{"r":"N810AX","t":"DC10"},"09DD":{"r":"N810FD","t":"A310"},"0A30":{"r":"N810JM"},"0A5B":{"r":"N810LE"},"0A64":{"r":"N810LP","t":"GLF4"},"0A6F":{"r":"N810M","t":"H500"},"0A71":{"r":"N810MB","t":"COL4"},"0A8C":{"r":"N810ND","t":"P28R"},"0A95":{"r":"N810NN","t":"B738"},"0A9D":{"r":"N810NW","t":"A333"},"0AFC":{"r":"N810SR"},"0B11":{"r":"N810TM","t":"GLF4"},"0B1E":{"r":"N810U","t":"F2TH"},"0B41":{"r":"N810VK"},"0BB5":{"r":"N8100A"},"0BB8":{"r":"N8100D"},"0BB9":{"r":"N8100E","t":"F900"},"0BC1":{"r":"N8100N","t":"P28A"},"0BD3":{"r":"N81006","t":"P32R"},"0BD9":{"r":"N8101B","t":"C172"},"0BDB":{"r":"N8101D","t":"PA44"},"0BE3":{"r":"N8101M"},"0BF8":{"r":"N81018"},"0C31":{"r":"N8103V","t":"P28A"},"0C32":{"r":"N8103W","t":"P28A"},"0C42":{"r":"N8104B","t":"C172"},"0C60":{"r":"N81047"},"0C6A":{"r":"N8105G","t":"C210"},"0C7B":{"r":"N8105Z","t":"P28A"},"0C7C":{"r":"N81050","t":"C140"},"0C84":{"r":"N81058","t":"C140"},"0C8E":{"r":"N8106H","t":"P28T"},"0C8F":{"r":"N8106J","t":"BE36"},"0CB9":{"r":"N8107R","t":"PA34"},"0CC5":{"r":"N81073","t":"C140"},"0CE2":{"r":"N8108X","t":"C172"},"0CF4":{"r":"N8109E"},"0CF9":{"r":"N8109K","t":"BE9L"},"0D07":{"r":"N8109Z","t":"P28B"},"0D1F":{"r":"N811AM","t":"H25A"},"0D32":{"r":"N811BF"},"0D51":{"r":"N811CM"},"0D64":{"r":"N811DF","t":"GLF4"},"0D73":{"r":"N811DW","t":"PA18"},"0D8B":{"r":"N811EV"},"0D94":{"r":"N811FD","t":"A310"},"0DA9":{"r":"N811G"},"0DAA":{"r":"N811GA","t":"GLF5"},"0DDB":{"r":"N811J","t":"BE55"},"0E19":{"r":"N811LM","t":"PC12"},"0E4C":{"r":"N811NN","t":"B738"},"0E54":{"r":"N811NW","t":"A333"},"0E8B":{"r":"N811RA","t":"LJ60"},"0ECD":{"r":"N811TS","t":"M20P"},"0ECE":{"r":"N811TT","t":"H269"},"0F0C":{"r":"N811WE"},"0F81":{"r":"N8110X"},"0F86":{"r":"N81102"},"0F8F":{"r":"N8111A"},"0F96":{"r":"N8111H"},"0F97":{"r":"N8111J"},"0F98":{"r":"N8111K"},"0FA4":{"r":"N8111X","t":"C172"},"0FC0":{"r":"N8112Q","t":"P28A"},"0FC1":{"r":"N8112R"},"0FC2":{"r":"N8112S"},"0FC5":{"r":"N8112V"},"0FCE":{"r":"N81124"},"0FD0":{"r":"N81126"},"0FD6":{"r":"N8113B","t":"P28A"},"0FDB":{"r":"N8113G","t":"H269"},"0FE0":{"r":"N8113M","t":"C310"},"0FEE":{"r":"N81131"},"1060":{"r":"N8117","t":"B47G"},"10D6":{"r":"N812AM","t":"H25A"},"114B":{"r":"N812FD","t":"A310"},"1158":{"r":"N812FS","t":"PC12"},"1171":{"r":"N812GS"},"11E1":{"r":"N812MD","t":"E170"},"1203":{"r":"N812NN","t":"B738"},"120B":{"r":"N812NW","t":"A333"},"1273":{"r":"N812T"},"139C":{"r":"N8123S"},"1502":{"r":"N813FD","t":"A310"},"158C":{"r":"N813LS","t":"GLF3"},"15BA":{"r":"N813NN","t":"B738"},"15C2":{"r":"N813NW","t":"A333"},"15CA":{"r":"N813PD","t":"GLF4"},"15F0":{"r":"N813QS"},"1611":{"r":"N813S","t":"P46T"},"1628":{"r":"N813SY","t":"B738"},"1644":{"r":"N813UA","t":"A319"},"185F":{"r":"N814BP","t":"PRM1"},"1971":{"r":"N814NN","t":"B738"},"1979":{"r":"N814NW","t":"A333"},"198E":{"r":"N814PS","t":"CL60"},"1A3D":{"r":"N814WS","t":"C510"},"1A97":{"r":"N8140G","t":"BE36"},"1AC5":{"r":"N8141T","t":"B350"},"1B08":{"r":"N8143Q","t":"B350"},"1B3E":{"r":"N81449","t":"B739"},"1BB9":{"r":"N8148S","t":"B350"},"1C70":{"r":"N815FD","t":"A310"},"1D28":{"r":"N815NN","t":"B738"},"1D30":{"r":"N815NW","t":"A333"},"1D35":{"r":"N815PA","t":"GLEX"},"1D80":{"r":"N815SA","t":"B742"},"1E4E":{"r":"N8150G"},"1FDB":{"r":"N816CC","t":"GALX"},"1FF4":{"r":"N816DC","t":"GLEX"},"2005":{"r":"N816DV","t":"C25C"},"2020":{"r":"N816EX","t":"DH8A"},"2027":{"r":"N816FD","t":"A310"},"20C0":{"r":"N816MG","t":"GLF5"},"20DF":{"r":"N816NN","t":"B738"},"20E7":{"r":"N816NW","t":"A333"},"214D":{"r":"N816SY"},"2275":{"r":"N8163P","t":"SR20"},"2363":{"r":"N817AF","t":"CL60"},"23DE":{"r":"N817FD","t":"A310"},"2475":{"r":"N817ME","t":"GLF4"},"2496":{"r":"N817NN","t":"B738"},"249E":{"r":"N817NW","t":"A333"},"2504":{"r":"N817SY","t":"B738"},"256A":{"r":"N817X","t":"FA7X"},"272E":{"r":"N818BA","t":"GLF4"},"2735":{"r":"N818BH","t":"F2TH"},"2737":{"r":"N818BK","t":"GLF4"},"27AA":{"r":"N818G","t":"GLF4"},"27CD":{"r":"N818HK","t":"GLF5"},"27F1":{"r":"N818JW","t":"GALX"},"27F8":{"r":"N818KC","t":"CL30"},"27FA":{"r":"N818KE","t":"GLF4"},"2818":{"r":"N818LK","t":"GLF5"},"282C":{"r":"N818ME","t":"GLF4"},"2830":{"r":"N818MJ","t":"PA23"},"284D":{"r":"N818NN","t":"B738"},"2855":{"r":"N818NW","t":"A333"},"288E":{"r":"N818RC","t":"CL30"},"2891":{"r":"N818RF","t":"GLF5"},"28B5":{"r":"N818SS","t":"GLF4"},"28BB":{"r":"N818SY","t":"B738"},"28C5":{"r":"N818TH","t":"CL60"},"28C6":{"r":"N818TJ","t":"GLF3"},"28F1":{"r":"N818VB","t":"GLF3"},"293A":{"r":"N818Y","t":"PA30"},"2AD9":{"r":"N819AP","t":"GALX"},"2B12":{"r":"N819CW","t":"C25B"},"2BE2":{"r":"N819MD","t":"E170"},"2C04":{"r":"N819NN","t":"B738"},"2C0C":{"r":"N819NW","t":"A333"},"2C6C":{"r":"N819SS","t":"GLF4"},"2E82":{"r":"N82A","t":"GLF4"},"2E8B":{"r":"N82AJ","t":"C501"},"2E97":{"r":"N82AW","t":"C414"},"2EC1":{"r":"N82CN","t":"CL60"},"2EC9":{"r":"N82CW","t":"GLF3"},"2F35":{"r":"N82HD","t":"F900"},"2F99":{"r":"N82MD"},"2F9B":{"r":"N82MF","t":"F900"},"3007":{"r":"N82RP","t":"F900"},"3026":{"r":"N82SV","t":"F900"},"3131":{"r":"N820DL","t":"BE20"},"318C":{"r":"N820HB","t":"GLF4"},"31FF":{"r":"N820MS","t":"GLF4"},"320A":{"r":"N820NC"},"3214":{"r":"N820NN","t":"B738"},"321C":{"r":"N820NW","t":"A333"},"326C":{"r":"N820SA","t":"B742"},"3338":{"r":"N8200E","t":"F900"},"3456":{"r":"N8208L","t":"C172"},"349E":{"r":"N821AM","t":"GLEX"},"34C1":{"r":"N821BX","t":"DC87"},"34C7":{"r":"N821CC","t":"SR22"},"355C":{"r":"N821JB","t":"A320"},"35CB":{"r":"N821NN","t":"B738"},"35D3":{"r":"N821NW","t":"A333"},"35E5":{"r":"N821PP","t":"C25A"},"37D6":{"r":"N82161","t":"E55P"},"3849":{"r":"N822A","t":"GLF4"},"3878":{"r":"N822BX","t":"DC87"},"38AD":{"r":"N822E","t":"M20P"},"38E2":{"r":"N822GC"},"3960":{"r":"N822MD","t":"E170"},"3982":{"r":"N822NN","t":"B738"},"3A0C":{"r":"N822UA","t":"A319"},"3A52":{"r":"N822WW","t":"F900"},"3AAD":{"r":"N8220M","t":"BE36"},"3B4F":{"r":"N82249","t":"PA34"},"3B67":{"r":"N8225Y","t":"C77R"},"3C51":{"r":"N823DF","t":"GLEX"},"3C97":{"r":"N823GA","t":"GLF4"},"3D17":{"r":"N823MD","t":"E170"},"3D39":{"r":"N823NN","t":"B738"},"3D41":{"r":"N823NW","t":"A333"},"3E98":{"r":"N82314","t":"E170"},"40CE":{"r":"N824MD","t":"E170"},"40DC":{"r":"N824MT","t":"C525"},"40F0":{"r":"N824NN","t":"B738"},"418A":{"r":"N824US","t":"DA40"},"424A":{"r":"N8241Z","t":"P28A"},"43AE":{"r":"N825CP","t":"H25B"},"4474":{"r":"N825LM","t":"GLF5"},"4489":{"r":"N825MH","t":"B764"},"4493":{"r":"N825MT","t":"C525"},"44A7":{"r":"N825NN","t":"B738"},"44BB":{"r":"N825PH","t":"DH8A"},"44FF":{"r":"N825SA","t":"CL60"},"4519":{"r":"N825TB","t":"CL30"},"4573":{"r":"N825WS","t":"PA46"},"4647":{"r":"N8253Z","t":"BE33"},"46E4":{"r":"N8258F","t":"BE36"},"47ED":{"r":"N826J"},"4806":{"r":"N826K","t":"F900"},"4816":{"r":"N826KR","t":"F2TH"},"4840":{"r":"N826MH","t":"B764"},"485E":{"r":"N826NN","t":"B738"},"4B20":{"r":"N827CT","t":"FA50"},"4B73":{"r":"N827GA","t":"GLF4"},"4BF3":{"r":"N827MD","t":"E170"},"4BF7":{"r":"N827MH","t":"B764"},"4C15":{"r":"N827NN","t":"B738"},"4C99":{"r":"N827TV","t":"E135"},"4D88":{"r":"N8272P","t":"P28A"},"4EC8":{"r":"N828CC","t":"GL5T"},"4EEB":{"r":"N828DN","t":"B739"},"4F78":{"r":"N828KD","t":"CL60"},"4FAE":{"r":"N828MH","t":"B764"},"4FD0":{"r":"N828NS","t":"H25B"},"502D":{"r":"N828SK"},"5267":{"r":"N829BD"},"5365":{"r":"N829MH","t":"B764"},"5381":{"r":"N829NL","t":"GLF2"},"5383":{"r":"N829NN","t":"B738"},"5387":{"r":"N829NS","t":"H25B"},"5641":{"r":"N83CP","t":"GLF5"},"5648":{"r":"N83CW","t":"GLF5"},"56A9":{"r":"N83GT","t":"SR22"},"56D2":{"r":"N83JJ","t":"CL30"},"5714":{"r":"N83M","t":"GLF5"},"5729":{"r":"N83MW","t":"S22T"},"575B":{"r":"N83PW","t":"BE20"},"57A5":{"r":"N83SV","t":"F900"},"57C1":{"r":"N83TY","t":"FA50"},"581C":{"r":"N83XP","t":"H25B"},"5889":{"r":"N830BX","t":"DC87"},"58F1":{"r":"N830GA","t":"GLF5"},"5975":{"r":"N830MH","t":"B764"},"5993":{"r":"N830NN","t":"B738"},"59FD":{"r":"N830SU","t":"GLF3"},"5A14":{"r":"N830TS","t":"HA4T"},"5AB7":{"r":"N8300E","t":"FA50"},"5ADE":{"r":"N8301J","t":"B738"},"5AFE":{"r":"N8302F","t":"B738"},"5B2B":{"r":"N8303R","t":"B738"},"5B66":{"r":"N8305E","t":"B738"},"5B8C":{"r":"N8306H","t":"B738"},"5BB1":{"r":"N8307K","t":"B738"},"5BD4":{"r":"N8308K","t":"B738"},"5BF0":{"r":"N8309C","t":"B738"},"5C87":{"r":"N831ET","t":"CL60"},"5D2C":{"r":"N831MH","t":"B764"},"5D4A":{"r":"N831NN","t":"B738"},"5E6C":{"r":"N8310C","t":"B738"},"5E9B":{"r":"N8311Q","t":"B738"},"5EB2":{"r":"N8312C","t":"B738"},"5ED8":{"r":"N8313F","t":"B738"},"5F00":{"r":"N8314L","t":"B738"},"5F1B":{"r":"N8315C","t":"B738"},"5F43":{"r":"N8316H","t":"B738"},"5F6A":{"r":"N8317M","t":"B738"},"5F87":{"r":"N8318F","t":"B738"},"5FAA":{"r":"N8319F","t":"B738"},"60E3":{"r":"N832MH","t":"B764"},"6101":{"r":"N832NN","t":"B738"},"615B":{"r":"N832SC","t":"CL60"},"6229":{"r":"N8320J","t":"B738"},"62E4":{"r":"N8325W","t":"P28A"},"6309":{"r":"N8326Y","t":"PA30"},"63E3":{"r":"N833E","t":"GLF5"},"649A":{"r":"N833MH","t":"B764"},"64B8":{"r":"N833NN","t":"B738"},"6750":{"r":"N834BA","t":"B737"},"676C":{"r":"N834CD","t":"SR22"},"6851":{"r":"N834MH","t":"B764"},"686F":{"r":"N834NN","t":"B738"},"6AEE":{"r":"N835AA","t":"GLF4"},"6B07":{"r":"N835BA","t":"B737"},"6C08":{"r":"N835MH","t":"B764"},"6C26":{"r":"N835NN","t":"B738"},"6CC9":{"r":"N835VA","t":"A320"},"6D2C":{"r":"N835Z","t":"SR22"},"6EA9":{"r":"N836AE","t":"E135"},"6EBE":{"r":"N836BA","t":"B737"},"6EBF":{"r":"N836BB","t":"BE36"},"6FBF":{"r":"N836MH","t":"B764"},"6FDD":{"r":"N836NN","t":"B738"},"705B":{"r":"N836TP","t":"BE36"},"7080":{"r":"N836VA","t":"A320"},"7275":{"r":"N837BA","t":"GLF5"},"7376":{"r":"N837MH","t":"B764"},"7394":{"r":"N837NN","t":"B738"},"7437":{"r":"N837VA","t":"A320"},"75A8":{"r":"N8377","t":"G164"},"762C":{"r":"N838BA","t":"GLF5"},"765F":{"r":"N838DB","t":"FA50"},"76E5":{"r":"N838JL","t":"H25B"},"772B":{"r":"N838MF","t":"GLF5"},"772D":{"r":"N838MH","t":"B764"},"774B":{"r":"N838NN","t":"B738"},"77A5":{"r":"N838SC","t":"GLEX"},"77EE":{"r":"N838VA","t":"A320"},"7A21":{"r":"N839DN","t":"B739"},"7AE4":{"r":"N839MH","t":"B764"},"7B02":{"r":"N839NN","t":"B738"},"7BA5":{"r":"N839VA","t":"A320"},"7DE5":{"r":"N84EA","t":"C750"},"7E2A":{"r":"N84GV","t":"GLF5"},"7E33":{"r":"N84HD","t":"GLF4"},"7E90":{"r":"N84LX","t":"C56X"},"7ECE":{"r":"N84PJ","t":"C750"},"7F5B":{"r":"N84V"},"7F65":{"r":"N84VK","t":"PA24"},"7FE0":{"r":"N840AG","t":"PC12"},"800F":{"r":"N840CD","t":"SR20"},"80F4":{"r":"N840MH","t":"B764"},"8112":{"r":"N840NN","t":"B738"},"812B":{"r":"N840PN","t":"AC90"},"81B5":{"r":"N840VA","t":"A320"},"8236":{"r":"N8400E","t":"FA50"},"8395":{"r":"N841AE","t":"E135"},"84AB":{"r":"N841MH","t":"B764"},"84C9":{"r":"N841NN","t":"B738"},"856C":{"r":"N841VA","t":"A320"},"8595":{"r":"N841WS","t":"GLF4"},"87DE":{"r":"N842GA"},"8862":{"r":"N842MH","t":"B764"},"8880":{"r":"N842NN","t":"B738"},"888D":{"r":"N842PA","t":"GLF4"},"8923":{"r":"N842VA","t":"A320"},"8941":{"r":"N842WF","t":"PC12"},"8C19":{"r":"N843MH","t":"B764"},"8C37":{"r":"N843NN","t":"B738"},"8CAC":{"r":"N843TE","t":"EA50"},"8CDA":{"r":"N843VA","t":"A320"},"8F51":{"r":"N844GF","t":"GLF4"},"8FD0":{"r":"N844MH","t":"B764"},"8FEE":{"r":"N844NN","t":"B738"},"9091":{"r":"N844VA","t":"A320"},"92EE":{"r":"N845FE","t":"C208"},"9302":{"r":"N845G","t":"GLF4"},"9387":{"r":"N845MH","t":"B764"},"93A5":{"r":"N845NN","t":"B738"},"942F":{"r":"N845UA","t":"A319"},"943C":{"r":"N845UP","t":"CL30"},"9448":{"r":"N845VA","t":"A320"},"965A":{"r":"N846CE","t":"SR20"},"975C":{"r":"N846NN","t":"B738"},"978D":{"r":"N846QM","t":"GLF5"},"97FF":{"r":"N846VA","t":"A320"},"9B13":{"r":"N847NN","t":"B738"},"9BB6":{"r":"N847VA","t":"A320"},"9C76":{"r":"N84718","t":"P28T"},"9DC6":{"r":"N848CC","t":"CL60"},"9E2D":{"r":"N848GF","t":"GLF4"},"9ECA":{"r":"N848NN","t":"B738"},"9F6D":{"r":"N848VA","t":"A320"},"A281":{"r":"N849NN","t":"B738"},"A324":{"r":"N849VA","t":"A320"},"A4FE":{"r":"N85","t":"CL60"},"A53C":{"r":"N85CL","t":"F900"},"A54A":{"r":"N85D","t":"GLEX"},"A557":{"r":"N85DN","t":"FA7X"},"A612":{"r":"N85M","t":"F2TH"},"A63F":{"r":"N85NV","t":"GLF5"},"A6B5":{"r":"N85TN","t":"FA50"},"A6DA":{"r":"N85V","t":"GLF5"},"A75B":{"r":"N850AC","t":"TBM8"},"A762":{"r":"N850AK","t":"TBM8"},"A76B":{"r":"N850AU","t":"TBM8"},"A76C":{"r":"N850AV","t":"TBM8"},"A76F":{"r":"N850AY","t":"TBM8"},"A788":{"r":"N850BY","t":"TBM8"},"A79C":{"r":"N850CT","t":"H25B"},"A7A2":{"r":"N850CZ","t":"TBM8"},"A7BB":{"r":"N850DZ","t":"TBM8"},"A7BF":{"r":"N850EC","t":"H25B"},"A7C8":{"r":"N850EM","t":"H25B"},"A7C9":{"r":"N850EN","t":"FA50"},"A7CA":{"r":"N850EP","t":"FA50"},"A7D6":{"r":"N850FA","t":"TBM8"},"A7D9":{"r":"N850FD","t":"B77L"},"A7E5":{"r":"N850FR","t":"TBM8"},"A7F1":{"r":"N850GC","t":"TBM8"},"A7F5":{"r":"N850GG","t":"TBM8"},"A7FA":{"r":"N850GM","t":"TBM8"},"A800":{"r":"N850GT","t":"B748"},"A832":{"r":"N850JT","t":"TBM8"},"A83D":{"r":"N850KD","t":"TBM8"},"A843":{"r":"N850KK","t":"TBM8"},"A857":{"r":"N850LE","t":"TBM8"},"A859":{"r":"N850LG","t":"GLF4"},"A85A":{"r":"N850LH","t":"TBM8"},"A86C":{"r":"N850MA","t":"TBM8"},"A87B":{"r":"N850MR"},"A891":{"r":"N850NN","t":"B738"},"A892":{"r":"N850NP","t":"TBM8"},"A89E":{"r":"N850PA","t":"TBM8"},"A8A4":{"r":"N850PG","t":"GLF3"},"A8AD":{"r":"N850PR","t":"TBM8"},"A8AF":{"r":"N850PT","t":"TBM8"},"A8E1":{"r":"N850RT","t":"TBM8"},"A8F1":{"r":"N850SJ","t":"TBM8"},"A8F5":{"r":"N850SN","t":"TBM8"},"A8FF":{"r":"N850SY","t":"TBM8"},"A905":{"r":"N850TD","t":"TBM8"},"A90A":{"r":"N850TJ","t":"TBM8"},"A912":{"r":"N850TS","t":"TBM8"},"A915":{"r":"N850TV","t":"TBM8"},"A935":{"r":"N850VB","t":"TBM8"},"A939":{"r":"N850VF","t":"TBM8"},"A93F":{"r":"N850VM"},"A958":{"r":"N850WM","t":"TBM8"},"AA59":{"r":"N85044","t":"CH7A"},"AB11":{"r":"N851AB","t":"E55P"},"AB43":{"r":"N851CB","t":"GLF4"},"AB90":{"r":"N851FD","t":"B77L"},"ABAC":{"r":"N851GG","t":"GLF4"},"ABB7":{"r":"N851GT","t":"B748"},"AC48":{"r":"N851NN","t":"B738"},"AC50":{"r":"N851NW","t":"A332"},"ACEB":{"r":"N851VA","t":"A320"},"AD04":{"r":"N851WA","t":"TBM8"},"AECD":{"r":"N852AG","t":"B752"},"AEFC":{"r":"N852CD","t":"SR22"},"AF47":{"r":"N852FD","t":"B77L"},"AFFF":{"r":"N852NN","t":"B738"},"B007":{"r":"N852NW","t":"A332"},"B0A2":{"r":"N852VA","t":"A320"},"B2B0":{"r":"N853CA","t":"TBM8"},"B2FE":{"r":"N853FD","t":"B77L"},"B325":{"r":"N853GT","t":"B748"},"B3B6":{"r":"N853NN","t":"B738"},"B3BE":{"r":"N853NW","t":"A332"},"B459":{"r":"N853VA","t":"A320"},"B548":{"r":"N8533K","t":"B06"},"B559":{"r":"N85332","t":"CH7A"},"B55D":{"r":"N85336","t":"CH7A"},"B573":{"r":"N8534T","t":"C182"},"B593":{"r":"N8535Q","t":"C206"},"B61C":{"r":"N8539M","t":"BE35"},"B6B5":{"r":"N854FD","t":"B77L"},"B6DC":{"r":"N854GT","t":"B748"},"B76D":{"r":"N854NN","t":"B738"},"B775":{"r":"N854NW","t":"A332"},"B7C8":{"r":"N854SD","t":"GLF4"},"B810":{"r":"N854VA","t":"A320"},"BA62":{"r":"N855EU","t":"BE20"},"BA6C":{"r":"N855FD","t":"B77L"},"BA81":{"r":"N855G","t":"GLF5"},"BA93":{"r":"N855GT","t":"B748"},"BB24":{"r":"N855NN","t":"B738"},"BB2C":{"r":"N855NW","t":"A332"},"BB64":{"r":"N855RB","t":"GLF5"},"BB7C":{"r":"N855SA","t":"GLF3"},"BB9D":{"r":"N855TJ","t":"F2TH"},"BBC7":{"r":"N855VA","t":"A320"},"BE23":{"r":"N856FD","t":"B77L"},"BE76":{"r":"N856JM","t":"CL60"},"BEDB":{"r":"N856NN","t":"B738"},"BEE3":{"r":"N856NW","t":"A332"},"C1DA":{"r":"N857FD","t":"B77L"},"C292":{"r":"N857NN","t":"B738"},"C29A":{"r":"N857NW","t":"A332"},"C2FB":{"r":"N857ST","t":"GLF4"},"C51C":{"r":"N858AM","t":"B738"},"C51E":{"r":"N858AP","t":"BE58"},"C587":{"r":"N858EU","t":"BE58"},"C591":{"r":"N858FD","t":"B77L"},"C5F6":{"r":"N858KE","t":"H25B"},"C649":{"r":"N858NN","t":"B738"},"C651":{"r":"N858NW","t":"A332"},"C6A4":{"r":"N858SD","t":"C25A"},"C8CE":{"r":"N859AG","t":"CL60"},"C8D3":{"r":"N859AM","t":"B738"},"C948":{"r":"N859FD","t":"B77L"},"CA00":{"r":"N859NN","t":"B738"},"CA08":{"r":"N859NW","t":"A332"},"CA17":{"r":"N859PL","t":"PC12"},"CC7D":{"r":"N86","t":"CL60"},"CC86":{"r":"N86AH","t":"SR22"},"CD68":{"r":"N86KJ","t":"TBM8"},"CD7E":{"r":"N86LF","t":"HA4T"},"CDB8":{"r":"N86NP","t":"CL60"},"CE3C":{"r":"N86TW","t":"GLEX"},"CED8":{"r":"N860AA","t":"GLF5"},"CEE3":{"r":"N860AM"},"CEE5":{"r":"N860AP","t":"HA4T"},"CEF1":{"r":"N860BA","t":"FA50"},"CF23":{"r":"N860DA","t":"B772"},"D010":{"r":"N860NN","t":"B738"},"D018":{"r":"N860NW","t":"A332"},"D01F":{"r":"N860PC","t":"SR22"},"D063":{"r":"N860RW","t":"E170"},"D079":{"r":"N860ST","t":"F900"},"D135":{"r":"N8600F","t":"B738"},"D155":{"r":"N8601C","t":"B738"},"D17B":{"r":"N8602F","t":"B738"},"D19E":{"r":"N8603F","t":"B738"},"D1C5":{"r":"N8604K","t":"B738"},"D230":{"r":"N8607M","t":"B738"},"D29A":{"r":"N861AM","t":"B738"},"D2DA":{"r":"N861DA","t":"B772"},"D30F":{"r":"N861FD","t":"B77L"},"D310":{"r":"N861FE","t":"C208"},"D33E":{"r":"N861HA","t":"C25B"},"D3C7":{"r":"N861NN","t":"B738"},"D3CF":{"r":"N861NW","t":"A332"},"D424":{"r":"N861SF","t":"C182"},"D520":{"r":"N8611Y","t":"PA30"},"D560":{"r":"N8613S","t":"C150"},"D57E":{"r":"N8614M","t":"B738"},"D691":{"r":"N862DA","t":"B772"},"D6C6":{"r":"N862FD","t":"B77L"},"D746":{"r":"N862LG","t":"E55P"},"D76A":{"r":"N862MT","t":"C525"},"D77E":{"r":"N862NN","t":"B738"},"DA33":{"r":"N863CE","t":"H25B"},"DA48":{"r":"N863DA","t":"B772"},"DA7D":{"r":"N863FD","t":"B77L"},"DB35":{"r":"N863NN","t":"B738"},"DDFF":{"r":"N864DA","t":"B772"},"DE34":{"r":"N864FD","t":"B77L"},"DEEC":{"r":"N864NN","t":"B738"},"E04B":{"r":"N86414"},"E16B":{"r":"N865AA","t":"GLF2"},"E1B6":{"r":"N865DA","t":"B772"},"E1E7":{"r":"N865F","t":"DC86"},"E275":{"r":"N865LS","t":"E135"},"E2A3":{"r":"N865NN","t":"B738"},"E2B2":{"r":"N865PC","t":"FA50"},"E3E6":{"r":"N8651A","t":"B738"},"E553":{"r":"N866C","t":"SR22"},"E56D":{"r":"N866DA","t":"B772"},"E629":{"r":"N866LP","t":"PA46"},"E65A":{"r":"N866NN","t":"B738"},"E6D6":{"r":"N866TM","t":"CL30"},"E868":{"r":"N86664"},"E924":{"r":"N867DA","t":"B772"},"EA11":{"r":"N867NN","t":"B738"},"EA84":{"r":"N867TC"},"EB60":{"r":"N8671N","t":"PA32"},"ECA1":{"r":"N868AT","t":"TBM7"},"ECCB":{"r":"N868CK","t":"SR22"},"ED41":{"r":"N868HC","t":"C25C"},"EDC8":{"r":"N868NN","t":"B738"},"F17F":{"r":"N869NN","t":"B738"},"F373":{"r":"N8696C","t":"CRJ2"},"F3FC":{"r":"N87","t":"CL60"},"F47A":{"r":"N87F","t":"C120"},"F598":{"r":"N87SL","t":"C750"},"F5B3":{"r":"N87TN","t":"FA50"},"F65D":{"r":"N870AG","t":"B734"},"F689":{"r":"N870CA","t":"TBM8"},"F694":{"r":"N870CM","t":"GLF5"},"F78F":{"r":"N870NN","t":"B738"},"F8FE":{"r":"N8702K","t":"C340"},"FB46":{"r":"N871NN","t":"B738"},"FBA4":{"r":"N871SG","t":"MD87"},"FDF7":{"r":"N872CA","t":"DC87"},"FEFD":{"r":"N872NN","t":"B738"},"FF5D":{"r":"N872SJ","t":"DC87"}}