{"01AE":{"r":"N873CA","t":"TBM8"},"02B4":{"r":"N873NN","t":"B738"},"0564":{"r":"N874C","t":"GLF4"},"066B":{"r":"N874NN","t":"B738"},"06AA":{"r":"N874RA","t":"GLF3"},"0A22":{"r":"N875NN","t":"B738"},"0B61":{"r":"N87507","t":"B738"},"0B7F":{"r":"N87512","t":"B738"},"0B80":{"r":"N87513","t":"B738"},"0BA7":{"r":"N87527","t":"B738"},"0BC4":{"r":"N87531","t":"B738"},"0CAC":{"r":"N876AM","t":"C510"},"0CD2":{"r":"N876C","t":"F900"},"0CD3":{"r":"N876CA","t":"TBM8"},"0CFD":{"r":"N876DT","t":"C340"},"0D4F":{"r":"N876H","t":"CL60"},"0DD9":{"r":"N876NN","t":"B738"},"0F4A":{"r":"N8762M","t":"GLEX"},"0FED":{"r":"N8767","t":"B737"},"1057":{"r":"N877A","t":"GLF4"},"1059":{"r":"N877AB","t":"GLEX"},"1089":{"r":"N877C","t":"SR22"},"1106":{"r":"N877H","t":"CL60"},"1154":{"r":"N877LC","t":"GLF4"},"1190":{"r":"N877NN","t":"B738"},"11D4":{"r":"N877RF","t":"CL30"},"13C7":{"r":"N8778","t":"H25B"},"1443":{"r":"N878CC","t":"CL60"},"1466":{"r":"N878DN","t":"GALX"},"14C8":{"r":"N878HL","t":"GL5T"},"1547":{"r":"N878NN","t":"B738"},"1553":{"r":"N878P","t":"SR22"},"15AA":{"r":"N878SM","t":"GLF4"},"18FE":{"r":"N879NN","t":"B738"},"1B7D":{"r":"N88AA","t":"GLEX"},"1BC7":{"r":"N88D","t":"GLF5"},"1BDF":{"r":"N88DZ","t":"GLF5"},"1C13":{"r":"N88GA","t":"C25B"},"1C2F":{"r":"N88HD","t":"H25B"},"1C30":{"r":"N88HE","t":"F2TH"},"1CA7":{"r":"N88MZ","t":"LJ60"},"1CA9":{"r":"N88NA","t":"P32R"},"1CAC":{"r":"N88ND","t":"F900"},"1CDD":{"r":"N88QC","t":"C25C"},"1D12":{"r":"N88SF","t":"C56X"},"1D5D":{"r":"N88VF","t":"PA34"},"1D80":{"r":"N88WR","t":"B737"},"1D83":{"r":"N88WU","t":"GALX"},"1DC6":{"r":"N88ZL","t":"B703"},"1E13":{"r":"N880CM","t":"CL60"},"1E4B":{"r":"N880ET","t":"CL60"},"1E56":{"r":"N880FD","t":"F28"},"1E6E":{"r":"N880GC","t":"GLF4"},"1F0E":{"r":"N880NN","t":"B738"},"1F1B":{"r":"N880PA","t":"B462"},"1F4D":{"r":"N880RA","t":"M20T"},"1F73":{"r":"N880SP","t":"H25B"},"21BF":{"r":"N881CA","t":"TBM8"},"22C5":{"r":"N881NN","t":"B738"},"22EA":{"r":"N881Q","t":"F900"},"2346":{"r":"N881TS","t":"GLEX"},"234A":{"r":"N881TW","t":"CL60"},"2383":{"r":"N881WC"},"2392":{"r":"N881WT","t":"GLEX"},"2513":{"r":"N8818Y","t":"PA30"},"25C4":{"r":"N882FD","t":"B77L"},"267C":{"r":"N882NN","t":"B738"},"2749":{"r":"N882WT","t":"GLF5"},"28FA":{"r":"N883A","t":"GLF5"},"292D":{"r":"N883CA","t":"TBM8"},"2953":{"r":"N883DP","t":"C182"},"297B":{"r":"N883FD","t":"B77L"},"29DC":{"r":"N883KA","t":"BE20"},"2A33":{"r":"N883NN","t":"B738"},"2A72":{"r":"N883RA","t":"LJ60"},"2A86":{"r":"N883RW","t":"FA50"},"2BBB":{"r":"N8833","t":"GLF6"},"2CBD":{"r":"N884AM","t":"EA50"},"2CCC":{"r":"N884BB","t":"F900"},"2D32":{"r":"N884FD","t":"B77L"},"2D80":{"r":"N884JG","t":"C525"},"2DA3":{"r":"N884KS"},"2DEA":{"r":"N884NN","t":"B738"},"2EB7":{"r":"N884WT","t":"GLF4"},"3078":{"r":"N885AR","t":"GLF4"},"3081":{"r":"N885B","t":"F900"},"30C3":{"r":"N885DR","t":"P46T"},"30E9":{"r":"N885FD","t":"B77L"},"3136":{"r":"N885JF","t":"C25B"},"31A1":{"r":"N885NN","t":"B738"},"326E":{"r":"N885WT","t":"GLF5"},"3452":{"r":"N886CA","t":"TBM8"},"346D":{"r":"N886DC","t":"F900"},"347C":{"r":"N886DT","t":"GLF5"},"34A0":{"r":"N886FD","t":"B77L"},"3558":{"r":"N886NN","t":"B738"},"3625":{"r":"N886WT","t":"GLF6"},"37DD":{"r":"N887AG","t":"GLF5"},"3857":{"r":"N887FD","t":"B77L"},"390F":{"r":"N887NN","t":"B738"},"39D6":{"r":"N887WM","t":"GLEX"},"39DB":{"r":"N887WS","t":"GLEX"},"39DC":{"r":"N887WT","t":"GLF6"},"39E3":{"r":"N887X","t":"FA7X"},"39E9":{"r":"N887XF","t":"FA7X"},"3B6A":{"r":"N8879A","t":"BE35"},"3B9C":{"r":"N888AQ","t":"B737"},"3BA5":{"r":"N888AZ","t":"CL60"},"3BC4":{"r":"N888CE","t":"F2TH"},"3BD5":{"r":"N888CX","t":"LJ45"},"3BD6":{"r":"N888CY","t":"JS32"},"3BDB":{"r":"N888DC","t":"GLF4"},"3C02":{"r":"N888ES","t":"GLF4"},"3C1A":{"r":"N888FR","t":"GLF4"},"3C32":{"r":"N888GQ","t":"GALX"},"3C39":{"r":"N888GX","t":"GLEX"},"3C41":{"r":"N888HE","t":"GLF5"},"3C44":{"r":"N888HH","t":"GLF4"},"3C46":{"r":"N888HK","t":"GLF5"},"3C6A":{"r":"N888JW","t":"P210"},"3C91":{"r":"N888LK","t":"GLF5"},"3CA6":{"r":"N888MF","t":"GLF4"},"3CB7":{"r":"N888MY","t":"C182"},"3CDE":{"r":"N888PM","t":"GLF4"},"3CE3":{"r":"N888PS","t":"C25B"},"3D23":{"r":"N888SF","t":"C680"},"3D4D":{"r":"N888TY","t":"B737"},"3D79":{"r":"N888VS","t":"GLF5"},"3D94":{"r":"N888WU","t":"CRJ2"},"3DD2":{"r":"N888ZF","t":"GLF4"},"3DDA":{"r":"N888ZP","t":"GLEX"},"3EFD":{"r":"N8888","t":"F2TH"},"3F04":{"r":"N8888G","t":"CL60"},"3F05":{"r":"N8888H","t":"H25C"},"3F20":{"r":"N8889","t":"LJ60"},"3F46":{"r":"N889AB","t":"FA7X"},"3F82":{"r":"N889CM","t":"EA50"},"3F84":{"r":"N889CP","t":"GLEX"},"3F8F":{"r":"N889D"},"3FC5":{"r":"N889FD","t":"B77L"},"3FF3":{"r":"N889H","t":"F900"},"400D":{"r":"N889JA","t":"GLEX"},"4013":{"r":"N889JG","t":"TBM8"},"4067":{"r":"N889MR","t":"GALX"},"4073":{"r":"N889NC","t":"B737"},"407D":{"r":"N889NN","t":"B738"},"40F0":{"r":"N889TC","t":"GLF4"},"40F1":{"r":"N889TD","t":"F900"},"4138":{"r":"N889W","t":"SR22"},"4332":{"r":"N89CE","t":"F2TH"},"437D":{"r":"N89FE","t":"E135"},"4399":{"r":"N89GH","t":"SR22"},"4429":{"r":"N89NB","t":"SR22"},"442A":{"r":"N89NC","t":"FA50"},"4554":{"r":"N890A","t":"GLF5"},"4557":{"r":"N890AC","t":"LJ55"},"456F":{"r":"N890BB","t":"F900"},"45CB":{"r":"N890EU","t":"BE9L"},"45D5":{"r":"N890FD","t":"B77L"},"45FC":{"r":"N890GT","t":"BE9L"},"4657":{"r":"N890LJ","t":"LJ35"},"468D":{"r":"N890NN","t":"B738"},"4962":{"r":"N891DM","t":"SR22"},"496F":{"r":"N891E","t":"GLF5"},"4A44":{"r":"N891NN","t":"B738"},"4CC4":{"r":"N892AB","t":"C25B"},"4D43":{"r":"N892FD","t":"B77L"},"4DFB":{"r":"N892NN","t":"B738"},"51B2":{"r":"N893NN","t":"B738"},"54B2":{"r":"N894FE","t":"C208"},"5569":{"r":"N894NN"},"5777":{"r":"N89464","t":"C172"},"5802":{"r":"N895BB","t":"CL30"},"581C":{"r":"N895CC","t":"CL60"},"5824":{"r":"N895CL","t":"CRJ2"},"5868":{"r":"N895FD","t":"B77L"},"5920":{"r":"N895NN","t":"B738"},"5BD1":{"r":"N896CA","t":"TBM8"},"5BEA":{"r":"N896DA","t":"FA50"},"5CA9":{"r":"N896LS","t":"E55P"},"5CD7":{"r":"N896NN","t":"B738"},"5F6A":{"r":"N897AW","t":"GLF5"},"5F88":{"r":"N897CA","t":"TBM8"},"608E":{"r":"N897NN","t":"B738"},"62B9":{"r":"N8977Y","t":"PA30"},"6316":{"r":"N898AK","t":"CL60"},"6321":{"r":"N898AW","t":"GLF4"},"63E5":{"r":"N898JS","t":"E135"},"6434":{"r":"N898MW","t":"E55P"},"6445":{"r":"N898NN","t":"B738"},"64C6":{"r":"N898TS","t":"F900"},"6511":{"r":"N898WS","t":"GLEX"},"669D":{"r":"N89888","t":"GLF4"},"66CD":{"r":"N899AK","t":"HA4T"},"67F2":{"r":"N899NC","t":"GLF5"},"67FC":{"r":"N899NN","t":"B738"},"6863":{"r":"N899SR","t":"GLF5"},"6865":{"r":"N899ST","t":"CL60"},"6885":{"r":"N899U","t":"F2TH"},"6A7D":{"r":"N9AC","t":"AC11"},"6A91":{"r":"N9AY","t":"C421"},"6AA9":{"r":"N9BX","t":"GLF4"},"6B86":{"r":"N9LT","t":"BE58"},"6BAD":{"r":"N9NG","t":"C750"},"6C0D":{"r":"N9SC","t":"GLF5"},"6CDF":{"r":"N90AM","t":"BE20"},"6D23":{"r":"N90DE"},"6D27":{"r":"N90DJ","t":"C182"},"6D47":{"r":"N90ER","t":"PA46"},"6D4C":{"r":"N90EW","t":"GLEX"},"6D61":{"r":"N90FS","t":"PAY2"},"6D62":{"r":"N90FT","t":"GALX"},"6D66":{"r":"N90FX","t":"GLEX"},"6DBC":{"r":"N90KH","t":"BE9L"},"6DF1":{"r":"N90ML","t":"GLF3"},"6E17":{"r":"N90NZ"},"6E4A":{"r":"N90R","t":"B737"},"6E84":{"r":"N90TH","t":"F900"},"6EB1":{"r":"N90VC","t":"BE9T"},"6EB8":{"r":"N90VK","t":"PA24"},"6EFA":{"r":"N90YA","t":"C425"},"6F34":{"r":"N900AH","t":"TBM8"},"6F37":{"r":"N900AL","t":"GLF4"},"6F3A":{"r":"N900AP","t":"GLF4"},"6F5D":{"r":"N900BZ","t":"F900"},"6F66":{"r":"N900CH","t":"F2TH"},"6F77":{"r":"N900D","t":"F900"},"6F92":{"r":"N900EB","t":"C680"},"6F97":{"r":"N900EG","t":"GLF4"},"6F9C":{"r":"N900EM","t":"E135"},"6FA1":{"r":"N900ES","t":"GLF5"},"6FAE":{"r":"N900FE","t":"C208"},"6FB2":{"r":"N900FJ","t":"F900"},"6FB6":{"r":"N900FN","t":"CL60"},"6FDC":{"r":"N900HA","t":"C25A"},"6FDE":{"r":"N900HC","t":"F900"},"6FDF":{"r":"N900HD","t":"F900"},"6FE0":{"r":"N900HE","t":"F900"},"6FE2":{"r":"N900HG","t":"F900"},"6FED":{"r":"N900HT","t":"E55P"},"6FF6":{"r":"N900JB","t":"FA50"},"6FFB":{"r":"N900JG","t":"F900"},"7012":{"r":"N900KE","t":"FA50"},"7016":{"r":"N900KJ","t":"F900"},"701D":{"r":"N900KR","t":"F900"},"7029":{"r":"N900LC","t":"F900"},"702A":{"r":"N900LD","t":"H25B"},"702C":{"r":"N900LF","t":"GLEX"},"7034":{"r":"N900LP","t":"F900"},"7037":{"r":"N900LS","t":"GLEX"},"7045":{"r":"N900MF","t":"F900"},"7046":{"r":"N900MG","t":"F900"},"7053":{"r":"N900MV","t":"F900"},"705A":{"r":"N900NB","t":"F900"},"70AD":{"r":"N900RK"},"70B9":{"r":"N900RX","t":"F900"},"70C5":{"r":"N900SJ","t":"F900"},"70C9":{"r":"N900SN","t":"F900"},"70D2":{"r":"N900SX","t":"F900"},"70DC":{"r":"N900TG","t":"F900"},"70E5":{"r":"N900TR","t":"F900"},"70F8":{"r":"N900UK","t":"SR22"},"710E":{"r":"N900VG","t":"F900"},"7126":{"r":"N900WF","t":"F900"},"7127":{"r":"N900WG","t":"F900"},"7130":{"r":"N900WR","t":"GLF4"},"7159":{"r":"N900YG","t":"F900"},"7183":{"r":"N900ZZ","t":"BE36"},"71C1":{"r":"N90011"},"72AF":{"r":"N9008U","t":"C510"},"72F3":{"r":"N901AR","t":"B744"},"7364":{"r":"N901FD","t":"B752"},"7402":{"r":"N901MM","t":"F900"},"741C":{"r":"N901NN","t":"B738"},"7475":{"r":"N901SB","t":"F900"},"747A":{"r":"N901SG","t":"H25B"},"7492":{"r":"N901TF","t":"FA50"},"74A2":{"r":"N901TX","t":"F900"},"74FE":{"r":"N901XP","t":"H25B"},"7699":{"r":"N902","t":"GLF4"},"76A1":{"r":"N902AG","t":"CL60"},"76AA":{"r":"N902AR","t":"B744"},"76FA":{"r":"N902DW","t":"F900"},"7749":{"r":"N902H","t":"GLF4"},"7777":{"r":"N902JW"},"7794":{"r":"N902L","t":"GLF4"},"77B9":{"r":"N902MM","t":"GLEX"},"77BB":{"r":"N902MP","t":"CL60"},"77C9":{"r":"N902NC","t":"F900"},"77D3":{"r":"N902NN","t":"B738"},"77E3":{"r":"N902PD"},"782C":{"r":"N902SB","t":"F900"},"783A":{"r":"N902SR","t":"SR22"},"7849":{"r":"N902TF","t":"FA50"},"791D":{"r":"N9021H","t":"A319"},"7A61":{"r":"N903AR","t":"B744"},"7ACB":{"r":"N903EX","t":"F900"},"7AD2":{"r":"N903FD","t":"B752"},"7AE7":{"r":"N903G","t":"GLF4"},"7AF8":{"r":"N903GS","t":"F2TH"},"7B1D":{"r":"N903JD","t":"C421"},"7BFD":{"r":"N903TC","t":"CL30"},"7E64":{"r":"N904DS","t":"GLEX"},"7E9E":{"r":"N904G","t":"GLF5"},"7EDA":{"r":"N904JK","t":"CL60"},"7EE7":{"r":"N904JY","t":"F900"},"7FB4":{"r":"N904TC","t":"GLF4"},"80B8":{"r":"N9042T","t":"C182"},"8182":{"r":"N9048K","t":"C510"},"81D8":{"r":"N905B","t":"F2TH"},"820B":{"r":"N905DA","t":"MD90"},"8240":{"r":"N905FD","t":"B752"},"8245":{"r":"N905FJ","t":"F900"},"82C7":{"r":"N905LP","t":"GLF4"},"82E4":{"r":"N905MT","t":"H25B"},"8305":{"r":"N905PA","t":"DA40"},"8368":{"r":"N905T","t":"GLEX"},"8626":{"r":"N906HA","t":"DH8A"},"8653":{"r":"N906JW","t":"GLEX"},"868E":{"r":"N906ME","t":"B712"},"86A4":{"r":"N906NB"},"86AF":{"r":"N906NN","t":"B738"},"8708":{"r":"N906SB","t":"FA7X"},"8774":{"r":"N906WK","t":"F900"},"8ABF":{"r":"N907SB"},"8B32":{"r":"N907WS","t":"CL60"},"8D17":{"r":"N908CA","t":"F900"},"8D18":{"r":"N908CB","t":"SR20"},"8D37":{"r":"N908DH","t":"GLF4"},"8D6C":{"r":"N908FL","t":"E135"},"8D94":{"r":"N908HA","t":"DH8A"},"8DAE":{"r":"N908JB","t":"F900"},"8DB1":{"r":"N908JE","t":"B721"},"8DFC":{"r":"N908ME","t":"B712"},"8E1D":{"r":"N908NN","t":"B738"},"8ED7":{"r":"N908VZ","t":"GLF4"},"9168":{"r":"N909JE","t":"GLF2"},"91AB":{"r":"N909LX","t":"E135"},"91AE":{"r":"N909M","t":"C525"},"91B3":{"r":"N909ME","t":"B712"},"91BA":{"r":"N909MM","t":"F2TH"},"91BB":{"r":"N909MN","t":"C25A"},"91EC":{"r":"N909PM","t":"F900"},"9222":{"r":"N909RR","t":"GLF3"},"9499":{"r":"N91CW","t":"GLF5"},"94FA":{"r":"N91GT","t":"C25B"},"953B":{"r":"N91KH","t":"CL60"},"954D":{"r":"N91LA","t":"GLF5"},"956C":{"r":"N91MG","t":"CL60"},"957F":{"r":"N91NA","t":"GLF2"},"96EE":{"r":"N910CS","t":"F2TH"},"9725":{"r":"N910EX","t":"F900"},"972C":{"r":"N910FD","t":"B752"},"9733":{"r":"N910FL","t":"E135"},"9788":{"r":"N910JW","t":"F900"},"978E":{"r":"N910KB","t":"CL60"},"97C3":{"r":"N910ME","t":"B712"},"97D3":{"r":"N910MW","t":"F900"},"97E4":{"r":"N910NN","t":"B738"},"9809":{"r":"N910Q","t":"F900"},"9949":{"r":"N9102","t":"GLF5"},"9AA5":{"r":"N911CS","t":"BE65"},"9E4C":{"r":"N912CA","t":"CRJ2"},"9E9A":{"r":"N912FD","t":"B752"},"9E9B":{"r":"N912FE","t":"C208"},"9EE4":{"r":"N912JC","t":"E135"},"9F3E":{"r":"N912MT","t":"F2TH"},"9FF5":{"r":"N912VA"},"A0C4":{"r":"N9122N","t":"PA46"},"A220":{"r":"N913DE","t":"MD88"},"A251":{"r":"N913FD","t":"B752"},"A2E8":{"r":"N913ME","t":"B712"},"A2ED":{"r":"N913MK","t":"GLF4"},"A36D":{"r":"N913SN","t":"F900"},"A3A3":{"r":"N913US","t":"A321"},"A5A4":{"r":"N914BD","t":"GLF5"},"A5BE":{"r":"N914CE","t":"H25B"},"A5C2":{"r":"N914CJ","t":"SR22"},"A5F2":{"r":"N914EG","t":"GLF4"},"A608":{"r":"N914FD","t":"B752"},"A60F":{"r":"N914FL","t":"E135"},"A64F":{"r":"N914J","t":"GLF5"},"A6F6":{"r":"N914QS","t":"C750"},"A725":{"r":"N914SP","t":"C680"},"A760":{"r":"N914UY","t":"A321"},"A794":{"r":"N914X","t":"CL60"},"A7AD":{"r":"N914Y","t":"CL60"},"A94A":{"r":"N915AM","t":"GLF4"},"A952":{"r":"N915AV","t":"GLEX"},"A970":{"r":"N915C","t":"PA46"},"A9BF":{"r":"N915FD","t":"B752"},"AA27":{"r":"N915KH"},"AAB7":{"r":"N915RB","t":"C750"},"AD2B":{"r":"N916CD","t":"SR22"},"AD2E":{"r":"N916CG","t":"ASTR"},"AD76":{"r":"N916FD","t":"B752"},"AD9C":{"r":"N916GS","t":"B06"},"AE8F":{"r":"N916SK","t":"B734"},"AEC4":{"r":"N916UN","t":"B744"},"B12D":{"r":"N917FD","t":"B752"},"B143":{"r":"N917GA","t":"GLF5"},"B14D":{"r":"N917GL","t":"GLEX"},"B1AF":{"r":"N917LJ","t":"E55P"},"B223":{"r":"N917R","t":"GLEX"},"B29F":{"r":"N917VZ","t":"GLF4"},"B2A0":{"r":"N917W","t":"GLF4"},"B2AD":{"r":"N917WN","t":"B737"},"B479":{"r":"N918AX","t":"B772"},"B483":{"r":"N918BG","t":"GLF3"},"B496":{"r":"N918CA","t":"CRJ2"},"B498":{"r":"N918CC","t":"GLF4"},"B4B5":{"r":"N918DG"},"B4E4":{"r":"N918FD","t":"B752"},"B537":{"r":"N918JM","t":"F900"},"B568":{"r":"N918LL","t":"GLF4"},"B58A":{"r":"N918MV","t":"F900"},"B59C":{"r":"N918NN","t":"B738"},"B5F8":{"r":"N918SE","t":"SR22"},"B5F9":{"r":"N918SF","t":"P46T"},"B5FF":{"r":"N918SM","t":"GLF5"},"B60E":{"r":"N918TB","t":"GLF4"},"B61E":{"r":"N918TT","t":"BE40"},"B636":{"r":"N918US","t":"A321"},"B6D1":{"r":"N9180X","t":"PA46"},"B84D":{"r":"N919CA"},"B89B":{"r":"N919FD","t":"B752"},"B964":{"r":"N919PE","t":"GLF5"},"B9AB":{"r":"N919SA","t":"F900"},"B9AC":{"r":"N919SB","t":"GLF6"},"BA43":{"r":"N919YC","t":"GLF5"},"BA74":{"r":"N9190B","t":"AT3P"},"BA88":{"r":"N9190X","t":"PA46"},"BB27":{"r":"N9195F","t":"P46T"},"BBD6":{"r":"N92AE","t":"GLF4"},"BC19":{"r":"N92CX","t":"C750"},"BCCC":{"r":"N92LA","t":"GLF5"},"BD27":{"r":"N92PS","t":"C421"},"BD5D":{"r":"N92RW","t":"BE33"},"BD5E":{"r":"N92RX","t":"C750"},"BD71":{"r":"N92SR","t":"B737"},"BDC8":{"r":"N92WC","t":"BE20"},"BE3C":{"r":"N920AT","t":"B712"},"BE77":{"r":"N920DB","t":"F900"},"BE7A":{"r":"N920DE","t":"MD88"},"BE86":{"r":"N920DS","t":"B737"},"BEAB":{"r":"N920FD","t":"B752"},"BF42":{"r":"N920ME","t":"B712"},"BF63":{"r":"N920NN","t":"B738"},"BF99":{"r":"N920QS","t":"C750"},"BFBB":{"r":"N920SA","t":"F900"},"C262":{"r":"N921FD","t":"B752"},"C27E":{"r":"N921GG","t":"P46T"},"C2FB":{"r":"N921MG","t":"GLF3"},"C358":{"r":"N921R","t":"DC86"},"C3D8":{"r":"N921WC","t":"F900"},"C5CC":{"r":"N922CB","t":"GLF4"},"C5CF":{"r":"N922CE","t":"SR22"},"C619":{"r":"N922FD","t":"B752"},"C61A":{"r":"N922FE","t":"C208"},"C647":{"r":"N922H","t":"GLF4"},"C675":{"r":"N922JW","t":"F900"},"C707":{"r":"N922QS","t":"C750"},"C7F7":{"r":"N9220G","t":"PA46"},"C98C":{"r":"N923CL","t":"GLF4"},"C9A7":{"r":"N923DN","t":"MD90"},"C9D0":{"r":"N923FD","t":"B752"},"C9E6":{"r":"N923GA","t":"G280"},"CA1C":{"r":"N923JE","t":"F2TH"},"CAE6":{"r":"N923SG","t":"GLEX"},"CD10":{"r":"N924AK","t":"E135"},"CD6C":{"r":"N924EB"},"CD87":{"r":"N924FD","t":"B752"},"CE53":{"r":"N924PH","t":"S92"},"CF03":{"r":"N924WJ","t":"FA50"},"D0C7":{"r":"N925AK","t":"F2TH"},"D0F2":{"r":"N925CC","t":"SR22"},"D10B":{"r":"N925DC","t":"GLF4"},"D10C":{"r":"N925DD","t":"CL60"},"D11D":{"r":"N925DW"},"D13E":{"r":"N925FD","t":"B752"},"D145":{"r":"N925FL","t":"E135"},"D196":{"r":"N925JS","t":"GLF4"},"D1D5":{"r":"N925ME","t":"B712"},"D2C6":{"r":"N925WW","t":"BE9L"},"D392":{"r":"N9253V","t":"GLEX"},"D478":{"r":"N926AD","t":"P46T"},"D4F5":{"r":"N926FD","t":"B752"},"D5A1":{"r":"N926NA","t":"WB57"},"D5D0":{"r":"N926PY","t":"C25A"},"D5FB":{"r":"N926RR","t":"GLF4"},"D615":{"r":"N926SS","t":"CL60"},"D623":{"r":"N926TF","t":"C25C"},"D68A":{"r":"N926XJ","t":"CRJ9"},"D841":{"r":"N927AX","t":"B772"},"D8AC":{"r":"N927FD","t":"B752"},"D941":{"r":"N927MC","t":"GLF6"},"D964":{"r":"N927NN","t":"B738"},"D99A":{"r":"N927QS","t":"C750"},"DB73":{"r":"N92765","t":"PA46"},"DBFE":{"r":"N928BC"},"DC63":{"r":"N928FD","t":"B752"},"DC64":{"r":"N928FE","t":"C208"},"DC7B":{"r":"N928GC","t":"GLF5"},"DCB4":{"r":"N928JK","t":"C680"},"DD51":{"r":"N928QS","t":"C750"},"DD7C":{"r":"N928SK","t":"S22T"},"DD84":{"r":"N928ST","t":"G150"},"DD8A":{"r":"N928SZ","t":"GLEX"},"DDE0":{"r":"N928WK","t":"FA50"},"DE5F":{"r":"N9281B","t":"P46T"},"DE7F":{"r":"N92819","t":"PA46"},"DFB5":{"r":"N929BC","t":"C25C"},"E063":{"r":"N929JB","t":"A321"},"E177":{"r":"N929VC","t":"C25A"},"E190":{"r":"N929WC","t":"GALX"},"E194":{"r":"N929WG"},"E362":{"r":"N93AT","t":"GLF4"},"E3F8":{"r":"N93GT","t":"SR22"},"E44B":{"r":"N93LA","t":"CL30"},"E463":{"r":"N93M","t":"GLF5"},"E467":{"r":"N93MD","t":"AS65"},"E48D":{"r":"N93NS","t":"CL30"},"E4E0":{"r":"N93S","t":"C750"},"E50F":{"r":"N93TX","t":"C750"},"E554":{"r":"N93WR","t":"SR22"},"E5F7":{"r":"N930DC","t":"GLF4"},"E61A":{"r":"N930EN","t":"GLEX"},"E62A":{"r":"N930FD","t":"B752"},"E65A":{"r":"N930HB","t":"B737"},"E6E2":{"r":"N930NN","t":"B738"},"E7E8":{"r":"N930Z","t":"PA46"},"E876":{"r":"N9303M","t":"M20P"},"E8BC":{"r":"N9305M"},"E963":{"r":"N931AC","t":"M20T"},"E9ED":{"r":"N931FR","t":"A319"},"EDA4":{"r":"N932FR","t":"A319"},"EF2F":{"r":"N932XL","t":"C56X"},"F02B":{"r":"N9325N","t":"P28A"},"F0D5":{"r":"N933AG","t":"A321"},"F149":{"r":"N933EY","t":"GLEX"},"F14F":{"r":"N933FD","t":"B752"},"F15B":{"r":"N933FR","t":"A319"},"F17D":{"r":"N933H","t":"GLF5"},"F1EC":{"r":"N933ML","t":"CL60"},"F266":{"r":"N933SH","t":"C650"},"F506":{"r":"N934FD","t":"B752"},"F507":{"r":"N934FE","t":"C208"},"F512":{"r":"N934FR","t":"A319"},"F54F":{"r":"N934JB","t":"A321"},"F8B3":{"r":"N935EU","t":"B350"},"F8BD":{"r":"N935FD","t":"B752"},"F8C9":{"r":"N935FR","t":"A319"},"F8D3":{"r":"N935GA","t":"GALX"},"F8EC":{"r":"N935HA","t":"DH8A"},"F906":{"r":"N935JB","t":"A321"},"FA13":{"r":"N935UW","t":"B752"},"FC37":{"r":"N936CT","t":"SR22"},"FC49":{"r":"N936DL","t":"MD88"},"FC74":{"r":"N936FD","t":"B752"},"FC80":{"r":"N936FR","t":"A319"},"FCA4":{"r":"N936HB","t":"BE36"},"FD0A":{"r":"N936MD","t":"MD83"},"FD14":{"r":"N936MP","t":"GLF4"},"FDCA":{"r":"N936UW","t":"B752"}}