{"0037":{"r":"N937FR","t":"A319"},"005A":{"r":"N937HA","t":"DH8A"},"0181":{"r":"N937UW","t":"B752"},"0373":{"r":"N938AT","t":"B712"},"03EE":{"r":"N938FR","t":"A319"},"0538":{"r":"N938UW","t":"B752"},"05EA":{"r":"N9381P","t":"PA24"},"0726":{"r":"N939AP","t":"GL5T"},"074D":{"r":"N939CC","t":"CL60"},"0799":{"r":"N939FD"},"079A":{"r":"N939FE","t":"C208"},"07A5":{"r":"N939FR","t":"A319"},"07E3":{"r":"N939JC","t":"C510"},"0805":{"r":"N939KM","t":"GLF3"},"0836":{"r":"N939ML","t":"GL5T"},"08B8":{"r":"N939SR","t":"SR20"},"08EF":{"r":"N939UW","t":"B752"},"0ADC":{"r":"N94AN","t":"GLF4"},"0B57":{"r":"N94FL","t":"GLF3"},"0B5A":{"r":"N94FP","t":"C25C"},"0BAC":{"r":"N94JW","t":"C25C"},"0BE6":{"r":"N94MD"},"0C17":{"r":"N94PC","t":"GLF4"},"0C5F":{"r":"N94S","t":"U21"},"0CA3":{"r":"N94UT","t":"F900"},"0D31":{"r":"N940AJ","t":"GLF5"},"0DA9":{"r":"N940FD"},"0DB5":{"r":"N940FR","t":"A319"},"0E97":{"r":"N940QS","t":"C750"},"0EFF":{"r":"N940UW","t":"B752"},"0FB4":{"r":"N9401S","t":"PC12"},"10F3":{"r":"N941AV","t":"A332"},"1160":{"r":"N941FD","t":"B752"},"116C":{"r":"N941FR","t":"A319"},"12B6":{"r":"N941UW","t":"B752"},"1517":{"r":"N942FD","t":"B752"},"1523":{"r":"N942FR","t":"A319"},"1570":{"r":"N942JT","t":"GLF5"},"15CF":{"r":"N942NN","t":"B738"},"166D":{"r":"N942UW","t":"B752"},"17A0":{"r":"N9425C","t":"C180"},"18CE":{"r":"N943FD","t":"B752"},"18DA":{"r":"N943FR","t":"A319"},"1986":{"r":"N943NN","t":"B738"},"1C85":{"r":"N944FD","t":"B752"},"1CB3":{"r":"N944H","t":"GLF5"},"2048":{"r":"N945FR","t":"A319"},"2052":{"r":"N945GA","t":"G150"},"2062":{"r":"N945GS","t":"LJ60"},"210A":{"r":"N945PK","t":"GLF3"},"2156":{"r":"N945SL","t":"H25B"},"2170":{"r":"N945TM","t":"F900"},"23F3":{"r":"N946FD","t":"B752"},"24AB":{"r":"N946NN","t":"B738"},"251E":{"r":"N946TC","t":"FA50"},"27AA":{"r":"N947FD","t":"B752"},"27B6":{"r":"N947FR","t":"A319"},"27C0":{"r":"N947GA","t":"GLF5"},"2862":{"r":"N947NN","t":"B738"},"2900":{"r":"N947UW","t":"E190"},"2AE3":{"r":"N948AC","t":"A332"},"2B61":{"r":"N948FD","t":"B752"},"2B6D":{"r":"N948FR","t":"A319"},"2B91":{"r":"N948HB","t":"BE10"},"2ECA":{"r":"N949CA","t":"B744"},"2ECC":{"r":"N949CC","t":"WW24"},"2F18":{"r":"N949FD","t":"B752"},"2F24":{"r":"N949FR","t":"A319"},"2F3B":{"r":"N949GP","t":"GLEX"},"2F9C":{"r":"N949LL","t":"C25B"},"3152":{"r":"N94924","t":"GLF5"},"3253":{"r":"N95AE","t":"GLF5"},"3299":{"r":"N95D","t":"PA34"},"32D9":{"r":"N95FP","t":"C25C"},"32F6":{"r":"N95GT","t":"SR22"},"3300":{"r":"N95HC","t":"FA50"},"33F8":{"r":"N95TA","t":"PA31"},"342B":{"r":"N95VB","t":"BE9L"},"34B7":{"r":"N950AR","t":"MD11"},"34E5":{"r":"N950CM","t":"GLF4"},"3528":{"r":"N950FD","t":"B752"},"3556":{"r":"N950H","t":"FA50"},"3558":{"r":"N950HB","t":"HA4T"},"3571":{"r":"N950JB","t":"F900"},"3627":{"r":"N950RJ","t":"CL60"},"363D":{"r":"N950SF","t":"F900"},"36B4":{"r":"N950X","t":"FA7X"},"386E":{"r":"N951AR","t":"MD11"},"38DF":{"r":"N951FD","t":"B752"},"38EB":{"r":"N951FR","t":"A319"},"3997":{"r":"N951NN","t":"B738"},"39DF":{"r":"N951RK","t":"GLF2"},"39E1":{"r":"N951RM","t":"CL60"},"3C25":{"r":"N952AR","t":"MD11"},"3C48":{"r":"N952CA","t":"B744"},"3C96":{"r":"N952FD","t":"B752"},"3CA2":{"r":"N952FR","t":"A319"},"3CAF":{"r":"N952GD","t":"F900"},"3D4E":{"r":"N952NN","t":"B738"},"3DEC":{"r":"N952UW","t":"E190"},"3FCE":{"r":"N953AB","t":"SR22"},"3FDC":{"r":"N953AR","t":"MD11"},"404A":{"r":"N953FA","t":"CL60"},"404D":{"r":"N953FD","t":"B752"},"4059":{"r":"N953FR","t":"A319"},"4393":{"r":"N954AR","t":"MD11"},"447D":{"r":"N954L","t":"CL60"},"447F":{"r":"N954LB","t":"BE36"},"474A":{"r":"N955AR","t":"MD11"},"47E9":{"r":"N955H","t":"CL30"},"48CF":{"r":"N955SE","t":"H25B"},"48D2":{"r":"N955SH","t":"PA46"},"4B27":{"r":"N956CD","t":"SR22"},"4B72":{"r":"N956FD","t":"B752"},"4EFE":{"r":"N957DL","t":"MD88"},"4F29":{"r":"N957FD"},"4F2A":{"r":"N957FE","t":"C208"},"4FED":{"r":"N957P","t":"GALX"},"52B6":{"r":"N958DM","t":"F900"},"5376":{"r":"N958MD","t":"C340"},"540A":{"r":"N958TB","t":"GLF4"},"545B":{"r":"N958WH","t":"E170"},"5697":{"r":"N959FD"},"59D1":{"r":"N96AD","t":"G150"},"59D9":{"r":"N96AM","t":"BE20"},"5A29":{"r":"N96DS","t":"CL60"},"5A55":{"r":"N96FL","t":"SR22"},"5A86":{"r":"N96HK","t":"TBM8"},"5A96":{"r":"N96JA","t":"GLF4"},"5AA0":{"r":"N96JL","t":"C421"},"5AF4":{"r":"N96MV","t":"PC12"},"5B16":{"r":"N96PD","t":"C25C"},"5B5A":{"r":"N96RX","t":"C750"},"5B67":{"r":"N96SK","t":"H25B"},"5B90":{"r":"N96UA","t":"GLF5"},"5BA1":{"r":"N96UT","t":"FA50"},"5BAE":{"r":"N96VF","t":"BE36"},"5C9B":{"r":"N960ES","t":"E50P"},"5CA7":{"r":"N960FD","t":"B752"},"5DBC":{"r":"N960SF","t":"F900"},"5DE5":{"r":"N960TX","t":"FA20"},"5FE9":{"r":"N961AM","t":"B788"},"6116":{"r":"N961NN","t":"B738"},"61B8":{"r":"N961V","t":"GLF4"},"6415":{"r":"N962FD","t":"B752"},"6535":{"r":"N962SS","t":"GLF4"},"672F":{"r":"N9629H","t":"MD83"},"681A":{"r":"N963JG","t":"EA50"},"68D3":{"r":"N963RS","t":"F900"},"6B0E":{"r":"N964AM","t":"B788"},"6B14":{"r":"N964AT","t":"B712"},"6B5A":{"r":"N964DN"},"6BFE":{"r":"N964LB","t":"B350"},"6EC5":{"r":"N965AM","t":"B788"},"6F50":{"r":"N965GA","t":"GLF5"},"7204":{"r":"N96568","t":"C182"},"727C":{"r":"N966AM","t":"B788"},"72D4":{"r":"N966E","t":"F900"},"72F1":{"r":"N966FD","t":"B752"},"731F":{"r":"N966H","t":"F900"},"74FC":{"r":"N9661S","t":"C680"},"7633":{"r":"N967AM","t":"B788"},"7660":{"r":"N967CG","t":"A332"},"76A8":{"r":"N967FD","t":"B752"},"7735":{"r":"N967LV"},"776F":{"r":"N967PC","t":"GALX"},"794E":{"r":"N96757"},"79F2":{"r":"N968AV","t":"A332"},"7B17":{"r":"N968NN","t":"B738"},"7DA2":{"r":"N969AN","t":"B738"},"7DA9":{"r":"N969AV","t":"A332"},"7DEB":{"r":"N969DL","t":"MD88"},"7E2D":{"r":"N969GB","t":"C560"},"7E61":{"r":"N969JD","t":"LJ60"},"7ECE":{"r":"N969NN","t":"B738"},"81A6":{"r":"N97DQ","t":"GLEX"},"81D0":{"r":"N97FG","t":"F2TH"},"81DB":{"r":"N97FT","t":"GLF4"},"81F0":{"r":"N97GP","t":"TRIN"},"82D0":{"r":"N97RN","t":"TBM8"},"848D":{"r":"N970KG","t":"GLF4"},"853B":{"r":"N970SF","t":"F900"},"853E":{"r":"N970SJ","t":"GLF4"},"853F":{"r":"N970SK","t":"C750"},"89C0":{"r":"N9710M"},"8B8A":{"r":"N972EU","t":"S22T"},"8C37":{"r":"N972MS","t":"GLF4"},"8ECD":{"r":"N973AC","t":"C680"},"8EDE":{"r":"N973AV","t":"A332"},"8EE5":{"r":"N973BB"},"8F21":{"r":"N973DM","t":"SR20"},"905E":{"r":"N973SD","t":"SR22"},"9295":{"r":"N974AV","t":"A332"},"92A4":{"r":"N974BK","t":"F900"},"934D":{"r":"N974JD","t":"HA4T"},"9470":{"r":"N974VV","t":"DC10"},"964C":{"r":"N975AV","t":"A332"},"96DE":{"r":"N975GR","t":"GLF4"},"9DAB":{"r":"N977AE","t":"C750"},"9DE6":{"r":"N977CP","t":"F2TH"},"9E3D":{"r":"N977GA","t":"GLF5"},"A024":{"r":"N9771C","t":"CL60"},"A0A2":{"r":"N9774Z"},"A2B7":{"r":"N978PW","t":"F900"},"A2FD":{"r":"N978SR","t":"SR22"},"A310":{"r":"N978TK","t":"B739"},"A415":{"r":"N97821","t":"M20P"},"A521":{"r":"N979AN","t":"B738"},"A548":{"r":"N979CB","t":"GLF4"},"A5C4":{"r":"N979HA","t":"DH8A"},"A629":{"r":"N979MB","t":"TBM7"},"A6BF":{"r":"N979TB","t":"H25B"},"A6C9":{"r":"N979TM","t":"HA4T"},"A913":{"r":"N98CX"},"A9D7":{"r":"N98LT","t":"GLF4"},"AA0D":{"r":"N98NX","t":"F900"},"AA50":{"r":"N98RP","t":"F2TH"},"AA7C":{"r":"N98TH","t":"F2TH"},"AAE3":{"r":"N98XL","t":"C56X"},"AB31":{"r":"N980AN","t":"B738"},"ABC1":{"r":"N980GG","t":"GLEX"},"ABD5":{"r":"N980HB"},"ACB4":{"r":"N980S","t":"FA50"},"ACBA":{"r":"N980SF","t":"F900"},"AEE8":{"r":"N981AN","t":"B738"},"AF44":{"r":"N981EE","t":"E190"},"B08E":{"r":"N981TK","t":"B739"},"B095":{"r":"N981TS","t":"GLEX"},"B29F":{"r":"N982AN","t":"B738"},"B2C3":{"r":"N982BZ","t":"C25B"},"B2C8":{"r":"N982CD","t":"SR22"},"B3D3":{"r":"N982NW"},"B445":{"r":"N982TK","t":"B739"},"B4AD":{"r":"N982XP","t":"H25B"},"B656":{"r":"N983AN","t":"B738"},"B711":{"r":"N983J","t":"GLEX"},"B7FC":{"r":"N983TK","t":"B739"},"BA10":{"r":"N984AR","t":"MD11"},"BA21":{"r":"N984BH","t":"LJ75"},"BACB":{"r":"N984JC","t":"HA4T"},"BAD4":{"r":"N984JM","t":"B762"},"BADD":{"r":"N984JW","t":"GLF4"},"BBB3":{"r":"N984TK","t":"B739"},"BDC7":{"r":"N985AR","t":"MD11"},"BE40":{"r":"N985FM","t":"CL30"},"BE82":{"r":"N985JC","t":"GLF5"},"BE94":{"r":"N985JW"},"BF6A":{"r":"N985TK","t":"B739"},"BFD2":{"r":"N985XP","t":"H25B"},"C17E":{"r":"N986AR","t":"MD11"},"C239":{"r":"N986JC","t":"HA4T"},"C530":{"r":"N987AL","t":"F900"},"C532":{"r":"N987AN","t":"B738"},"C535":{"r":"N987AR","t":"MD11"},"C558":{"r":"N987CA","t":"SR22"},"C563":{"r":"N987CM","t":"C510"},"C5A2":{"r":"N987F","t":"FA50"},"C5BE":{"r":"N987GC","t":"MD87"},"C5E2":{"r":"N987HP","t":"CL30"},"C8EC":{"r":"N988AR","t":"MD11"},"C93B":{"r":"N988DV","t":"F2TH"},"C979":{"r":"N988GG","t":"GLEX"},"C98B":{"r":"N988H","t":"F900"},"C9A7":{"r":"N988JC"},"C9FB":{"r":"N988MM","t":"BE20"},"CA7C":{"r":"N988SR","t":"SR22"},"CA85":{"r":"N988T","t":"F900"},"CCA0":{"r":"N989AN","t":"B738"},"CD14":{"r":"N989FD"},"CD5E":{"r":"N989JC","t":"GLF5"},"CE13":{"r":"N989RJ","t":"GLEX"},"CF9A":{"r":"N9895","t":"F2TH"},"D003":{"r":"N9898","t":"BE20"},"D051":{"r":"N99AG","t":"C25B"},"D065":{"r":"N99BB","t":"C750"},"D0CE":{"r":"N99FG","t":"F900"},"D0E1":{"r":"N99GA","t":"GLF4"},"D0F7":{"r":"N99GY","t":"GLF4"},"D140":{"r":"N99KW","t":"CL60"},"D1DD":{"r":"N99SC","t":"GLF4"},"D269":{"r":"N99XT"},"D2AD":{"r":"N990AK","t":"CL60"},"D2B0":{"r":"N990AN","t":"B738"},"D2B5":{"r":"N990AT","t":"B712"},"D2B7":{"r":"N990AV","t":"DH8A"},"D308":{"r":"N990EA","t":"GLF4"},"D324":{"r":"N990FD"},"D352":{"r":"N990H","t":"PC12"},"D386":{"r":"N990KB","t":"BE9L"},"D3A0":{"r":"N990LC","t":"LJ35"},"D3C2":{"r":"N990MM","t":"FA50"},"D3D1":{"r":"N990NB","t":"GLF4"},"D44D":{"r":"N990TA","t":"A319"},"D667":{"r":"N991AN","t":"B738"},"D6A7":{"r":"N991DB","t":"LJ60"},"D6DB":{"r":"N991FD","t":"B752"},"D756":{"r":"N991LB","t":"FA50"},"D75A":{"r":"N991LF","t":"GLF5"},"D818":{"r":"N991TW","t":"CL60"},"D9B4":{"r":"N9917N","t":"C180"},"DA1E":{"r":"N992AN","t":"B738"},"DA43":{"r":"N992C"},"DA92":{"r":"N992FD","t":"B752"},"DAE5":{"r":"N992JM"},"DB3E":{"r":"N992NA","t":"GLF3"},"DC08":{"r":"N992WC"},"DDCB":{"r":"N993AC","t":"G150"},"DDD4":{"r":"N993AM","t":"F900"},"DE49":{"r":"N993FD","t":"B752"},"DE70":{"r":"N993GT","t":"F900"},"DF59":{"r":"N993SA","t":"CL60"},"E16D":{"r":"N9939T","t":"GLF4"},"E200":{"r":"N994FD","t":"B752"},"E201":{"r":"N994FE","t":"C208"},"E223":{"r":"N994GP","t":"F2TH"},"E31F":{"r":"N994SR","t":"SR20"},"E554":{"r":"N995BE","t":"HA4T"},"E58F":{"r":"N995DP","t":"LJ35"},"E5B7":{"r":"N995FD","t":"B752"},"E5D3":{"r":"N995GG","t":"GLF4"},"E6D0":{"r":"N995SK","t":"F900"},"E7CA":{"r":"N99510","t":"C172"},"E96E":{"r":"N996FD"},"E984":{"r":"N996GA","t":"G150"},"ECD6":{"r":"N997C","t":"C680"},"ED25":{"r":"N997FD","t":"B752"},"EE45":{"r":"N997SS","t":"C25A"},"F413":{"r":"N999AA","t":"GLF4"},"F41E":{"r":"N999AM","t":"C500"},"F430":{"r":"N999BE"},"F47E":{"r":"N999EH","t":"F900"},"F493":{"r":"N999FD","t":"B752"},"F4B6":{"r":"N999GP","t":"GLF4"},"F516":{"r":"N999LK","t":"BE9L"},"F522":{"r":"N999LX","t":"GLF4"},"F540":{"r":"N999NB","t":"GLF4"},"F542":{"r":"N999ND","t":"CL30"},"F56D":{"r":"N999PX","t":"CL60"},"F5F7":{"r":"N999VK","t":"CL60"},"F609":{"r":"N999WC"},"F64F":{"r":"N999YY","t":"GLEX"},"F666":{"r":"N999ZW","t":"BE58"},"F7B1":{"r":"N9999M","t":"GLF4"},"FD65":{"r":"88-2101","t":"C130"},"FD6D":{"r":"900528","t":"SW4"},"FD6F":{"r":"900530","t":"SW4"},"FD70":{"r":"900531","t":"SW4"},"FD72":{"r":"91-0502","t":"SW4"},"FDAB":{"r":"90-0300","t":"GLF4"},"FDAF":{"r":"87-0140","t":"GLF3"},"FDB1":{"r":"91-0108","t":"GLF4"},"FDB3":{"r":"87-0139","t":"GLF3"},"FDBE":{"r":"93-7311","t":"C130"},"FDCD":{"r":"93-2105","t":"C130"},"FDD3":{"r":"95-6709","t":"C130"},"FDD8":{"r":"95-1002","t":"C130"},"FDDC":{"r":"94-7315","t":"C130"},"FDDD":{"r":"94-7316","t":"C130"},"FDE2":{"r":"85-0049","t":"GLF3"},"FDE4":{"r":"86-0403","t":"GLF3"},"FDEC":{"r":"94-6707","t":"C130"},"FDF8":{"r":"82-8000","t":"B742"},"FDF9":{"r":"92-9000","t":"B742"},"FE47":{"r":"94-0315","t":"BE20"},"FE4D":{"r":"94-0321","t":"BE20"},"FE52":{"r":"94-0323","t":"BE20"},"FE55":{"r":"94-0326","t":"BE20"},"FE56":{"r":"92-0375","t":"GLF5"},"FE5B":{"r":"90-1792","t":"C130"},"FE5C":{"r":"90-1793","t":"C130"},"FE5D":{"r":"90-1794","t":"C130"},"FE5E":{"r":"90-1795","t":"C130"},"FE60":{"r":"90-1797","t":"C130"},"FE61":{"r":"90-1798","t":"C130"},"FE63":{"r":"91-1232","t":"C130"},"FE67":{"r":"91-1236","t":"C130"},"FE69":{"r":"91-1238","t":"C130"},"FE6D":{"r":"91-1653","t":"C130"},"FE6F":{"r":"92-1532","t":"C130"},"FE71":{"r":"92-1534","t":"C130"},"FE72":{"r":"92-1535","t":"C130"},"FE74":{"r":"92-1537","t":"C130"},"FE75":{"r":"92-1538","t":"C130"},"FE76":{"r":"92-1451","t":"C130"},"FE7E":{"r":"92-3285","t":"C130"},"FE82":{"r":"92-0547","t":"C130"},"FE84":{"r":"92-0549","t":"C130"},"FE86":{"r":"92-0551","t":"C130"},"FE92":{"r":"95-0093","t":"BE20"},"FEA0":{"r":"94-7320","t":"C130"},"FEA8":{"r":"96-1005","t":"C130"},"FEAC":{"r":"83-0081","t":"DC10"},"FEAD":{"r":"84-0192","t":"DC10"},"FEB3":{"r":"73-1676","t":"B742"},"FEB4":{"r":"73-1677","t":"B742"},"FEB5":{"r":"74-0787","t":"B742"},"FEB6":{"r":"75-0125","t":"B742"},"FEB7":{"r":"98-0001","t":"B752"},"FEB8":{"r":"98-0002","t":"B752"},"FEB9":{"r":"99-0003","t":"B752"},"FEBA":{"r":"99-0004","t":"B752"},"FEBB":{"r":"95-0123","t":"C560"},"FEBC":{"r":"95-0124","t":"C560"},"FEBE":{"r":"96-0108","t":"C560"},"FEBF":{"r":"96-0109","t":"C560"},"FEC1":{"r":"96-0111","t":"C560"},"FEDF":{"r":"62-3558","t":"K35R"},"FEE2":{"r":"159113","t":"DC93"},"FEE3":{"r":"159114","t":"DC93"},"FEE4":{"r":"159115","t":"DC93"},"FEE5":{"r":"159116","t":"DC93"},"FEE6":{"r":"159117","t":"DC93"},"FEE7":{"r":"159118","t":"DC93"},"FEE8":{"r":"159119","t":"DC93"},"FEE9":{"r":"159120","t":"DC93"},"FEEB":{"r":"160047","t":"DC93"},"FEEC":{"r":"160048","t":"DC93"},"FEED":{"r":"160049","t":"DC93"},"FEEE":{"r":"160050","t":"DC93"},"FEEF":{"r":"160051","t":"DC93"},"FEF0":{"r":"161266","t":"DC93"},"FEF1":{"r":"161529","t":"DC93"},"FEF2":{"r":"161530","t":"DC93"},"FF0C":{"r":"60-0335","t":"K35R"},"FF0D":{"r":"62-3559","t":"K35R"}}