{"10D":{"r":"97-0400","t":"GLF5"},"10E":{"r":"97-0401","t":"GLF5"},"110":{"r":"94-1570","t":"ASTR"},"117":{"r":"97-5306","t":"C30J"},"12C":{"r":"73-1681","t":"DC93"},"12D":{"r":"73-1682","t":"DC93"},"12E":{"r":"73-1683","t":"DC93"},"130":{"r":"87-0118","t":"DC10"},"132":{"r":"97-0101","t":"C560"},"133":{"r":"97-0102","t":"C560"},"137":{"r":"63-7978","t":"K35R"},"13A":{"r":"59-1488","t":"K35R"},"13B":{"r":"57-1435","t":"K35R"},"13C":{"r":"60-0344","t":"K35R"},"13D":{"r":"64-14839","t":"K35R"},"13E":{"r":"63-7981","t":"K35R"},"13F":{"r":"60-0358","t":"K35R"},"142":{"r":"63-8037","t":"K35R"},"143":{"r":"58-0035","t":"K35R"},"144":{"r":"58-0060","t":"K35R"},"146":{"r":"59-1482","t":"K35R"},"14A":{"r":"59-1466","t":"K35R"},"14C":{"r":"63-8025","t":"K35R"},"14D":{"r":"58-0023","t":"K35R"},"150":{"r":"57-1430","t":"K35R"},"151":{"r":"57-1493","t":"K35R"},"152":{"r":"63-8034","t":"K35R"},"153":{"r":"63-8002","t":"K35R"},"154":{"r":"63-8045","t":"K35R"},"155":{"r":"62-3507","t":"K35R"},"156":{"r":"57-1456","t":"K35R"},"157":{"r":"58-0083","t":"K35R"},"158":{"r":"58-0112","t":"K35R"},"159":{"r":"57-1512","t":"K35R"},"15B":{"r":"58-0104","t":"K35R"},"15C":{"r":"58-0008","t":"K35R"},"15D":{"r":"63-8879","t":"K35R"},"160":{"r":"57-1479","t":"K35R"},"162":{"r":"63-8022","t":"K35R"},"163":{"r":"58-0052","t":"K35R"},"166":{"r":"86-0201","t":"GLF3"},"167":{"r":"86-0202","t":"GLF3"},"168":{"r":"86-0203","t":"GLF3"},"169":{"r":"86-0204","t":"GLF3"},"16A":{"r":"86-0206","t":"GLF3"},"191":{"r":"84-0124","t":"LJ35"},"199":{"r":"84-0064","t":"LJ35"},"1AD":{"r":"84-0084","t":"LJ35"},"1AE":{"r":"84-0085","t":"LJ35"},"1B0":{"r":"84-0087","t":"LJ35"},"1B2":{"r":"84-0109","t":"LJ35"},"1B3":{"r":"84-0110","t":"LJ35"},"1B4":{"r":"84-0111","t":"LJ35"},"1B5":{"r":"84-0112","t":"LJ35"},"1B7":{"r":"84-0081","t":"LJ35"},"1B8":{"r":"84-0082","t":"LJ35"},"1B9":{"r":"84-0141","t":"LJ35"},"1BF":{"r":"165093","t":"GLF4"},"1C0":{"r":"165094","t":"GLF4"},"1C1":{"r":"165151","t":"GLF4"},"1C2":{"r":"165152","t":"GLF4"},"1C4":{"r":"64-14842","t":"R135"},"1C5":{"r":"64-14843","t":"R135"},"1C6":{"r":"64-14844","t":"R135"},"1C8":{"r":"64-14846","t":"R135"},"1C9":{"r":"64-14841","t":"R135"},"1CA":{"r":"63-9792","t":"R135"},"1CB":{"r":"62-4135","t":"R135"},"1CC":{"r":"62-4131","t":"R135"},"1CD":{"r":"62-4138","t":"R135"},"1CE":{"r":"62-4134","t":"R135"},"1D0":{"r":"62-4139","t":"R135"},"1D1":{"r":"62-4130","t":"R135"},"1D4":{"r":"64-14847","t":"R135"},"1D5":{"r":"64-14849","t":"R135"},"1D6":{"r":"61-2663","t":"R135"},"1D7":{"r":"62-4128","t":"R135"},"1D9":{"r":"62-4133","t":"C135"},"1DC":{"r":"79-1710","t":"DC10"},"1DE":{"r":"79-1949","t":"DC10"},"1DF":{"r":"84-0187","t":"DC10"},"208":{"r":"79-0433","t":"DC10"},"209":{"r":"79-0434","t":"DC10"},"20A":{"r":"79-1711","t":"DC10"},"20B":{"r":"79-1713","t":"DC10"},"20C":{"r":"79-1946","t":"DC10"},"20D":{"r":"79-1947","t":"DC10"},"210":{"r":"82-0191","t":"DC10"},"216":{"r":"83-0079","t":"DC10"},"218":{"r":"83-0082","t":"DC10"},"219":{"r":"84-0185","t":"DC10"},"21A":{"r":"84-0186","t":"DC10"},"21B":{"r":"84-0188","t":"DC10"},"21C":{"r":"84-0189","t":"DC10"},"21D":{"r":"84-0190","t":"DC10"},"21F":{"r":"85-0027","t":"DC10"},"220":{"r":"85-0028","t":"DC10"},"222":{"r":"85-0030","t":"DC10"},"223":{"r":"85-0031","t":"DC10"},"224":{"r":"85-0032","t":"DC10"},"225":{"r":"85-0034","t":"DC10"},"226":{"r":"86-0027","t":"DC10"},"227":{"r":"86-0028","t":"DC10"},"228":{"r":"86-0030","t":"DC10"},"22A":{"r":"86-0032","t":"DC10"},"22C":{"r":"86-0035","t":"DC10"},"22D":{"r":"86-0036","t":"DC10"},"22E":{"r":"86-0037","t":"DC10"},"22F":{"r":"86-0038","t":"DC10"},"231":{"r":"87-0119","t":"DC10"},"232":{"r":"87-0120","t":"DC10"},"233":{"r":"87-0121","t":"DC10"},"234":{"r":"87-0122","t":"DC10"},"235":{"r":"87-0123","t":"DC10"},"236":{"r":"87-0124","t":"DC10"},"238":{"r":"58-0074","t":"K35R"},"239":{"r":"63-7977","t":"K35R"},"23A":{"r":"62-3520","t":"K35R"},"23B":{"r":"57-1440","t":"K35R"},"23C":{"r":"63-8888","t":"K35R"},"23D":{"r":"58-0121","t":"K35R"},"23F":{"r":"61-0304","t":"K35R"},"240":{"r":"59-1513","t":"K35R"},"241":{"r":"63-8021","t":"K35R"},"243":{"r":"58-0047","t":"K35R"},"244":{"r":"63-8044","t":"K35R"},"247":{"r":"96-8153","t":"C30J"},"24D":{"r":"62-3506","t":"K35R"},"254":{"r":"98-1356","t":"C130"},"256":{"r":"98-1358","t":"C30J"},"25A":{"r":"163691","t":"GLF3"},"25B":{"r":"163692","t":"GLF3"},"25C":{"r":"58-0034","t":"K35R"},"25D":{"r":"58-0092","t":"K35R"},"25E":{"r":"61-0264","t":"K35R"},"25F":{"r":"61-0280","t":"K35R"},"260":{"r":"61-0295","t":"K35R"},"261":{"r":"61-0310","t":"K35R"},"262":{"r":"61-0321","t":"K35R"},"263":{"r":"61-0324","t":"K35R"},"264":{"r":"60-0355","t":"K35R"},"266":{"r":"57-1469","t":"K35R"},"268":{"r":"59-1523","t":"K35R"},"26A":{"r":"62-3504","t":"K35R"},"26B":{"r":"62-3515","t":"K35R"},"26C":{"r":"62-3516","t":"K35R"},"26E":{"r":"63-7987","t":"K35R"},"270":{"r":"63-8038","t":"K35R"},"272":{"r":"64-14840","t":"K35R"},"2CD":{"r":"91-9141","t":"C130"},"2CE":{"r":"91-9142","t":"C130"},"2CF":{"r":"91-9143","t":"C130"},"2D2":{"r":"92-3022","t":"C130"},"2D3":{"r":"92-3023","t":"C130"},"2DB":{"r":"89-1183","t":"C130"},"2E8":{"r":"87-9286","t":"C130"},"2EB":{"r":"85-1362","t":"C130"},"2EF":{"r":"85-1366","t":"C130"},"2F0":{"r":"85-1367","t":"C130"},"2F1":{"r":"85-1368","t":"C130"},"2F2":{"r":"90-1057","t":"C130"},"2F5":{"r":"86-0412","t":"C130"},"2F7":{"r":"86-0414","t":"C130"},"302":{"r":"78-0812","t":"C130"},"306":{"r":"73-1597","t":"C130"},"30A":{"r":"74-1666","t":"C130"},"30B":{"r":"74-1667","t":"C130"},"311":{"r":"74-1675","t":"C130"},"312":{"r":"74-1677","t":"C130"},"316":{"r":"74-1688","t":"C130"},"317":{"r":"74-1689","t":"C130"},"31A":{"r":"74-2063","t":"C130"},"31D":{"r":"74-2069","t":"C130"},"326":{"r":"74-1664","t":"C130"},"32A":{"r":"74-1684","t":"C130"},"332":{"r":"74-2131","t":"C130"},"357":{"r":"830500","t":"GLF3"},"358":{"r":"57-1427","t":"K35R"},"35A":{"r":"57-2593","t":"K35R"},"35B":{"r":"58-0054","t":"K35R"},"35C":{"r":"58-0062","t":"K35R"},"35D":{"r":"58-0063","t":"K35R"},"35E":{"r":"58-0077","t":"K35R"},"35F":{"r":"58-0085","t":"K35R"},"361":{"r":"59-1444","t":"K35R"},"362":{"r":"59-1453","t":"K35R"},"363":{"r":"60-0341","t":"K35R"},"364":{"r":"60-0347","t":"K35R"},"365":{"r":"61-0314","t":"K35R"},"367":{"r":"63-8011","t":"K35R"},"368":{"r":"63-8013","t":"K35R"},"369":{"r":"63-8024","t":"K35R"},"371":{"r":"59-1483","t":"K35R"},"372":{"r":"60-0367","t":"K35R"},"374":{"r":"57-1508","t":"K35R"},"375":{"r":"58-0042","t":"K35R"},"378":{"r":"62-3541","t":"K35R"},"37A":{"r":"63-7993","t":"K35R"},"37C":{"r":"63-8026","t":"K35R"},"37E":{"r":"63-8887","t":"K35R"},"382":{"r":"58-0051","t":"K35R"},"383":{"r":"58-0079","t":"K35R"},"384":{"r":"59-1458","t":"K35R"},"385":{"r":"59-1467","t":"K35R"},"386":{"r":"59-1468","t":"K35R"},"38A":{"r":"62-3531","t":"K35R"},"38B":{"r":"62-3543","t":"K35R"},"38C":{"r":"62-3573","t":"K35R"},"390":{"r":"63-7999","t":"K35R"},"391":{"r":"63-8039","t":"K35R"},"392":{"r":"63-8880","t":"K35R"},"3C3":{"r":"162309","t":"C130"},"3C7":{"r":"162786","t":"C130"},"3CC":{"r":"163591","t":"C130"},"3CF":{"r":"164106","t":"C130"},"3D2":{"r":"164441","t":"C130"},"3D3":{"r":"164442","t":"C130"},"3D4":{"r":"164597","t":"C130"},"3D6":{"r":"164999","t":"C130"},"3DC":{"r":"165352","t":"C130"},"3DD":{"r":"165353","t":"C130"},"3DE":{"r":"164762","t":"C130"},"3E0":{"r":"164993","t":"C130"},"3E1":{"r":"164994","t":"C130"},"3E2":{"r":"164995","t":"C130"},"3E3":{"r":"164996","t":"C130"},"3E4":{"r":"164997","t":"C130"},"3E5":{"r":"164998","t":"C130"},"3E6":{"r":"165158","t":"C130"},"3E7":{"r":"165159","t":"C130"},"3E8":{"r":"165160","t":"C130"},"3E9":{"r":"165161","t":"C130"},"3EA":{"r":"165313","t":"C130"},"3EB":{"r":"165314","t":"C130"},"3EC":{"r":"165348","t":"C130"},"3ED":{"r":"165349","t":"C130"},"3EE":{"r":"165350","t":"C130"},"3EF":{"r":"165351","t":"C130"},"3F0":{"r":"165378","t":"C130"},"3F1":{"r":"165379","t":"C130"},"3F9":{"r":"84-0173","t":"BE20"},"401":{"r":"84-0156","t":"BE20"},"402":{"r":"84-0157","t":"BE20"},"403":{"r":"84-0158","t":"BE20"},"404":{"r":"84-0160","t":"BE20"},"405":{"r":"97-1944","t":"GLF5"},"406":{"r":"99-0402","t":"GLF5"},"407":{"r":"165735","t":"C30J"},"40A":{"r":"165738","t":"C30J"},"40D":{"r":"162782","t":"E6"},"40F":{"r":"162784","t":"E6"},"410":{"r":"163918","t":"E6"},"411":{"r":"163919","t":"E6"},"412":{"r":"163920","t":"E6"},"413":{"r":"164386","t":"E6"},"414":{"r":"164387","t":"E6"},"415":{"r":"164388","t":"E6"},"416":{"r":"164404","t":"E6"},"417":{"r":"164405","t":"E6"},"418":{"r":"164406","t":"E6"},"419":{"r":"164407","t":"E6"},"41A":{"r":"164408","t":"E6"},"41B":{"r":"164409","t":"E6"},"41C":{"r":"164410","t":"E6"},"41E":{"r":"57-1487","t":"K35R"},"41F":{"r":"57-1488","t":"K35R"},"420":{"r":"58-0072","t":"K35R"},"421":{"r":"58-0089","t":"K35R"},"422":{"r":"59-1499","t":"K35E"},"423":{"r":"59-1505","t":"K35R"},"424":{"r":"60-0333","t":"K35R"},"425":{"r":"60-0342","t":"K35R"},"426":{"r":"60-0363","t":"K35R"},"427":{"r":"61-0290","t":"K35R"},"428":{"r":"62-3511","t":"K35R"},"42A":{"r":"62-3545","t":"K35R"},"42D":{"r":"64-14834","t":"K35R"},"42E":{"r":"64-14837","t":"K35R"},"443":{"r":"00-9001","t":"B752"},"446":{"r":"99-6143","t":"B752"},"449":{"r":"02-4452","t":"B752"},"470":{"r":"57-1428","t":"K35R"},"471":{"r":"57-1451","t":"K35R"},"472":{"r":"57-1459","t":"K35R"},"474":{"r":"57-2599","t":"K35R"},"475":{"r":"58-0001","t":"K35R"},"476":{"r":"58-0027","t":"K35R"},"477":{"r":"58-0038","t":"K35R"},"478":{"r":"58-0046","t":"K35R"},"479":{"r":"58-0061","t":"K35R"},"47A":{"r":"58-0073","t":"K35R"},"47B":{"r":"58-0117","t":"K35R"},"47C":{"r":"59-1448","t":"K35R"},"47E":{"r":"59-1492","t":"K35R"},"47F":{"r":"59-1509","t":"K35R"},"480":{"r":"60-0324","t":"K35R"},"482":{"r":"60-0337","t":"K35R"},"483":{"r":"60-0339","t":"K35R"},"484":{"r":"62-3509","t":"K35R"},"485":{"r":"62-3521","t":"K35R"},"486":{"r":"62-3542","t":"K35R"},"487":{"r":"62-3556","t":"K35R"},"488":{"r":"62-3577","t":"K35R"},"489":{"r":"63-8007","t":"K35R"},"48A":{"r":"63-8008","t":"K35R"},"48B":{"r":"63-8032","t":"K35R"},"48D":{"r":"64-14836","t":"K35R"},"496":{"r":"65-0964","t":"C130"},"499":{"r":"58-0010","t":"K35R"},"49A":{"r":"61-0307","t":"K35R"},"49B":{"r":"61-0313","t":"K35R"},"49C":{"r":"59-1517","t":"K35R"},"49F":{"r":"99-1433","t":"C30J"},"4A2":{"r":"60-0359","t":"K35R"},"4A6":{"r":"63-8033","t":"K35R"},"4A7":{"r":"165809","t":"C30J"},"4A8":{"r":"165810","t":"C30J"},"4AA":{"r":"99-0101","t":"C560"},"4AB":{"r":"99-0102","t":"C560"},"4AF":{"r":"165741","t":"C560"},"4B0":{"r":"57-1419","t":"K35R"},"4B1":{"r":"57-1432","t":"K35R"},"4B2":{"r":"57-1453","t":"K35R"},"4B8":{"r":"58-0018","t":"K35R"},"4BB":{"r":"58-0056","t":"K35R"},"4BD":{"r":"58-0076","t":"K35R"},"4BE":{"r":"58-0106","t":"K35R"},"4C1":{"r":"58-0125","t":"K35R"},"4C3":{"r":"59-1470","t":"K35R"},"4C4":{"r":"59-1475","t":"K35R"},"4C8":{"r":"59-1500","t":"K35R"},"4CA":{"r":"60-0360","t":"K35R"},"4CB":{"r":"61-0318","t":"K35R"},"4CC":{"r":"62-3499","t":"K35R"},"4CD":{"r":"62-3503","t":"K35R"},"4CE":{"r":"62-3524","t":"K35R"},"4CF":{"r":"62-3537","t":"K35R"},"4D0":{"r":"62-3566","t":"K35R"},"4D1":{"r":"63-7984","t":"K35R"},"4D7":{"r":"165829","t":"B737"},"4D8":{"r":"165830","t":"B737"},"4D9":{"r":"165831","t":"B737"},"4DA":{"r":"165832","t":"B737"},"4DB":{"r":"57-1437","t":"K35R"},"4DD":{"r":"71502","t":"K35R"},"4DE":{"r":"57-2597","t":"K35R"},"4DF":{"r":"58-0088","t":"K35R"},"4E0":{"r":"58-0109","t":"K35R"},"4E1":{"r":"58-0120","t":"K35R"},"4E2":{"r":"59-1446","t":"K35R"},"4E3":{"r":"59-1455","t":"K35R"},"4E4":{"r":"59-1469","t":"K35R"},"4E5":{"r":"59-1478","t":"K35R"},"4E6":{"r":"59-1516","t":"K35R"},"4E7":{"r":"60-0343","t":"K35R"},"4EA":{"r":"61-0276","t":"K35R"},"4EB":{"r":"61-0311","t":"K35R"},"4EC":{"r":"63-7991","t":"K35R"},"4ED":{"r":"63-8035","t":"K35R"},"4EE":{"r":"63-8041","t":"K35R"},"4EF":{"r":"86-0079","t":"BE20"},"4F1":{"r":"84-0161","t":"BE20"},"4F2":{"r":"84-0162","t":"BE20"},"4F4":{"r":"84-0165","t":"BE20"},"4F5":{"r":"58-0050","t":"K35R"},"4F6":{"r":"58-0069","t":"K35R"},"4F8":{"r":"63-7988","t":"K35R"},"4F9":{"r":"99-0404","t":"GLF5"},"4FC":{"r":"58-0011","t":"K35R"},"4FE":{"r":"58-0100","t":"K35R"},"4FF":{"r":"59-1463","t":"K35R"},"500":{"r":"59-1495","t":"K35R"},"501":{"r":"59-1504","t":"K35R"},"502":{"r":"59-1511","t":"K35R"},"503":{"r":"60-0336","t":"K35R"},"507":{"r":"61-0323","t":"K35R"},"50A":{"r":"63-8018","t":"K35R"},"51C":{"r":"68-0215","t":"C5"},"51E":{"r":"68-0217","t":"C5"},"521":{"r":"68-0221","t":"C5"},"523":{"r":"68-0223","t":"C5"},"524":{"r":"68-0224","t":"C5"},"525":{"r":"68-0225","t":"C5"},"526":{"r":"68-0226","t":"C5"},"527":{"r":"69-0001","t":"C5"},"528":{"r":"69-0002","t":"C5"},"52C":{"r":"69-0006","t":"C5"},"52D":{"r":"69-0007","t":"C5"},"52E":{"r":"69-0008","t":"C5"},"52F":{"r":"69-0009","t":"C5"},"530":{"r":"69-0010","t":"C5"},"531":{"r":"69-0011","t":"C5"},"532":{"r":"69-0012","t":"C5"},"533":{"r":"69-0013","t":"C5"},"534":{"r":"69-0014","t":"C5"},"535":{"r":"69-0015","t":"C5"},"536":{"r":"69-0016","t":"C5"},"537":{"r":"69-0017","t":"C5"},"539":{"r":"69-0019","t":"C5"},"53B":{"r":"69-0021","t":"C5"},"53C":{"r":"69-0022","t":"C5"},"53E":{"r":"69-0024","t":"C5"},"543":{"r":"70-0445","t":"C5"},"545":{"r":"70-0447","t":"C5"},"549":{"r":"70-0452","t":"C5"},"54A":{"r":"70-0453","t":"C5"},"54B":{"r":"70-0454","t":"C5"},"54C":{"r":"70-0455","t":"C5"},"54E":{"r":"70-0457","t":"C5"},"550":{"r":"70-0459","t":"C5"},"551":{"r":"70-0460","t":"C5"},"552":{"r":"70-0461","t":"C5"},"553":{"r":"70-0462","t":"C5"},"554":{"r":"70-0463","t":"C5"},"556":{"r":"70-0465","t":"C5"},"558":{"r":"70-0467","t":"C5"},"559":{"r":"83-1285","t":"C5"},"55B":{"r":"84-0060","t":"C5"},"55C":{"r":"84-0061","t":"C5"},"55D":{"r":"84-0062","t":"C5"},"55E":{"r":"85-0001","t":"C5"},"55F":{"r":"85-0002","t":"C5"},"560":{"r":"85-0003","t":"C5"},"561":{"r":"85-0004","t":"C5"},"562":{"r":"85-0005","t":"C5"},"563":{"r":"85-0006","t":"C5"},"564":{"r":"85-0007","t":"C5"},"565":{"r":"85-0008","t":"C5"},"566":{"r":"85-0009","t":"C5"},"567":{"r":"85-0010","t":"C5"},"568":{"r":"86-0011","t":"C5"},"569":{"r":"86-0012","t":"C5"},"56A":{"r":"86-0013","t":"C5"},"56C":{"r":"86-0015","t":"C5"},"56D":{"r":"86-0016","t":"C5"},"56E":{"r":"86-0017","t":"C5"},"56F":{"r":"86-0018","t":"C5"},"570":{"r":"86-0019","t":"C5"},"571":{"r":"86-0020","t":"C5"},"572":{"r":"86-0021","t":"C5"},"573":{"r":"86-0022","t":"C5"},"574":{"r":"86-0023","t":"C5"},"575":{"r":"86-0024","t":"C5"},"576":{"r":"86-0025","t":"C5"},"577":{"r":"86-0026","t":"C5"},"578":{"r":"87-0027","t":"C5"},"57A":{"r":"87-0029","t":"C5"},"57B":{"r":"87-0030","t":"C5"},"57C":{"r":"87-0031","t":"C5"},"57E":{"r":"87-0033","t":"C5"},"57F":{"r":"87-0034","t":"C5"},"580":{"r":"87-0035","t":"C5"},"581":{"r":"87-0036","t":"C5"},"583":{"r":"87-0038","t":"C5"},"584":{"r":"87-0039","t":"C5"},"585":{"r":"87-0040","t":"C5"},"586":{"r":"87-0041","t":"C5"},"587":{"r":"87-0042","t":"C5"},"588":{"r":"87-0043","t":"C5"},"589":{"r":"87-0044","t":"C5"},"58A":{"r":"87-0045","t":"C5"},"58C":{"r":"58-0009","t":"K35R"},"58D":{"r":"58-0016","t":"K35R"},"58F":{"r":"58-0045","t":"K35R"},"590":{"r":"58-0066","t":"K35R"},"591":{"r":"58-0075","t":"K35R"},"593":{"r":"58-0113","t":"K35R"},"595":{"r":"58-0130","t":"K35R"},"598":{"r":"59-1521","t":"K35R"},"599":{"r":"60-0315","t":"K35R"},"59A":{"r":"60-0319","t":"K35R"},"59C":{"r":"60-0350","t":"K35R"},"59E":{"r":"61-0266","t":"K35R"},"59F":{"r":"61-0294","t":"K35R"},"5A1":{"r":"61-0302","t":"K35R"},"5A3":{"r":"61-0309","t":"K35R"},"5A6":{"r":"62-3533","t":"K35R"},"5A7":{"r":"62-3544","t":"K35R"},"5A8":{"r":"62-3551","t":"K35R"},"5AA":{"r":"63-8019","t":"K35R"},"5AC":{"r":"63-8029","t":"K35R"},"5AE":{"r":"63-8871","t":"K35R"},"5AF":{"r":"63-8875","t":"K35R"},"5B0":{"r":"63-8876","t":"K35R"},"5B6":{"r":"88-1301","t":"C130"},"5CC":{"r":"79-0473","t":"C130"},"5CD":{"r":"82-0054","t":"C130"},"5D0":{"r":"82-0057","t":"C130"},"5DD":{"r":"79-0476","t":"C130"},"5DE":{"r":"87-9281","t":"C130"},"5DF":{"r":"87-9282","t":"C130"},"5E0":{"r":"87-9283","t":"C130"},"5E1":{"r":"87-9285","t":"C130"},"5E2":{"r":"87-9287","t":"C130"},"5E3":{"r":"88-4401","t":"C130"},"5F0":{"r":"65-0982","t":"C130"},"5F6":{"r":"66-0224","t":"C130"},"5FE":{"r":"79-0477","t":"C130"},"5FF":{"r":"80-0320","t":"C130"},"601":{"r":"80-0322","t":"C130"},"602":{"r":"80-0323","t":"C130"},"603":{"r":"80-0324","t":"C130"},"604":{"r":"80-0325","t":"C130"},"606":{"r":"80-0332","t":"C130"},"609":{"r":"83-0486","t":"C130"},"60A":{"r":"83-0487","t":"C130"},"61C":{"r":"84-0206","t":"C130"},"61D":{"r":"84-0207","t":"C130"},"61E":{"r":"84-0208","t":"C130"},"61F":{"r":"84-0209","t":"C130"},"620":{"r":"84-0210","t":"C130"},"622":{"r":"84-0212","t":"C130"},"623":{"r":"84-0213","t":"C130"},"627":{"r":"62-3512","t":"K35R"},"628":{"r":"58-0122","t":"K35R"},"629":{"r":"62-3526","t":"K35R"},"62A":{"r":"58-0129","t":"K35R"},"62B":{"r":"60-0353","t":"K35R"},"633":{"r":"85-0149","t":"BE20"},"63F":{"r":"57-1441","t":"K35R"},"64E":{"r":"58-0036","t":"K35R"},"651":{"r":"58-0057","t":"K35R"},"654":{"r":"58-0071","t":"K35R"},"655":{"r":"58-0084","t":"K35R"},"656":{"r":"58-0102","t":"K35R"},"657":{"r":"58-0126","t":"K35R"},"658":{"r":"59-1462","t":"K35R"},"659":{"r":"59-1464","t":"K35R"},"65A":{"r":"59-1486","t":"K35R"},"65D":{"r":"60-0320","t":"K35R"},"663":{"r":"60-0364","t":"K35R"},"664":{"r":"61-0277","t":"K35R"},"665":{"r":"61-0299","t":"K35R"},"666":{"r":"61-0305","t":"K35R"},"667":{"r":"61-0317","t":"K35R"},"668":{"r":"62-3523","t":"K35R"},"669":{"r":"62-3540","t":"K35R"},"66B":{"r":"62-3554","t":"K35R"},"66C":{"r":"62-3562","t":"K35R"},"66D":{"r":"62-3565","t":"K35R"},"66E":{"r":"62-3569","t":"K35R"},"66F":{"r":"62-3580","t":"K35R"},"670":{"r":"63-7980","t":"K35R"},"671":{"r":"63-8000","t":"K35R"},"672":{"r":"63-8014","t":"K35R"},"673":{"r":"63-8027","t":"K35R"},"678":{"r":"00-0173","t":"C17"},"679":{"r":"00-0174","t":"C17"},"681":{"r":"58-0086","t":"K35R"},"684":{"r":"60-0321","t":"K35R"},"686":{"r":"60-0328","t":"K35R"},"687":{"r":"60-0349","t":"K35R"},"689":{"r":"61-0300","t":"K35R"},"68C":{"r":"62-3513","t":"K35R"},"68D":{"r":"62-3517","t":"K35R"},"68E":{"r":"62-3529","t":"K35R"},"690":{"r":"62-3538","t":"K35R"},"691":{"r":"62-3572","t":"K35R"},"692":{"r":"63-7997","t":"K35R"},"696":{"r":"63-8884","t":"K35R"},"697":{"r":"64-14833","t":"K35R"},"698":{"r":"165153","t":"GLF4"},"6DF":{"r":"163557","t":"BE20"},"6E7":{"r":"163838","t":"BE20"},"6F9":{"r":"98-0133","t":"F15"},"749":{"r":"163840","t":"BE20"},"74F":{"r":"163843","t":"BE20"},"750":{"r":"163839","t":"BE20"},"79F":{"r":"58-0093","t":"K35R"},"7A1":{"r":"58-0099","t":"K35R"},"7A3":{"r":"58-0118","t":"K35R"},"7A5":{"r":"59-1471","t":"K35R"},"7A7":{"r":"59-1498","t":"K35R"},"7A8":{"r":"59-1508","t":"K35R"},"7A9":{"r":"59-1515","t":"K35R"},"7AA":{"r":"59-1520","t":"K35R"},"7AB":{"r":"60-0331","t":"K35R"},"7AD":{"r":"60-0365","t":"K35R"},"7B0":{"r":"61-0284","t":"K35R"},"7B2":{"r":"61-0306","t":"K35R"},"7B4":{"r":"62-3498","t":"K35R"},"7B6":{"r":"62-3519","t":"K35R"},"7B7":{"r":"62-3528","t":"K35R"},"7B8":{"r":"62-3546","t":"K35R"},"7B9":{"r":"62-3550","t":"K35R"},"7BA":{"r":"62-3557","t":"K35R"},"7BC":{"r":"62-3564","t":"K35R"},"7BD":{"r":"62-3568","t":"K35R"},"7BE":{"r":"62-3578","t":"K35R"},"7BF":{"r":"63-7979","t":"K35R"},"7C0":{"r":"63-8006","t":"K35R"},"7C2":{"r":"63-8020","t":"K35R"},"7C5":{"r":"64-14830","t":"K35R"},"7C6":{"r":"64-14831","t":"K35R"},"7CB":{"r":"88-0265","t":"C17"},"7CC":{"r":"88-0266","t":"C17"},"7CD":{"r":"89-1189","t":"C17"},"7CE":{"r":"89-1190","t":"C17"},"7CF":{"r":"89-1191","t":"C17"},"7D0":{"r":"89-1192","t":"C17"},"7D1":{"r":"90-0532","t":"C17"},"7D2":{"r":"90-0533","t":"C17"},"7D3":{"r":"90-0534","t":"C17"},"7D4":{"r":"90-0535","t":"C17"},"7D5":{"r":"92-3291","t":"C17"},"7D6":{"r":"92-3292","t":"C17"},"7D7":{"r":"92-3293","t":"C17"},"7D8":{"r":"92-3294","t":"C17"},"7DA":{"r":"93-0600","t":"C17"},"7DB":{"r":"93-0601","t":"C17"},"7DC":{"r":"93-0602","t":"C17"},"7DD":{"r":"93-0603","t":"C17"},"7DE":{"r":"93-0604","t":"C17"},"7DF":{"r":"94-0065","t":"C17"},"7E0":{"r":"94-0066","t":"C17"},"7E1":{"r":"94-0067","t":"C17"},"7E2":{"r":"94-0068","t":"C17"},"7E3":{"r":"94-0069","t":"C17"},"7E4":{"r":"94-0070","t":"C17"},"7E5":{"r":"95-0102","t":"C17"},"7E6":{"r":"95-0103","t":"C17"},"7E7":{"r":"95-0104","t":"C17"},"7E8":{"r":"95-0105","t":"C17"},"7E9":{"r":"95-0106","t":"C17"},"7EA":{"r":"95-0107","t":"C17"},"7EB":{"r":"96-0001","t":"C17"},"7EC":{"r":"96-0002","t":"C17"},"7ED":{"r":"96-0003","t":"C17"},"7EE":{"r":"96-0004","t":"C17"},"7EF":{"r":"96-0005","t":"C17"},"7F0":{"r":"96-0006","t":"C17"},"7F1":{"r":"96-0007","t":"C17"},"7F2":{"r":"96-0008","t":"C17"},"7F3":{"r":"97-0041","t":"C17"},"7F4":{"r":"97-0042","t":"C17"},"7F6":{"r":"97-0044","t":"C17"},"7F7":{"r":"97-0045","t":"C17"},"7F9":{"r":"97-0047","t":"C17"},"7FA":{"r":"97-0048","t":"C17"},"7FB":{"r":"98-0049","t":"C17"},"7FC":{"r":"98-0050","t":"C17"},"7FD":{"r":"98-0051","t":"C17"},"7FE":{"r":"98-0052","t":"C17"},"7FF":{"r":"98-0053","t":"C17"},"800":{"r":"98-0054","t":"C17"},"802":{"r":"98-0056","t":"C17"},"803":{"r":"98-0057","t":"C17"},"804":{"r":"99-0058","t":"C17"},"805":{"r":"99-0059","t":"C17"},"806":{"r":"99-0060","t":"C17"},"807":{"r":"99-0061","t":"C17"},"808":{"r":"99-0062","t":"C17"},"80A":{"r":"99-0064","t":"C17"},"80B":{"r":"99-0165","t":"C17"},"80C":{"r":"99-0166","t":"C17"},"80D":{"r":"99-0167","t":"C17"},"80E":{"r":"99-0168","t":"C17"},"80F":{"r":"99-0169","t":"C17"},"810":{"r":"99-0170","t":"C17"},"811":{"r":"00-0175","t":"C17"},"812":{"r":"00-0176","t":"C17"},"813":{"r":"00-0177","t":"C17"},"814":{"r":"00-0178","t":"C17"},"815":{"r":"00-0179","t":"C17"},"816":{"r":"00-0180","t":"C17"},"817":{"r":"00-0181","t":"C17"},"818":{"r":"00-0182","t":"C17"},"823":{"r":"57-1438","t":"K35R"},"82A":{"r":"57-1501","t":"K35R"},"840":{"r":"58-0058","t":"K35R"},"842":{"r":"58-0067","t":"K35R"},"847":{"r":"58-0107","t":"K35R"},"859":{"r":"59-1506","t":"K35R"},"87A":{"r":"00-3002","t":"F15"},"87E":{"r":"01-0028","t":"GLF5"},"87F":{"r":"01-0029","t":"GLF5"},"8BE":{"r":"00-0184","t":"C17"},"8BF":{"r":"76-0163","t":"BE20"},"8C0":{"r":"73-1214","t":"BE20"},"8CF":{"r":"00-0185","t":"C17"},"8D5":{"r":"61-2670","t":"C135"},"8D6":{"r":"61-2672","t":"C135"},"8DA":{"r":"166380","t":"C30J"},"8DE":{"r":"166382","t":"C30J"},"8E1":{"r":"01-1461","t":"C30J"},"8E2":{"r":"01-1462","t":"C30J"},"8E3":{"r":"00-0183","t":"C17"},"8E9":{"r":"83-0498","t":"BE20"},"8EA":{"r":"76-0171","t":"BE20"},"8F3":{"r":"85-0147","t":"BE20"},"8F6":{"r":"85-0152","t":"BE20"},"945":{"r":"01-0040","t":"B737"},"949":{"r":"68-10329","t":"U2"},"94A":{"r":"68-10331","t":"U2"},"94F":{"r":"80-1066","t":"U2"},"955":{"r":"80-1073","t":"U2"},"957":{"r":"80-1076","t":"U2"},"95A":{"r":"80-1066","t":"U2"},"95E":{"r":"80-1083","t":"U2"},"960":{"r":"80-1085","t":"U2"},"961":{"r":"80-1086","t":"U2"},"962":{"r":"80-1087","t":"U2"},"966":{"r":"80-1096","t":"U2"},"967":{"r":"80-1093","t":"U2"},"968":{"r":"80-1094","t":"U2"},"976":{"r":"165833","t":"B737"},"977":{"r":"165834","t":"B737"},"978":{"r":"01-0076","t":"GLF5"},"E70":{"r":"87-24589","t":"H60"},"EAE":{"r":"87-24583","t":"H60"},"EAF":{"r":"87-24584","t":"H60"}}