{"000ED":{"r":"C-FAJC","t":"CL30"},"00141":{"r":"C-FAMI","t":"C560"},"00154":{"r":"C-FANB","t":"B734"},"0015C":{"r":"C-FANJ","t":"C25B"},"00246":{"r":"C-FAWJ","t":"B738"},"00256":{"r":"C-FAWZ","t":"FA7X"},"002EA":{"r":"C-FBCR","t":"CL60"},"00304":{"r":"C-FBDR","t":"GLEX"},"00318":{"r":"C-FBEL","t":"CL60"},"00319":{"r":"C-FBEM","t":"CL60"},"00409":{"r":"C-FBNS","t":"CL60"},"004EA":{"r":"C-FBWJ","t":"B737"},"004F3":{"r":"C-FBWS","t":"B737"},"0054A":{"r":"C-FCAB","t":"B763"},"0054D":{"r":"C-FCAE","t":"B763"},"0054E":{"r":"C-FCAF","t":"B763"},"0054F":{"r":"C-FCAG","t":"B763"},"0059B":{"r":"C-FCDE","t":"CL60"},"005C8":{"r":"C-FCEX"},"0061A":{"r":"C-FCIB","t":"CL60"},"006B1":{"r":"C-FCNW","t":"B738"},"006D7":{"r":"C-FCPI","t":"CL60"},"006E0":{"r":"C-FCPR","t":"C680"},"0078E":{"r":"C-FCWJ","t":"B737"},"00800":{"r":"C-FDAT","t":"A310"},"00810":{"r":"C-FDBJ","t":"F2TH"},"00964":{"r":"C-FDOL","t":"CL30"},"00A9B":{"r":"C-FEAK","t":"B738"},"00AE5":{"r":"C-FEDG","t":"LJ60"},"00B8A":{"r":"C-FEJP","t":"E170"},"00B98":{"r":"C-FEKD","t":"E170"},"00B9E":{"r":"C-FEKJ","t":"E170"},"00BDC":{"r":"C-FEMT","t":"LJ35"},"00BEC":{"r":"C-FENJ","t":"B737"},"00CD6":{"r":"C-FEWJ","t":"B737"},"00CF5":{"r":"C-FEXO","t":"C208"},"00D00":{"r":"C-FEXZ","t":"DH8C"},"00D07":{"r":"C-FEYG","t":"DH8C"},"00D1E":{"r":"C-FEZD","t":"DH8C"},"00D51":{"r":"C-FFBC","t":"CL30"},"00EC2":{"r":"C-FFPH","t":"B738"},"00FE2":{"r":"C-FGAJ","t":"B762"},"01061":{"r":"C-FGFG","t":"CL60"},"010B3":{"r":"C-FGIK","t":"CL30"},"010B4":{"r":"C-FGIL","t":"CL30"},"01205":{"r":"C-FGVK","t":"B738"},"0121E":{"r":"C-FGWJ","t":"B737"},"0131B":{"r":"C-FHGC","t":"CL60"},"013DB":{"r":"C-FHNM","t":"CVLP"},"0140F":{"r":"C-FHPM","t":"GLF4"},"01442":{"r":"C-FHRL","t":"ASTR"},"01472":{"r":"C-FHTH","t":"TBM8"},"014BC":{"r":"15005","t":"A310"},"01551":{"r":"C-FIBW","t":"B737"},"0171A":{"r":"C-FITL","t":"B773"},"01723":{"r":"C-FITU","t":"B773"},"01725":{"r":"C-FITW","t":"B773"},"01729":{"r":"C-FIUA","t":"B772"},"0172E":{"r":"C-FIUF","t":"B772"},"01732":{"r":"C-FIUJ","t":"B772"},"01734":{"r":"C-FIUL","t":"B773"},"0173A":{"r":"C-FIUR","t":"B77W"},"0173E":{"r":"C-FIUV","t":"B773"},"0173F":{"r":"C-FIUW","t":"B773"},"0174D":{"r":"C-FIVK","t":"B772"},"0174F":{"r":"C-FIVM","t":"B773"},"01753":{"r":"C-FIVQ","t":"B773"},"01754":{"r":"C-FIVR","t":"B773"},"01755":{"r":"C-FIVS","t":"B773"},"01759":{"r":"C-FIVW","t":"B77W"},"0175A":{"r":"C-FIVX","t":"B77W"},"01766":{"r":"C-FIWJ","t":"B737"},"017FA":{"r":"C-FJCB","t":"CL30"},"01897":{"r":"C-FJIC","t":"C750"},"018B1":{"r":"C-FJJC","t":"CL60"},"01929":{"r":"C-FJNS","t":"CL60"},"01931":{"r":"C-FJOA","t":"F2TH"},"01939":{"r":"C-FJOI","t":"F900"},"0193A":{"r":"C-FJOJ","t":"GALX"},"01AA5":{"r":"C-FKCI","t":"CL30"},"01AA6":{"r":"C-FKCJ","t":"B752"},"01B12":{"r":"C-FKGN","t":"H25B"},"01B4F":{"r":"C-FKIW","t":"B737"},"01B5F":{"r":"C-FKJM","t":"CL60"},"01BA3":{"r":"C-FKMC","t":"CL60"},"01CAE":{"r":"C-FKWJ","t":"B738"},"01D7E":{"r":"C-FLEJ","t":"B734"},"01D82":{"r":"C-FLEN","t":"B734"},"01E28":{"r":"C-FLKX","t":"FA7X"},"01E4F":{"r":"C-FLMK","t":"CL60"},"01E50":{"r":"C-FLML","t":"BE58"},"01E90":{"r":"C-FLOX","t":"B752"},"01ED0":{"r":"C-FLRJ","t":"LJ45"},"01EF7":{"r":"C-FLSW","t":"B738"},"01F52":{"r":"C-FLWJ","t":"B737"},"01FA8":{"r":"C-FLZR","t":"B738"},"01FB9":{"r":"C-FMAI","t":"B752"},"01FED":{"r":"C-FMCI","t":"C550"},"01FEE":{"r":"C-FMCJ","t":"B762"},"01FFD":{"r":"C-FMCY","t":"CRJ2"},"02023":{"r":"C-FMEK"},"02028":{"r":"C-FMEP","t":"B752"},"0202D":{"r":"C-FMEU"},"02039":{"r":"C-FMFG","t":"B752"},"0203E":{"r":"C-FMFL","t":"FA50"},"02063":{"r":"C-FMGW","t":"CRJ2"},"02072":{"r":"C-FMHL"},"0214E":{"r":"C-FMPX","t":"GL5T"},"021F6":{"r":"C-FMWJ","t":"B737"},"021FC":{"r":"C-FMWP","t":"B763"},"021FD":{"r":"C-FMWQ","t":"B763"},"02201":{"r":"C-FMWU","t":"B763"},"02202":{"r":"C-FMWV","t":"B763"},"02205":{"r":"C-FMWY","t":"B763"},"02209":{"r":"C-FMXC","t":"B763"},"022D1":{"r":"C-FNEU","t":"CL60"},"023AA":{"r":"C-FNND","t":"B77L"},"023AE":{"r":"C-FNNH","t":"B772"},"023B7":{"r":"C-FNNQ","t":"B773"},"023BB":{"r":"C-FNNU","t":"B77W"},"023BD":{"r":"C-FNNW","t":"B77W"},"023C7":{"r":"C-FNOG","t":"B789"},"02415":{"r":"C-FNRG","t":"C750"},"02501":{"r":"C-FOAI","t":"DH8C"},"0252D":{"r":"C-FOCA","t":"B763"},"026B4":{"r":"C-FORB","t":"GLF4"},"0272C":{"r":"C-FOVR","t":"DH8A"},"027D1":{"r":"C-FPCA","t":"B763"},"027D5":{"r":"C-FPCE","t":"C510"},"027FC":{"r":"C-FPDR","t":"CL60"},"02865":{"r":"C-FPHS","t":"B735"},"02937":{"r":"C-FPPU","t":"DH8D"},"02966":{"r":"C-FPRP","t":"LJ35"},"02A0B":{"r":"C-FPXY","t":"PC12"},"02CF1":{"r":"C-FRAM","t":"B773"},"02D21":{"r":"C-FRCI","t":"CL60"},"02F21":{"r":"C-FRWA","t":"B738"},"02F75":{"r":"C-FRZG","t":"B738"},"02F78":{"r":"C-FRZJ","t":"B738"},"02FC5":{"r":"C-FSCI","t":"CL60"},"03000":{"r":"C-FSEP","t":"CL60"},"0307B":{"r":"C-FSJI","t":"FA20"},"03084":{"r":"C-FSJR","t":"CL60"},"0313C":{"r":"C-FSQT","t":"DH8B"},"03150":{"r":"C-FSRN","t":"DH8D"},"03231":{"r":"C-FTAE","t":"B738"},"03234":{"r":"C-FTAH","t":"B738"},"03260":{"r":"C-FTBZ","t":"CL2P"},"03261":{"r":"C-FTCA","t":"B763"},"03278":{"r":"C-FTCX","t":"B738"},"0327A":{"r":"C-FTCZ","t":"B738"},"03291":{"r":"C-FTDW","t":"B738"},"032A2":{"r":"C-FTEN","t":"C750"},"032D1":{"r":"C-FTGI","t":"DC3"},"0330B":{"r":"C-FTIO","t":"GLEX"},"0331E":{"r":"C-FTJH","t":"B738"},"03343":{"r":"C-FTKS","t":"CRJ2"},"03352":{"r":"C-FTLH","t":"CL60"},"03355":{"r":"C-FTLK","t":"B738"},"03380":{"r":"C-FTNB","t":"B429"},"0338B":{"r":"C-FTNM","t":"P46T"},"033A0":{"r":"C-FTOH","t":"B738"},"03472":{"r":"C-FTWJ","t":"B737"},"034D1":{"r":"C-FUAA","t":"B738"},"03580":{"r":"C-FUGT","t":"DHC6"},"03689":{"r":"C-FUQY","t":"CRJ2"},"0371F":{"r":"C-FUWS","t":"B737"},"03A9A":{"r":"C-FWEZ","t":"CRJ2"},"03AF2":{"r":"C-FWIJ","t":"B738"},"03B34":{"r":"C-FWKX","t":"F900"},"03B41":{"r":"C-FWLK","t":"CL2P"},"03BF1":{"r":"C-FWSE","t":"B738"},"03BF2":{"r":"C-FWSF","t":"B737"},"03BF5":{"r":"C-FWSI","t":"B737"},"03BF7":{"r":"C-FWSK","t":"B737"},"03BFB":{"r":"C-FWSO","t":"B737"},"03C02":{"r":"C-FWSV","t":"B737"},"03C04":{"r":"C-FWSX","t":"B737"},"03C05":{"r":"C-FWSY","t":"B737"},"03C34":{"r":"C-FWUT","t":"CL30"},"03C44":{"r":"C-FWVJ","t":"B738"},"03CF1":{"r":"C-FXCA","t":"B763"},"03CFE":{"r":"C-FXCN","t":"CL60"},"03D5F":{"r":"C-FXGG","t":"B738"},"03E33":{"r":"C-FXOK","t":"CRJ2"},"03EAD":{"r":"C-FXTC","t":"C25B"},"03F02":{"r":"C-FXWJ","t":"B737"},"0407E":{"r":"C-FYKZ","t":"A343"},"04081":{"r":"C-FYLC","t":"B738"},"0410E":{"r":"C-FYQN","t":"B738"},"0410F":{"r":"C-FYQO","t":"B738"},"04170":{"r":"C-FYUH"},"043B4":{"r":"C-FZQP","t":"LJ35"},"045A5":{"r":"C-GAJS","t":"LJ35"},"045D6":{"r":"C-GALP","t":"CL60"},"04616":{"r":"C-GAOB","t":"CL60"},"04642":{"r":"C-GAPT","t":"C750"},"04645":{"r":"C-GAPW","t":"DH8C"},"046EC":{"r":"C-GAWH","t":"CL60"},"046F7":{"r":"C-GAWS","t":"B738"},"046F9":{"r":"C-GAWU","t":"C560"},"04716":{"r":"C-GAXX","t":"C750"},"04768":{"r":"C-GBBB","t":"CL60"},"0477E":{"r":"C-GBBX","t":"F900"},"047EB":{"r":"C-GBGC","t":"GLF5"},"04852":{"r":"C-GBKB","t":"CL60"},"04859":{"r":"C-GBKI","t":"B738"},"04953":{"r":"C-GBTY","t":"GLEX"},"0499B":{"r":"C-GBWS","t":"B736"},"049E8":{"r":"C-GBZR","t":"B763"},"04A51":{"r":"C-GCDS","t":"GLEX"},"04AD8":{"r":"C-GCIX","t":"H25B"},"04B0A":{"r":"C-GCKV","t":"DH8D"},"04B83":{"r":"C-GCPM","t":"GLF4"},"04BF1":{"r":"C-GCTS","t":"A333"},"04C00":{"r":"C-GCUH","t":"CL2T"},"04C04":{"r":"C-GCUL","t":"C750"},"04C36":{"r":"C-GCWJ","t":"B737"},"04CD8":{"r":"C-GDCP","t":"C680"},"04D06":{"r":"C-GDEJ","t":"B737"},"04D34":{"r":"C-GDGD","t":"PC12"},"04D41":{"r":"C-GDGQ"},"04D44":{"r":"C-GDGT","t":"B738"},"04D49":{"r":"C-GDGY","t":"B738"},"04DBB":{"r":"C-GDLI","t":"CL60"},"04E20":{"r":"C-GDPF","t":"GLEX"},"04E21":{"r":"C-GDPG","t":"GL5T"},"04E2A":{"r":"C-GDPP"},"04E86":{"r":"C-GDTD","t":"CRJ2"},"04EB6":{"r":"C-GDUZ","t":"B763"},"05004":{"r":"C-GEHV","t":"GL5T"},"0501E":{"r":"C-GEIV","t":"GLF4"},"05026":{"r":"C-GEJD","t":"LJ45"},"050A1":{"r":"C-GENW","t":"F2TH"},"050B5":{"r":"C-GEOQ","t":"B763"},"050B9":{"r":"C-GEOU","t":"B763"},"050BB":{"r":"C-GEOW","t":"PC12"},"050C5":{"r":"C-GEPG","t":"F2TH"},"0517E":{"r":"C-GEWJ","t":"B736"},"051A7":{"r":"C-GEXY"},"051D4":{"r":"C-GEZR","t":"B06"},"051E2":{"r":"C-GFAF","t":"A333"},"051E4":{"r":"C-GFAH","t":"A333"},"051E6":{"r":"C-GFAJ","t":"A333"},"051EC":{"r":"C-GFAP","t":"GL5T"},"051F0":{"r":"C-GFAT","t":"A310"},"05212":{"r":"C-GFCB","t":"CL60"},"052A4":{"r":"C-GFHR","t":"CL30"},"052BB":{"r":"C-GFIO","t":"CRJ2"},"053D6":{"r":"C-GFTL","t":"CL60"},"053F6":{"r":"C-GFUR","t":"A333"},"054A6":{"r":"C-GGBL","t":"CL60"},"055AD":{"r":"C-GGLO","t":"GL5T"},"05655":{"r":"C-GGSA","t":"GL5T"},"05681":{"r":"C-GGTS","t":"A332"},"056C4":{"r":"C-GGWH","t":"CL60"},"056C6":{"r":"C-GGWJ","t":"B737"},"0576B":{"r":"C-GHCS","t":"GLEX"},"057C3":{"r":"C-GHGC","t":"CL60"},"0583A":{"r":"C-GHKR","t":"A333"},"0583F":{"r":"C-GHKW","t":"A333"},"05840":{"r":"C-GHKX","t":"A333"},"05841":{"r":"C-GHKY","t":"CL60"},"05843":{"r":"C-GHLA","t":"B763"},"0584D":{"r":"C-GHLK","t":"B763"},"0584F":{"r":"C-GHLM","t":"A333"},"05853":{"r":"C-GHLQ","t":"B763"},"05856":{"r":"C-GHLT","t":"B763"},"05857":{"r":"C-GHLU","t":"B763"},"05858":{"r":"C-GHLV","t":"B763"},"05868":{"r":"C-GHML","t":"CL60"},"05873":{"r":"C-GHMW","t":"CL60"},"058AA":{"r":"C-GHOZ","t":"B763"},"058AE":{"r":"C-GHPD","t":"B763"},"058AF":{"r":"C-GHPE","t":"B763"},"058B0":{"r":"C-GHPF","t":"B763"},"058B2":{"r":"C-GHPH","t":"B763"},"058B8":{"r":"C-GHPN","t":"B763"},"058BB":{"r":"C-GHPQ","t":"B788"},"058BE":{"r":"C-GHPT","t":"B788"},"058BF":{"r":"C-GHPU","t":"B788"},"058C0":{"r":"C-GHPV","t":"B788"},"058C1":{"r":"C-GHPW","t":"C130"},"058C2":{"r":"C-GHPX","t":"B788"},"058C3":{"r":"C-GHPY","t":"B788"},"058CB":{"r":"C-GHQG","t":"BE30"},"058D5":{"r":"C-GHQQ","t":"B788"},"058DD":{"r":"C-GHQY","t":"B788"},"05948":{"r":"C-GHVB","t":"GL5T"},"059E2":{"r":"C-GIAZ","t":"CRJ9"},"059F1":{"r":"C-GIBO","t":"CRJ9"},"059F7":{"r":"C-GIBU","t":"H25B"},"05AAC":{"r":"C-GIIT","t":"CL60"},"05B66":{"r":"C-GIPX","t":"F900"},"05B68":{"r":"C-GIPZ","t":"CL30"},"05B87":{"r":"C-GIRE","t":"LJ35"},"05BC6":{"r":"C-GITP","t":"A319"},"05BC8":{"r":"C-GITR","t":"A319"},"05BC9":{"r":"C-GITS","t":"A332"},"05C01":{"r":"C-GIVW","t":"CRJ2"},"05C13":{"r":"C-GIWO","t":"LJ35"},"05C1E":{"r":"C-GIWZ","t":"C750"},"05CA2":{"r":"C-GJCB","t":"GL5T"},"05CB9":{"r":"C-GJCY","t":"LJ45"},"05CDD":{"r":"C-GJEI","t":"CL30"},"05D71":{"r":"C-GJKA","t":"GL5T"},"05D79":{"r":"C-GJKI","t":"C680"},"05D8C":{"r":"C-GJLB","t":"FA50"},"05DF9":{"r":"C-GJPG","t":"F900"},"05EBB":{"r":"C-GJWS","t":"B738"},"05EFA":{"r":"C-GJZD","t":"B752"},"05EFE":{"r":"C-GJZH","t":"B752"},"05F01":{"r":"C-GJZK","t":"B752"},"05F0C":{"r":"C-GJZV","t":"B752"},"05F0E":{"r":"C-GJZX","t":"B752"},"05F85":{"r":"C-GKEM","t":"CRJ2"},"05F8A":{"r":"C-GKER","t":"CRJ2"},"05FBA":{"r":"C-GKGN","t":"CL60"},"06084":{"r":"C-GKOH","t":"GLEX"},"0610D":{"r":"C-GKTO","t":"CL60"},"06111":{"r":"C-GKTS","t":"A333"},"06123":{"r":"C-GKUK","t":"DH8D"},"0614D":{"r":"C-GKWA","t":"B738"},"06156":{"r":"C-GKWJ","t":"B738"},"061C8":{"r":"C-GLAT","t":"A310"},"061D0":{"r":"C-GLBB","t":"F900"},"061D5":{"r":"C-GLBG","t":"C172"},"061E5":{"r":"C-GLBW","t":"B738"},"061E9":{"r":"C-GLCA","t":"B763"},"06249":{"r":"C-GLFS","t":"DH8D"},"0624C":{"r":"C-GLFV","t":"GLF5"},"06297":{"r":"C-GLIS","t":"EC25"},"062FB":{"r":"C-GLMO","t":"PA46"},"06312":{"r":"C-GLNL","t":"LJ35"},"0632A":{"r":"C-GLOJ","t":"CL60"},"063C8":{"r":"C-GLUL","t":"GLEX"},"063F4":{"r":"15002","t":"A310"},"06400":{"r":"C-GLWP","t":"R44"},"0640D":{"r":"C-GLXC","t":"F900"},"0648B":{"r":"C-GMBY","t":"CL60"},"0649C":{"r":"C-GMCP","t":"LJ45"},"0650C":{"r":"C-GMGX","t":"FA7X"},"0657E":{"r":"C-GMLH","t":"F900"},"06599":{"r":"C-GMMI","t":"CL60"},"065AD":{"r":"C-GMNC","t":"C750"},"065EB":{"r":"C-GMPM","t":"PC12"},"0661E":{"r":"C-GMRL","t":"CL60"},"0661F":{"r":"C-GMRM","t":"B60T"},"0669E":{"r":"C-GMWJ","t":"B737"},"066D0":{"r":"C-GMYH","t":"B752"},"06732":{"r":"C-GNCB","t":"GLEX"},"06736":{"r":"C-GNCF","t":"DH8C"},"06758":{"r":"C-GNDN","t":"GLF5"},"068B9":{"r":"C-GNRC","t":"CL60"},"06921":{"r":"C-GNVC","t":"CRJ2"},"069A2":{"r":"C-GOAB","t":"F2TH"},"069A7":{"r":"C-GOAG","t":"F900"},"06A39":{"r":"C-GOFW","t":"B738"},"06A58":{"r":"C-GOHB","t":"F2TH"},"06A5D":{"r":"C-GOHG","t":"CL60"},"06A7C":{"r":"C-GOIL","t":"FA50"},"06B0B":{"r":"C-GONY","t":"DH8A"},"06BE3":{"r":"C-GOWG","t":"B738"},"06C58":{"r":"C-GPAT","t":"A310"},"06C92":{"r":"C-GPCZ","t":"CL30"},"06C9C":{"r":"C-GPDJ","t":"PC12"},"06CA3":{"r":"C-GPDQ","t":"CL30"},"06CC9":{"r":"C-GPFC","t":"CL60"},"06CE4":{"r":"C-GPGD","t":"CL60"},"06DD3":{"r":"C-GPPI","t":"GL5T"},"06DE2":{"r":"C-GPPX","t":"GLEX"},"06E45":{"r":"C-GPTS","t":"A332"},"06E93":{"r":"C-GPWS","t":"B736"},"0706F":{"r":"C-GQPA","t":"CL60"},"0712E":{"r":"C-GQWJ","t":"B737"},"07195":{"r":"C-GRAI","t":"DH8C"},"071B6":{"r":"C-GRBP","t":"FA10"},"071C0":{"r":"C-GRBZ","t":"LJ60"},"071D9":{"r":"C-GRCY","t":"CL30"},"0721D":{"r":"C-GRFO","t":"LJ35"},"07235":{"r":"C-GRGM","t":"FA7X"},"07292":{"r":"C-GRKB","t":"B738"},"0733D":{"r":"C-GRQQ","t":"C560"},"0737C":{"r":"C-GRTB","t":"CL60"},"073E2":{"r":"C-GRWZ","t":"B738"},"07440":{"r":"C-GSAP","t":"GLEX"},"07444":{"r":"C-GSAT","t":"A310"},"07465":{"r":"C-GSCA","t":"B763"},"0749B":{"r":"C-GSEC","t":"F2TH"},"0755A":{"r":"C-GSLL","t":"CRJ2"},"07563":{"r":"C-GSLU","t":"F2TH"},"0757A":{"r":"C-GSMR","t":"F2TH"},"07625":{"r":"C-GSTG","t":"CL60"},"07646":{"r":"C-GSUN","t":"CL30"},"07650":{"r":"C-GSUX","t":"C750"},"07676":{"r":"C-GSWJ","t":"B737"},"076A5":{"r":"C-GSYE","t":"CL2T"},"076F0":{"r":"C-GTBB","t":"B752"},"07727":{"r":"C-GTDE","t":"LJ35"},"0772A":{"r":"C-GTDH","t":"A320"},"07731":{"r":"C-GTDO","t":"ASTR"},"07732":{"r":"C-GTDP","t":"A320"},"07735":{"r":"C-GTDS","t":"BE30"},"077CD":{"r":"C-GTJO","t":"CL60"},"077F3":{"r":"C-GTLA","t":"F900"},"077F8":{"r":"C-GTLF","t":"CRJ1"},"07866":{"r":"C-GTPL","t":"F2TH"},"07895":{"r":"C-GTRG","t":"C25A"},"0789A":{"r":"C-GTRL","t":"GALX"},"078AC":{"r":"C-GTSD","t":"A310"},"078AE":{"r":"C-GTSF","t":"A310"},"078B0":{"r":"C-GTSH","t":"A310"},"078B1":{"r":"C-GTSI","t":"A310"},"078B2":{"r":"C-GTSJ","t":"A332"},"078B3":{"r":"C-GTSK","t":"A310"},"078B6":{"r":"C-GTSN","t":"A332"},"078B7":{"r":"C-GTSO","t":"A333"},"078BA":{"r":"C-GTSR","t":"A332"},"078BF":{"r":"C-GTSW","t":"A310"},"078C0":{"r":"C-GTSX","t":"A310"},"078C1":{"r":"C-GTSY","t":"A310"},"078C2":{"r":"C-GTSZ","t":"A332"},"078FC":{"r":"C-GTVF","t":"B738"},"078FD":{"r":"C-GTVG","t":"B738"},"0797B":{"r":"C-GUAC","t":"LJ35"},"0798F":{"r":"C-GUAW","t":"CL2T"},"07A6E":{"r":"C-GUJL","t":"DH8D"},"07B3C":{"r":"C-GURJ","t":"CL60"},"07BBE":{"r":"C-GUWJ","t":"B737"},"07C2D":{"r":"C-GVAQ","t":"DHC6"},"07C30":{"r":"C-GVAT","t":"A310"},"07C7D":{"r":"C-GVDS","t":"BE30"},"07CB9":{"r":"C-GVGA","t":"B190"},"07E46":{"r":"C-GVVH","t":"B738"},"07E59":{"r":"C-GVWA","t":"B738"},"07E62":{"r":"C-GVWJ","t":"B737"},"07EE6":{"r":"C-GWBL","t":"B738"},"07EE8":{"r":"C-GWBN","t":"B737"},"07EEE":{"r":"C-GWBT","t":"B737"},"07EF2":{"r":"C-GWBX","t":"B737"},"07F01":{"r":"C-GWCM","t":"B737"},"07F02":{"r":"C-GWCN","t":"B737"},"07F05":{"r":"C-GWCQ","t":"B736"},"07F08":{"r":"C-GWCT","t":"B736"},"07F0D":{"r":"C-GWCY","t":"B736"},"07F4F":{"r":"C-GWFM","t":"FA50"},"07F7C":{"r":"C-GWHF","t":"GLEX"},"07FAF":{"r":"C-GWJE","t":"B737"},"07FB0":{"r":"C-GWJF","t":"B737"},"07FB1":{"r":"C-GWJG","t":"B737"},"07FB5":{"r":"C-GWJK","t":"B737"},"07FB9":{"r":"C-GWJO","t":"B737"},"07FBE":{"r":"C-GWJT","t":"B737"},"07FBF":{"r":"C-GWJU","t":"B736"},"07FE7":{"r":"C-GWLI","t":"CL60"},"07FEA":{"r":"C-GWLL","t":"CL60"},"08081":{"r":"C-GWRG","t":"B738"},"08095":{"r":"C-GWSA","t":"B738"},"08096":{"r":"C-GWSB","t":"B736"},"0809D":{"r":"C-GWSI","t":"B736"},"0809E":{"r":"C-GWSJ","t":"B736"},"0809F":{"r":"C-GWSK","t":"B736"},"080A0":{"r":"C-GWSL","t":"B736"},"080A2":{"r":"C-GWSN","t":"B737"},"080A3":{"r":"C-GWSO","t":"B737"},"080A4":{"r":"C-GWSP","t":"B737"},"080A5":{"r":"C-GWSQ","t":"B737"},"080A6":{"r":"C-GWSR","t":"B738"},"080A9":{"r":"C-GWSU","t":"B737"},"080AA":{"r":"C-GWSV","t":"B738"},"080AC":{"r":"C-GWSX","t":"B738"},"080AD":{"r":"C-GWSY","t":"B737"},"080AE":{"r":"C-GWSZ","t":"B738"},"08106":{"r":"C-GWWJ","t":"B738"},"08113":{"r":"C-GWWW","t":"CRJ2"},"08180":{"r":"C-GXBB","t":"FA50"},"082CD":{"r":"C-GXNW","t":"G150"},"08304":{"r":"C-GXPZ","t":"CL60"},"08391":{"r":"C-GXVK","t":"G150"},"083AA":{"r":"C-GXWJ","t":"B736"},"0864E":{"r":"C-GYWJ","t":"B737"},"0884A":{"r":"C-GZPX","t":"CL60"},"088C1":{"r":"C-GZUM","t":"CL60"},"088FB":{"r":"C-GZWS","t":"B738"},"2AE91":{"r":"130305","t":"C130"},"2AE9B":{"r":"130306","t":"C130"},"2AEA5":{"r":"130307","t":"C130"},"2AEFF":{"r":"130319","t":"C130"},"2AF09":{"r":"130320","t":"C130"},"2AF27":{"r":"130325","t":"C130"},"2AF3B":{"r":"130327","t":"C130"},"2AF59":{"r":"130333","t":"C130"},"2AF63":{"r":"130334","t":"C130"},"2AF6D":{"r":"130335","t":"C130"},"2AF95":{"r":"130340","t":"C130"},"2AF9F":{"r":"130341","t":"C130"},"2AFA9":{"r":"130342","t":"C130"},"2AFB3":{"r":"130343","t":"C130"},"2AFBD":{"r":"130344","t":"C130"},"2AFC7":{"r":"177702","t":"C17"},"2B355":{"r":"15001","t":"A310"},"2B35F":{"r":"15002","t":"A310"},"2B369":{"r":"144617","t":"CL60"},"2B373":{"r":"144618","t":"CL60"},"2B37D":{"r":"15005","t":"A310"},"2B380":{"r":"144614","t":"CL60"},"2B39B":{"r":"144614","t":"CL60"},"2B3A5":{"r":"144615","t":"CL60"},"2B3AF":{"r":"144616","t":"CL60"},"2B3B9":{"r":"15003","t":"A310"},"2B3C3":{"r":"15004","t":"A310"},"2B3D7":{"r":"177701","t":"C17"},"2B3EB":{"r":"177703","t":"C17"},"2B3F5":{"r":"177704","t":"C17"},"2B3FF":{"r":"177705","t":"C17"},"2B52B":{"r":"130601","t":"C30J"},"2B535":{"r":"130602","t":"C30J"},"2B53F":{"r":"130603","t":"C30J"},"2B549":{"r":"130604","t":"C30J"},"2B553":{"r":"130605","t":"C30J"},"2B55D":{"r":"130606","t":"C30J"},"2B567":{"r":"130607","t":"C30J"},"2B571":{"r":"130608","t":"C30J"},"2B57B":{"r":"130609","t":"C30J"},"2B58F":{"r":"130611","t":"C30J"},"2B599":{"r":"130612","t":"C30J"},"2B5A3":{"r":"130613","t":"C30J"},"3C361":{"r":"ZA299","t":"S61"},"80D6A":{"r":"ZK-NBT","t":"B744"},"80E65":{"r":"ZK-NBU","t":"B744"},"80EA9":{"r":"ZK-NCG","t":"B763"},"80FAA":{"r":"ZK-NCI","t":"B763"},"8101F":{"r":"ZK-NCJ","t":"B763"},"81053":{"r":"ZK-SUH","t":"B744"},"810A7":{"r":"ZK-SUI","t":"B744"},"81238":{"r":"ZK-NCK","t":"B763"},"81239":{"r":"ZK-NCL","t":"B763"},"81370":{"r":"ZK-NBV","t":"B744"},"813B9":{"r":"ZK-SUJ","t":"B744"},"81401":{"r":"ZK-NGE","t":"B733"},"81418":{"r":"ZK-NBW","t":"B744"},"814A1":{"r":"ZK-PVB","t":"AC90"},"8169D":{"r":"ZK-OJA","t":"A320"},"8169E":{"r":"ZK-OJB","t":"A320"},"8169F":{"r":"ZK-OJC","t":"A320"},"816BF":{"r":"ZK-OJD","t":"A320"},"816DC":{"r":"ZK-OJE","t":"A320"},"816DD":{"r":"ZK-OJF","t":"A320"},"816FA":{"r":"ZK-KFB","t":"GLF4"},"81708":{"r":"ZK-OJG","t":"A320"},"81771":{"r":"ZK-PBA","t":"B738"},"81772":{"r":"ZK-PBB","t":"B738"},"8178B":{"r":"ZK-OJH","t":"A320"},"8178C":{"r":"ZK-OJI","t":"A320"},"817CC":{"r":"ZK-PBD","t":"B738"},"81814":{"r":"ZK-DRB","t":"C182"},"81845":{"r":"ZK-OJK","t":"A320"},"8186E":{"r":"ZK-OJM","t":"A320"},"8187E":{"r":"ZK-OKA","t":"B772"},"8187F":{"r":"ZK-OKB","t":"B772"},"81880":{"r":"ZK-OKC","t":"B772"},"81881":{"r":"ZK-OKD","t":"B772"},"81882":{"r":"ZK-OKE","t":"B772"},"81883":{"r":"ZK-OKF","t":"B772"},"81884":{"r":"ZK-OKG","t":"B772"},"81885":{"r":"ZK-OKH","t":"B772"},"818AC":{"r":"ZK-MOH","t":"AC90"},"818F2":{"r":"ZK-OJO","t":"A320"},"818FE":{"r":"ZK-OJN","t":"A320"},"81936":{"r":"ZK-PBF","t":"B738"},"81B20":{"r":"ZK-PBG","t":"B738"},"81B21":{"r":"ZK-PBJ","t":"B738"},"81B49":{"r":"ZK-RGB"},"81B71":{"r":"ZK-MOT","t":"C510"},"81B8A":{"r":"ZK-PBI","t":"B738"},"81C16":{"r":"ZK-PBL","t":"B738"},"81C17":{"r":"ZK-PBK","t":"B738"},"81C3B":{"r":"ZK-PBM","t":"B738"},"81CF6":{"r":"ZK-ZQA","t":"B738"},"81CF7":{"r":"ZK-ZQB","t":"B738"},"81CF8":{"r":"ZK-ZQC","t":"B738"},"81D7E":{"r":"ZK-OKM","t":"B77W"},"81D80":{"r":"ZK-OKN","t":"B77W"},"81D82":{"r":"ZK-OKO","t":"B77W"},"81D94":{"r":"ZK-KFB","t":"GLF5"},"81DD5":{"r":"ZK-ZQF","t":"B738"},"81DD6":{"r":"ZK-ZQD","t":"B738"},"81DD7":{"r":"ZK-ZQE","t":"B738"},"81DF4":{"r":"ZK-ZQG","t":"B738"},"81DF5":{"r":"ZK-ZQH","t":"B738"},"81E05":{"r":"ZK-OKP","t":"B77W"},"81E22":{"r":"ZK-OKQ","t":"B77W"},"8200C":{"r":"ZK-KCE","t":"P750"},"820E5":{"r":"ZK-KFB","t":"GLF6"},"820F2":{"r":"ZK-OKR","t":"B77W"},"8215F":{"r":"ZK-OKS","t":"B77W"},"87F00":{"r":"NZ7571","t":"B752"},"87F01":{"r":"NZ7572","t":"B752"},"88003":{"r":"DQ-FJM","t":"B738"},"90001":{"r":"YJ-AV1","t":"B738"}}